Unity Editor version:    6000.0.64f1 (5360b7cd7953)
Branch:                  6000.0/respin/6000.0.64f1-d4299b69b02d
Build type:              Release
Batch mode:              YES
macOS version:           Version 26.2 (Build 25C56)
Darwin version:          25.2.0
Architecture:            arm64
Running under Rosetta:   NO
Available memory:        8192 MB
[Licensing::Module] Trying to connect to existing licensing client channel...
[Licensing::IpcConnector] Successfully connected to: "LicenseClient-mariusss" at "2026-01-11T11:15:09.001373Z"
[Licensing::Client] Code 1 while verifying Licensing Client signature (process Id: 50250, path: "/Applications/Unity/Hub/Editor/6000.0.64f1/Unity.app/Contents/Frameworks/UnityLicensingClient.app/Contents/MacOS/Unity.Licensing.Client")
[Licensing::Module] LicensingClient has failed validation; ignoring
[Licensing::Client] Handshaking with LicensingClient:
  Version:                 1.17.4+4293ba1
  Session Id:              7b48d4d3ff4e44bf9d1699a7e904c0fe
  Correlation Id:          6ea60d14490ef771a61b362e9547163d
  External correlation Id: 7702702105907349969
  Machine Id:              2E0TRFFZj8s8JGZ0H4/TWPLrrsQ=
[Licensing::Module] Successfully connected to LicensingClient on channel: "LicenseClient-mariusss" (connect: 0.00s, validation: 0.01s, handshake: 0.04s)
[Licensing::IpcConnector] Successfully connected to: "LicenseClient-mariusss-notifications" at "2026-01-11T11:15:09.050141Z"
[Licensing::Module] Licensing Background thread has ended after 0.05s

COMMAND LINE ARGUMENTS:
/Applications/Unity/Hub/Editor/6000.0.64f1/Unity.app/Contents/MacOS/Unity
-adb2
-batchMode
-noUpm
-name
AssetImportWorker0
-projectPath
/Users/mariusss/Coding/IMR_RAFTING_2025/RaftingProject
-logFile
Logs/AssetImportWorker0.log
-srvPort
57259
-licensingIpc
LicenseClient-mariusss
-job-worker-count
3
-background-job-worker-count
8
-gc-helper-count
1
-name AssetImport
Successfully changed project path to: /Users/mariusss/Coding/IMR_RAFTING_2025/RaftingProject
/Users/mariusss/Coding/IMR_RAFTING_2025/RaftingProject
[UnityMemory] Configuration Parameters - Can be set up in boot.config
    "memorysetup-bucket-allocator-granularity=16"
    "memorysetup-bucket-allocator-bucket-count=8"
    "memorysetup-bucket-allocator-block-size=33554432"
    "memorysetup-bucket-allocator-block-count=8"
    "memorysetup-main-allocator-block-size=16777216"
    "memorysetup-thread-allocator-block-size=16777216"
    "memorysetup-gfx-main-allocator-block-size=16777216"
    "memorysetup-gfx-thread-allocator-block-size=16777216"
    "memorysetup-cache-allocator-block-size=4194304"
    "memorysetup-typetree-allocator-block-size=2097152"
    "memorysetup-profiler-bucket-allocator-granularity=16"
    "memorysetup-profiler-bucket-allocator-bucket-count=8"
    "memorysetup-profiler-bucket-allocator-block-size=33554432"
    "memorysetup-profiler-bucket-allocator-block-count=8"
    "memorysetup-profiler-allocator-block-size=16777216"
    "memorysetup-profiler-editor-allocator-block-size=1048576"
    "memorysetup-temp-allocator-size-main=16777216"
    "memorysetup-job-temp-allocator-block-size=2097152"
    "memorysetup-job-temp-allocator-block-size-background=1048576"
    "memorysetup-job-temp-allocator-reduction-small-platforms=262144"
    "memorysetup-allocator-temp-initial-block-size-main=262144"
    "memorysetup-allocator-temp-initial-block-size-worker=262144"
    "memorysetup-temp-allocator-size-background-worker=32768"
    "memorysetup-temp-allocator-size-job-worker=262144"
    "memorysetup-temp-allocator-size-preload-manager=33554432"
    "memorysetup-temp-allocator-size-nav-mesh-worker=65536"
    "memorysetup-temp-allocator-size-audio-worker=65536"
    "memorysetup-temp-allocator-size-cloud-worker=32768"
    "memorysetup-temp-allocator-size-gi-baking-worker=262144"
    "memorysetup-temp-allocator-size-gi-baking-worker=262144"
    "memorysetup-temp-allocator-size-gi-baking-worker=262144"
    "memorysetup-temp-allocator-size-gi-baking-worker=262144"
    "memorysetup-temp-allocator-size-gi-baking-worker=262144"
    "memorysetup-temp-allocator-size-gfx=262144"
Player connection [8688495680]  Target information:

Player connection [8688495680]  * "[IP] 172.20.10.5 [Port] 0 [Flags] 2 [Guid] 3031174765 [EditorId] 3031174765 [Version] 1048832 [Id] OSXEditor(0,Mariuss-MARVELOUS-MacBook-Pro.local) [Debug] 1 [PackageName] OSXEditor [ProjectName] Editor" 

Player connection [8688495680]  * "[IP] 10.211.55.2 [Port] 0 [Flags] 2 [Guid] 3031174765 [EditorId] 3031174765 [Version] 1048832 [Id] OSXEditor(0,Mariuss-MARVELOUS-MacBook-Pro.local) [Debug] 1 [PackageName] OSXEditor [ProjectName] Editor" 

Player connection [8688495680]  * "[IP] 10.37.129.2 [Port] 0 [Flags] 2 [Guid] 3031174765 [EditorId] 3031174765 [Version] 1048832 [Id] OSXEditor(0,Mariuss-MARVELOUS-MacBook-Pro.local) [Debug] 1 [PackageName] OSXEditor [ProjectName] Editor" 

Player connection [8688495680] Host joined multi-casting on [225.0.0.222:54997]...
Player connection [8688495680] Host joined alternative multi-casting on [225.0.0.222:34997]...
JobSystem: Creating JobQueue using job-worker-count value 3
Input System module state changed to: Initialized.
[Physics::Module] Initialized fallback backend.
[Physics::Module] Id: 0xdecafbad
Library Redirect Path: Library/
[Physics::Module] Selected backend.
[Physics::Module] Name: PhysX
[Physics::Module] Id: 0xf2b8ea05
[Physics::Module] SDK Version: 4.1.2
[Physics::Module] Integration Version: 1.0.0
[Physics::Module] Threading Mode: Multi-Threaded
Refreshing native plugins compatible for Editor in 14.75 ms, found 10 plugins.
Preloading 1 native plugins for Editor in 6.41 ms.
Initialize engine version: 6000.0.64f1 (5360b7cd7953)
[Subsystems] Discovering subsystems at path /Applications/Unity/Hub/Editor/6000.0.64f1/Unity.app/Contents/Resources/UnitySubsystems
[Subsystems] Discovering subsystems at path /Users/mariusss/Coding/IMR_RAFTING_2025/RaftingProject/Assets
GfxDevice: creating device client; kGfxThreadingModeNonThreaded
 preferred device: Apple M1 (high power)
Metal devices available: 1
0: Apple M1 (high power)
Using device Apple M1 (high power)
Initializing Metal device caps: Apple M1
Initialize mono
Mono path[0] = '/Applications/Unity/Hub/Editor/6000.0.64f1/Unity.app/Contents/Managed'
Mono path[1] = '/Applications/Unity/Hub/Editor/6000.0.64f1/Unity.app/Contents/MonoBleedingEdge/lib/mono/unityjit-macos'
Mono config path = '/Applications/Unity/Hub/Editor/6000.0.64f1/Unity.app/Contents/MonoBleedingEdge/etc'
Using monoOptions --debugger-agent=transport=dt_socket,embedding=1,server=y,suspend=n,address=127.0.0.1:56803
Begin MonoManager ReloadAssembly
Registering precompiled unity dll's ...
Register platform support module: /Applications/Unity/Hub/Editor/6000.0.64f1/Unity.app/Contents/PlaybackEngines/MacStandaloneSupport/UnityEditor.OSXStandalone.Extensions.dll
Registered in 0.001435 seconds.
- Loaded All Assemblies, in  0.336 seconds
Native extension for OSXStandalone target not found
Mono: successfully reloaded assembly
- Finished resetting the current domain, in  0.281 seconds
Domain Reload Profiling: 617ms
	BeginReloadAssembly (126ms)
		ExecutionOrderSort (0ms)
		DisableScriptedObjects (0ms)
		BackupInstance (0ms)
		ReleaseScriptingObjects (0ms)
		CreateAndSetChildDomain (1ms)
	RebuildCommonClasses (32ms)
	RebuildNativeTypeToScriptingClass (10ms)
	initialDomainReloadingComplete (48ms)
	LoadAllAssembliesAndSetupDomain (120ms)
		LoadAssemblies (126ms)
		RebuildTransferFunctionScriptingTraits (0ms)
		AnalyzeDomain (116ms)
			TypeCache.Refresh (115ms)
				TypeCache.ScanAssembly (102ms)
			BuildScriptInfoCaches (0ms)
			ResolveRequiredComponents (0ms)
	FinalizeReload (281ms)
		ReleaseScriptCaches (0ms)
		RebuildScriptCaches (0ms)
		SetupLoadedEditorAssemblies (232ms)
			LogAssemblyErrors (0ms)
			InitializePlatformSupportModulesInManaged (30ms)
			SetLoadedEditorAssemblies (5ms)
			BeforeProcessingInitializeOnLoad (49ms)
			ProcessInitializeOnLoadAttributes (95ms)
			ProcessInitializeOnLoadMethodAttributes (55ms)
			AfterProcessingInitializeOnLoad (0ms)
			EditorAssembliesLoaded (0ms)
		ExecutionOrderSort2 (0ms)
		AwakeInstancesAfterBackupRestoration (0ms)
[CoreBusinessMetrics] Unexpected thread when updating session info.
========================================================================
Worker process is ready to serve import requests
Import Worker Mode flag is 0x00
Begin MonoManager ReloadAssembly
[Licensing::Client] Successfully resolved entitlement details
[Licensing::Module] License group:
  Id: 7972505231527-UnityPersXXXX
  Product: Unity Personal
  Type: Assigned
  Expiration: Unlimited
- Loaded All Assemblies, in  0.951 seconds
'Packages/com.unity.render-pipelines.high-definition/Editor/Wizard/HDWizard.UIElement.cs' contains partial class of Unity.Object, exactly 1 of the partial classes needs to be in a file with the same filename. This is to know the one that can be referenced from ie. GameObjects
'Packages/com.unity.render-pipelines.high-definition/Editor/Wizard/HDWizard.Configuration.cs' contains partial class of Unity.Object, exactly 1 of the partial classes needs to be in a file with the same filename. This is to know the one that can be referenced from ie. GameObjects
'Packages/com.unity.render-pipelines.high-definition/Editor/Wizard/HDWizard.Window.cs' contains partial class of Unity.Object, exactly 1 of the partial classes needs to be in a file with the same filename. This is to know the one that can be referenced from ie. GameObjects
Refreshing native plugins compatible for Editor in 33.40 ms, found 10 plugins.
Native extension for OSXStandalone target not found
Package Manager log level set to [2]
[Package Manager] Failed to launch server process. Reason: Unity was launched with the -noUpm command-line argument
[Package Manager] Unable to send message (not connected to server process).
[Package Manager] Cannot connect to Unity Package Manager local server
[MODES] ModeService[none].Initialize
[MODES] ModeService[none].LoadModes
[MODES] Loading mode Default (0) for mode-current-id-RaftingProject
Mono: successfully reloaded assembly
[Package Manager] Failed to launch server process. Reason: Unity was launched with the -noUpm command-line argument
[Package Manager] Unable to send message (not connected to server process).
[Package Manager] Cannot connect to Unity Package Manager local server
[Package Manager] Failed to launch server process. Reason: Unity was launched with the -noUpm command-line argument
[Package Manager] Unable to send message (not connected to server process).
[Package Manager] Cannot connect to Unity Package Manager local server
- Finished resetting the current domain, in  1.401 seconds
Domain Reload Profiling: 2348ms
	BeginReloadAssembly (132ms)
		ExecutionOrderSort (0ms)
		DisableScriptedObjects (6ms)
		BackupInstance (0ms)
		ReleaseScriptingObjects (0ms)
		CreateAndSetChildDomain (21ms)
	RebuildCommonClasses (44ms)
	RebuildNativeTypeToScriptingClass (11ms)
	initialDomainReloadingComplete (28ms)
	LoadAllAssembliesAndSetupDomain (730ms)
		LoadAssemblies (372ms)
		RebuildTransferFunctionScriptingTraits (0ms)
		AnalyzeDomain (410ms)
			TypeCache.Refresh (294ms)
				TypeCache.ScanAssembly (262ms)
			BuildScriptInfoCaches (102ms)
			ResolveRequiredComponents (10ms)
	FinalizeReload (1402ms)
		ReleaseScriptCaches (0ms)
		RebuildScriptCaches (0ms)
		SetupLoadedEditorAssemblies (1062ms)
			LogAssemblyErrors (0ms)
			InitializePlatformSupportModulesInManaged (3ms)
			SetLoadedEditorAssemblies (7ms)
			BeforeProcessingInitializeOnLoad (134ms)
			ProcessInitializeOnLoadAttributes (629ms)
			ProcessInitializeOnLoadMethodAttributes (287ms)
			AfterProcessingInitializeOnLoad (1ms)
			EditorAssembliesLoaded (1ms)
		ExecutionOrderSort2 (0ms)
		AwakeInstancesAfterBackupRestoration (4ms)
WARNING: Shader Unsupported: 'HDRP/TerrainLit' - All subshaders removed
WARNING: Shader Did you use #pragma only_renderers and omit this platform?
WARNING: Shader If subshaders removal was intentional, you may have forgotten turning Fallback off?
WARNING: Shader Unsupported: 'HDRP/TerrainLit' - All subshaders removed
WARNING: Shader Did you use #pragma only_renderers and omit this platform?
WARNING: Shader If subshaders removal was intentional, you may have forgotten turning Fallback off?
WARNING: Shader Unsupported: 'Universal Render Pipeline/VR/SpatialMapping/Wireframe' - All subshaders removed
WARNING: Shader Did you use #pragma only_renderers and omit this platform?
WARNING: Shader If subshaders removal was intentional, you may have forgotten turning Fallback off?
WARNING: Shader Unsupported: 'Universal Render Pipeline/VR/SpatialMapping/Wireframe' - All subshaders removed
WARNING: Shader Did you use #pragma only_renderers and omit this platform?
WARNING: Shader If subshaders removal was intentional, you may have forgotten turning Fallback off?
Launching external process: /Applications/Unity/Hub/Editor/6000.0.64f1/Unity.app/Contents/Tools/UnityShaderCompiler
Launched and connected shader compiler UnityShaderCompiler after 0.56 seconds
Refreshing native plugins compatible for Editor in 14.51 ms, found 10 plugins.
Preloading 1 native plugins for Editor in 1.41 ms.
Unloading 173 Unused Serialized files (Serialized files now loaded: 0)
Unloading 9399 unused Assets / (19.5 MB). Loaded Objects now: 10128.
Memory consumption went from 206.2 MB to 186.7 MB.
Total: 99.715792 ms (FindLiveObjects: 19.505792 ms CreateObjectMapping: 3.011042 ms MarkObjects: 44.528417 ms  DeleteObjects: 32.667625 ms)

========================================================================
Received Import Request.
  Time since last request: 375150.583776 seconds.
  path: Assets/Scripts/SimpleBoat.cs
  artifactKey: Guid(0b2b07ff5e4850349b16f16856be1b73) Importer(815301076,1909f56bfc062723c751e8b465ee728b)
Start importing Assets/Scripts/SimpleBoat.cs using Guid(0b2b07ff5e4850349b16f16856be1b73) Importer(815301076,1909f56bfc062723c751e8b465ee728b) (PreviewImporter) -> (artifact id: '32f3c52eb7ee043c4ed3c06dbddd7e5f') in 0.014591083 seconds
Number of updated asset objects reloaded before import = 0Number of asset objects unloaded after import = 0

========================================================================
Received Import Request.
  Time since last request: 0.000069 seconds.
  path: Assets/Scripts/SafeDirectInteractor.cs
  artifactKey: Guid(f76c4f5ea63d8484396a95b301fb6a4e) Importer(815301076,1909f56bfc062723c751e8b465ee728b)
Start importing Assets/Scripts/SafeDirectInteractor.cs using Guid(f76c4f5ea63d8484396a95b301fb6a4e) Importer(815301076,1909f56bfc062723c751e8b465ee728b) (PreviewImporter) -> (artifact id: 'c67abc690caf81035b7f7c4175bd1b92') in 0.001121458 seconds
Number of updated asset objects reloaded before import = 0Number of asset objects unloaded after import = 0

========================================================================
Received Import Request.
  Time since last request: 0.000058 seconds.
  path: Assets/Scripts
  artifactKey: Guid(a2756c2f5a552482db70b7eb42f746a9) Importer(815301076,1909f56bfc062723c751e8b465ee728b)
Start importing Assets/Scripts using Guid(a2756c2f5a552482db70b7eb42f746a9) Importer(815301076,1909f56bfc062723c751e8b465ee728b) (PreviewImporter) -> (artifact id: 'd7f893b26816116fb553f5e5c00d8abe') in 0.000428958 seconds
Number of updated asset objects reloaded before import = 0Number of asset objects unloaded after import = 0

========================================================================
Received Import Request.
  Time since last request: 0.005423 seconds.
  path: Assets/Scripts/ActionBasedController.cs
  artifactKey: Guid(120f572176d9242e3bc7529fb8847889) Importer(815301076,1909f56bfc062723c751e8b465ee728b)
Start importing Assets/Scripts/ActionBasedController.cs using Guid(120f572176d9242e3bc7529fb8847889) Importer(815301076,1909f56bfc062723c751e8b465ee728b) (PreviewImporter) -> (artifact id: '159f8c5185e90e812baf918b43e833c1') in 0.00040825 seconds
Number of updated asset objects reloaded before import = 0Number of asset objects unloaded after import = 0

========================================================================
Received Import Request.
  Time since last request: 122.076825 seconds.
  path: Assets/XR/XRGeneralSettingsPerBuildTarget.asset
  artifactKey: Guid(3652dc7fe9d8422478192425b0983928) Importer(2089858483,192608db42251d675da83286b1cce702)
Start importing Assets/XR/XRGeneralSettingsPerBuildTarget.asset using Guid(3652dc7fe9d8422478192425b0983928) Importer(2089858483,192608db42251d675da83286b1cce702) (ScriptedImporter) -> (artifact id: '28a1e56033bb031ed19c750ce705515a') in 0.325572042 seconds
Number of updated asset objects reloaded before import = 0Number of asset objects unloaded after import = 9

========================================================================
Received Import Request.
  Time since last request: 0.000186 seconds.
  path: Assets/TerrainDemoScene_URP/Prefabs/Trees/Pines/Pine_A
  artifactKey: Guid(3f754d1598e2f314086938e5052beb12) Importer(2089858483,192608db42251d675da83286b1cce702)
Start importing Assets/TerrainDemoScene_URP/Prefabs/Trees/Pines/Pine_A using Guid(3f754d1598e2f314086938e5052beb12) Importer(2089858483,192608db42251d675da83286b1cce702) (ScriptedImporter) -> (artifact id: 'da311dd3b20944267d022408e73c8587') in 0.002538292 seconds
Number of updated asset objects reloaded before import = 0Number of asset objects unloaded after import = 1

========================================================================
Received Import Request.
  Time since last request: 0.000054 seconds.
  path: Assets/TerrainDemoScene_URP/Terrain/Textures/Tidal_Pools_B
  artifactKey: Guid(3dba1b13882a1c64b926eb90b62d1fb3) Importer(2089858483,192608db42251d675da83286b1cce702)
Start importing Assets/TerrainDemoScene_URP/Terrain/Textures/Tidal_Pools_B using Guid(3dba1b13882a1c64b926eb90b62d1fb3) Importer(2089858483,192608db42251d675da83286b1cce702) (ScriptedImporter) -> (artifact id: '08133651d226b9022a9d18aa6e3644c3') in 0.002565958 seconds
Number of updated asset objects reloaded before import = 0Number of asset objects unloaded after import = 1

========================================================================
Received Import Request.
  Time since last request: 0.000043 seconds.
  path: Assets/TerrainDemoScene_URP/Notes
  artifactKey: Guid(369ae1de6b78435419a9d657d5ce5830) Importer(2089858483,192608db42251d675da83286b1cce702)
Start importing Assets/TerrainDemoScene_URP/Notes using Guid(369ae1de6b78435419a9d657d5ce5830) Importer(2089858483,192608db42251d675da83286b1cce702) (ScriptedImporter) -> (artifact id: '32c881890697e72794a3ef11092abbaa') in 0.002646666 seconds
Number of updated asset objects reloaded before import = 0Number of asset objects unloaded after import = 1

========================================================================
Received Import Request.
  Time since last request: 0.000129 seconds.
  path: Assets/TerrainDemoScene_URP/Prefabs/Shots
  artifactKey: Guid(f7f75a7f686b54445a73da43ab57d727) Importer(2089858483,192608db42251d675da83286b1cce702)
Start importing Assets/TerrainDemoScene_URP/Prefabs/Shots using Guid(f7f75a7f686b54445a73da43ab57d727) Importer(2089858483,192608db42251d675da83286b1cce702) (ScriptedImporter) -> (artifact id: '2198e7cb3b2afc2fa45272b9b91411ef') in 0.002456375 seconds
Number of updated asset objects reloaded before import = 0Number of asset objects unloaded after import = 1

========================================================================
Received Import Request.
  Time since last request: 0.000058 seconds.
  path: Assets/Samples/XR Interaction Toolkit/3.0.9/Starter Assets/Prefabs/Controllers
  artifactKey: Guid(8cb8501f33d08a04fabf074fd81eaf76) Importer(2089858483,192608db42251d675da83286b1cce702)
Start importing Assets/Samples/XR Interaction Toolkit/3.0.9/Starter Assets/Prefabs/Controllers using Guid(8cb8501f33d08a04fabf074fd81eaf76) Importer(2089858483,192608db42251d675da83286b1cce702) (ScriptedImporter) -> (artifact id: '54e9ba93dad87386503079d6ddcbd8a9') in 0.004364584 seconds
Number of updated asset objects reloaded before import = 0Number of asset objects unloaded after import = 1

========================================================================
Received Import Request.
  Time since last request: 0.000104 seconds.
  path: Assets/TerrainDemoScene_URP/Prefabs/Foliage/Red_Bush
  artifactKey: Guid(421a4f4939ff0fe40a693834da1f08dd) Importer(2089858483,192608db42251d675da83286b1cce702)
Start importing Assets/TerrainDemoScene_URP/Prefabs/Foliage/Red_Bush using Guid(421a4f4939ff0fe40a693834da1f08dd) Importer(2089858483,192608db42251d675da83286b1cce702) (ScriptedImporter) -> (artifact id: '2a376aad2b5900eaa35b8ac2e0ec6749') in 0.0025 seconds
Number of updated asset objects reloaded before import = 0Number of asset objects unloaded after import = 1

========================================================================
Received Import Request.
  Time since last request: 0.000036 seconds.
  path: Assets/TerrainDemoScene_URP/Prefabs/Rocks/Textures/Cliff_Mossy_A
  artifactKey: Guid(9464a60b6e4686243850a02ed76dee26) Importer(2089858483,192608db42251d675da83286b1cce702)
Start importing Assets/TerrainDemoScene_URP/Prefabs/Rocks/Textures/Cliff_Mossy_A using Guid(9464a60b6e4686243850a02ed76dee26) Importer(2089858483,192608db42251d675da83286b1cce702) (ScriptedImporter) -> (artifact id: 'c6fb5f273f387c72641ff9d0c0ca3fba') in 0.002691375 seconds
Number of updated asset objects reloaded before import = 0Number of asset objects unloaded after import = 1

========================================================================
Received Import Request.
  Time since last request: 0.000063 seconds.
  path: Assets/Samples/XR Interaction Toolkit/3.0.9/Starter Assets/DemoSceneAssets/Sprites
  artifactKey: Guid(e849a70d25179dc42a5f1fbd87c1b42e) Importer(2089858483,192608db42251d675da83286b1cce702)
Start importing Assets/Samples/XR Interaction Toolkit/3.0.9/Starter Assets/DemoSceneAssets/Sprites using Guid(e849a70d25179dc42a5f1fbd87c1b42e) Importer(2089858483,192608db42251d675da83286b1cce702) (ScriptedImporter) -> (artifact id: 'e2e22037afae46c37c2b644ee021cb17') in 0.003744584 seconds
Number of updated asset objects reloaded before import = 0Number of asset objects unloaded after import = 1

========================================================================
Received Import Request.
  Time since last request: 0.000055 seconds.
  path: Assets/_TerrainAutoUpgrade/layer_dirt01b3407d0e55802f81.terrainlayer
  artifactKey: Guid(791f01ddaa0d94c4aa0d485f9c950a4a) Importer(2089858483,192608db42251d675da83286b1cce702)
Start importing Assets/_TerrainAutoUpgrade/layer_dirt01b3407d0e55802f81.terrainlayer using Guid(791f01ddaa0d94c4aa0d485f9c950a4a) Importer(2089858483,192608db42251d675da83286b1cce702) (ScriptedImporter) -> (artifact id: '4580953fdd8faff49bb32300d6bbec42') in 0.020170625 seconds
Number of updated asset objects reloaded before import = 0Number of asset objects unloaded after import = 1

========================================================================
Received Import Request.
  Time since last request: 0.000307 seconds.
  path: Assets/enviroment
  artifactKey: Guid(f7751e3737f380c43a375b0d5aa7eb12) Importer(2089858483,192608db42251d675da83286b1cce702)
Start importing Assets/enviroment using Guid(f7751e3737f380c43a375b0d5aa7eb12) Importer(2089858483,192608db42251d675da83286b1cce702) (ScriptedImporter) -> (artifact id: 'a436ecec38398150ab43c9f89ae16043') in 0.002987167 seconds
Number of updated asset objects reloaded before import = 0Number of asset objects unloaded after import = 1

========================================================================
Received Import Request.
  Time since last request: 0.000093 seconds.
  path: Assets/RIverSplineFollowing/Spline Variant.prefab
  artifactKey: Guid(16651c1869d63114abe753f8b19aa1a6) Importer(2089858483,192608db42251d675da83286b1cce702)
Start importing Assets/RIverSplineFollowing/Spline Variant.prefab using Guid(16651c1869d63114abe753f8b19aa1a6) Importer(2089858483,192608db42251d675da83286b1cce702) (ScriptedImporter) -> (artifact id: 'fde48b52e395fcfd14b6f0efff0282a0') in 0.006040875 seconds
Number of updated asset objects reloaded before import = 0Number of asset objects unloaded after import = 2

========================================================================
Received Import Request.
  Time since last request: 0.000235 seconds.
  path: Assets/Samples/XR Interaction Toolkit/3.0.9/Starter Assets/Prefabs/Interactors
  artifactKey: Guid(f585a443d5224c19adcc94a236a4b2d6) Importer(2089858483,192608db42251d675da83286b1cce702)
Start importing Assets/Samples/XR Interaction Toolkit/3.0.9/Starter Assets/Prefabs/Interactors using Guid(f585a443d5224c19adcc94a236a4b2d6) Importer(2089858483,192608db42251d675da83286b1cce702) (ScriptedImporter) -> (artifact id: 'a51c5172e8bfe5352b968d425240d7e7') in 0.005182083 seconds
Number of updated asset objects reloaded before import = 0Number of asset objects unloaded after import = 1

========================================================================
Received Import Request.
  Time since last request: 0.000122 seconds.
  path: Assets/XR/Settings/OpenXR Package Settings.asset
  artifactKey: Guid(1f7605cc84a449b4d9a041a66e36c60b) Importer(2089858483,192608db42251d675da83286b1cce702)
Start importing Assets/XR/Settings/OpenXR Package Settings.asset using Guid(1f7605cc84a449b4d9a041a66e36c60b) Importer(2089858483,192608db42251d675da83286b1cce702) (ScriptedImporter) -> (artifact id: '3c28d71643b7723c515eb7a7016a42da') in 0.167356917 seconds
Number of updated asset objects reloaded before import = 0Number of asset objects unloaded after import = 1

========================================================================
Received Import Request.
  Time since last request: 0.000158 seconds.
  path: Assets/Samples/XR Interaction Toolkit/3.0.9/Starter Assets/DemoSceneAssets
  artifactKey: Guid(42541a22bf6270741bd05ac5ca0fccd4) Importer(2089858483,192608db42251d675da83286b1cce702)
Start importing Assets/Samples/XR Interaction Toolkit/3.0.9/Starter Assets/DemoSceneAssets using Guid(42541a22bf6270741bd05ac5ca0fccd4) Importer(2089858483,192608db42251d675da83286b1cce702) (ScriptedImporter) -> (artifact id: 'aaa1d4ea9a39a6a5f964245e49af2b89') in 0.007774083 seconds
Number of updated asset objects reloaded before import = 0Number of asset objects unloaded after import = 1

========================================================================
Received Import Request.
  Time since last request: 0.000036 seconds.
  path: Assets/TutorialInfo
  artifactKey: Guid(ba062aa6c92b140379dbc06b43dd3b9b) Importer(2089858483,192608db42251d675da83286b1cce702)
Start importing Assets/TutorialInfo using Guid(ba062aa6c92b140379dbc06b43dd3b9b) Importer(2089858483,192608db42251d675da83286b1cce702) (ScriptedImporter) -> (artifact id: '7a206476f82133ac2184a345045cd66b') in 0.00617525 seconds
Number of updated asset objects reloaded before import = 0Number of asset objects unloaded after import = 1

========================================================================
Received Import Request.
  Time since last request: 0.000089 seconds.
  path: Assets/TerrainDemoScene_URP/Prefabs/Foliage/Red_Bush/Models
  artifactKey: Guid(3de881e240760604f9d0ac80cd64e138) Importer(2089858483,192608db42251d675da83286b1cce702)
Start importing Assets/TerrainDemoScene_URP/Prefabs/Foliage/Red_Bush/Models using Guid(3de881e240760604f9d0ac80cd64e138) Importer(2089858483,192608db42251d675da83286b1cce702) (ScriptedImporter) -> (artifact id: '32285eb01ca12a2ab45693673df6f4ec') in 0.004729041 seconds
Number of updated asset objects reloaded before import = 0Number of asset objects unloaded after import = 1

========================================================================
Received Import Request.
  Time since last request: 0.000044 seconds.
  path: Assets/TerrainDemoScene_URP/Prefabs/Water/Materials
  artifactKey: Guid(82bf79e39b5fbe342b012d0ed40699d1) Importer(2089858483,192608db42251d675da83286b1cce702)
Start importing Assets/TerrainDemoScene_URP/Prefabs/Water/Materials using Guid(82bf79e39b5fbe342b012d0ed40699d1) Importer(2089858483,192608db42251d675da83286b1cce702) (ScriptedImporter) -> (artifact id: '201070a6bb3617e02f1e55c7053c5d27') in 0.005442291 seconds
Number of updated asset objects reloaded before import = 0Number of asset objects unloaded after import = 1

========================================================================
Received Import Request.
  Time since last request: 0.000042 seconds.
  path: Assets/Samples/XR Interaction Toolkit/3.0.9/Starter Assets/DemoSceneAssets/Settings
  artifactKey: Guid(6a8d03fff18a47f4fa22d3d84425d0ed) Importer(2089858483,192608db42251d675da83286b1cce702)
Start importing Assets/Samples/XR Interaction Toolkit/3.0.9/Starter Assets/DemoSceneAssets/Settings using Guid(6a8d03fff18a47f4fa22d3d84425d0ed) Importer(2089858483,192608db42251d675da83286b1cce702) (ScriptedImporter) -> (artifact id: '976e4a7ab229e86cb80f1ea435a21b39') in 0.002174583 seconds
Number of updated asset objects reloaded before import = 0Number of asset objects unloaded after import = 1

========================================================================
Received Import Request.
  Time since last request: 0.004549 seconds.
  path: Assets/RIverSplineFollowing/Spline (1).prefab
  artifactKey: Guid(a644e528b02c8924f8b8db113b96f96b) Importer(2089858483,192608db42251d675da83286b1cce702)
Start importing Assets/RIverSplineFollowing/Spline (1).prefab using Guid(a644e528b02c8924f8b8db113b96f96b) Importer(2089858483,192608db42251d675da83286b1cce702) (ScriptedImporter) -> (artifact id: '8a17d991388dc3a0056d9b36ee229ba0') in 0.112951792 seconds
Number of updated asset objects reloaded before import = 0Number of asset objects unloaded after import = 5

========================================================================
Received Import Request.
  Time since last request: 0.000170 seconds.
  path: Assets/Samples/XR Interaction Toolkit/3.0.9/Starter Assets/Prefabs/Affordances
  artifactKey: Guid(9982c3209d4d7ff46accc30b5bfb40cc) Importer(2089858483,192608db42251d675da83286b1cce702)
Start importing Assets/Samples/XR Interaction Toolkit/3.0.9/Starter Assets/Prefabs/Affordances using Guid(9982c3209d4d7ff46accc30b5bfb40cc) Importer(2089858483,192608db42251d675da83286b1cce702) (ScriptedImporter) -> (artifact id: '6de3f7bee97240f5ede0feb85c30d2e7') in 0.006258958 seconds
Number of updated asset objects reloaded before import = 0Number of asset objects unloaded after import = 1

========================================================================
Received Import Request.
  Time since last request: 0.000745 seconds.
  path: Assets/TerrainDemoScene_URP/Prefabs/Trees/Pines/Pine_B
  artifactKey: Guid(e03255e153ff91c49b6b2dfbf6bb6df4) Importer(2089858483,192608db42251d675da83286b1cce702)
Start importing Assets/TerrainDemoScene_URP/Prefabs/Trees/Pines/Pine_B using Guid(e03255e153ff91c49b6b2dfbf6bb6df4) Importer(2089858483,192608db42251d675da83286b1cce702) (ScriptedImporter) -> (artifact id: '310d078dda7b2aba06c15bef42f505d8') in 0.006864083 seconds
Number of updated asset objects reloaded before import = 0Number of asset objects unloaded after import = 1

========================================================================
Received Import Request.
  Time since last request: 0.000042 seconds.
  path: Assets/TerrainDemoScene_URP/Prefabs/Foliage/Red_Bush/Textures
  artifactKey: Guid(e0f0a9a6f98440c43879099390798841) Importer(2089858483,192608db42251d675da83286b1cce702)
Start importing Assets/TerrainDemoScene_URP/Prefabs/Foliage/Red_Bush/Textures using Guid(e0f0a9a6f98440c43879099390798841) Importer(2089858483,192608db42251d675da83286b1cce702) (ScriptedImporter) -> (artifact id: 'eba631e3359b4959a5defbb8e5d343d9') in 0.006288708 seconds
Number of updated asset objects reloaded before import = 0Number of asset objects unloaded after import = 1

========================================================================
Received Import Request.
  Time since last request: 0.000062 seconds.
  path: Assets/TerrainDemoScene_URP/Terrain/Layers
  artifactKey: Guid(ed20753031b819c4395a80066949f767) Importer(2089858483,192608db42251d675da83286b1cce702)
Start importing Assets/TerrainDemoScene_URP/Terrain/Layers using Guid(ed20753031b819c4395a80066949f767) Importer(2089858483,192608db42251d675da83286b1cce702) (ScriptedImporter) -> (artifact id: 'c316390cb9d227d5d8ca5a06f22bd581') in 0.005127292 seconds
Number of updated asset objects reloaded before import = 0Number of asset objects unloaded after import = 1

========================================================================
Received Prepare
'Packages/com.unity.render-pipelines.high-definition/Editor/Wizard/HDWizard.UIElement.cs' contains partial class of Unity.Object, exactly 1 of the partial classes needs to be in a file with the same filename. This is to know the one that can be referenced from ie. GameObjects
'Packages/com.unity.render-pipelines.high-definition/Editor/Wizard/HDWizard.Configuration.cs' contains partial class of Unity.Object, exactly 1 of the partial classes needs to be in a file with the same filename. This is to know the one that can be referenced from ie. GameObjects
'Packages/com.unity.render-pipelines.high-definition/Editor/Wizard/HDWizard.Window.cs' contains partial class of Unity.Object, exactly 1 of the partial classes needs to be in a file with the same filename. This is to know the one that can be referenced from ie. GameObjects
WARNING: Shader Unsupported: 'HDRP/TerrainLit' - All subshaders removed
WARNING: Shader Did you use #pragma only_renderers and omit this platform?
WARNING: Shader If subshaders removal was intentional, you may have forgotten turning Fallback off?
WARNING: Shader Unsupported: 'HDRP/TerrainLit' - All subshaders removed
WARNING: Shader Did you use #pragma only_renderers and omit this platform?
WARNING: Shader If subshaders removal was intentional, you may have forgotten turning Fallback off?
WARNING: Shader Unsupported: 'Universal Render Pipeline/VR/SpatialMapping/Wireframe' - All subshaders removed
WARNING: Shader Did you use #pragma only_renderers and omit this platform?
WARNING: Shader If subshaders removal was intentional, you may have forgotten turning Fallback off?
WARNING: Shader Unsupported: 'Universal Render Pipeline/VR/SpatialMapping/Wireframe' - All subshaders removed
WARNING: Shader Did you use #pragma only_renderers and omit this platform?
WARNING: Shader If subshaders removal was intentional, you may have forgotten turning Fallback off?
Refreshing native plugins compatible for Editor in 5.44 ms, found 10 plugins.
Preloading 1 native plugins for Editor in 0.73 ms.
Unloading 169 Unused Serialized files (Serialized files now loaded: 0)
Unloading 9349 unused Assets / (15.3 MB). Loaded Objects now: 10102.
Memory consumption went from 204.9 MB to 189.6 MB.
Total: 66.796792 ms (FindLiveObjects: 9.482708 ms CreateObjectMapping: 2.101834 ms MarkObjects: 42.881500 ms  DeleteObjects: 12.328917 ms)

Prepare: number of updated asset objects reloaded= 0
========================================================================
Received Import Request.
  Time since last request: 3.031714 seconds.
  path: Assets/TerrainDemoScene_URP/TextMeshPro/Resources
  artifactKey: Guid(243e06394e614e5d99fab26083b707fa) Importer(2089858483,192608db42251d675da83286b1cce702)
Start importing Assets/TerrainDemoScene_URP/TextMeshPro/Resources using Guid(243e06394e614e5d99fab26083b707fa) Importer(2089858483,192608db42251d675da83286b1cce702) (ScriptedImporter) -> (artifact id: '06b0f7abc305ebd47e363533f3ea2e57') in 0.084469792 seconds
Number of updated asset objects reloaded before import = 0Number of asset objects unloaded after import = 1

========================================================================
Received Import Request.
  Time since last request: 0.000240 seconds.
  path: Assets/TerrainDemoScene_URP/Prefabs/Rocks/Textures/Rock_Overgrown_C
  artifactKey: Guid(8778a46f172e1e74caa4bdff8c7d3bd4) Importer(2089858483,192608db42251d675da83286b1cce702)
Start importing Assets/TerrainDemoScene_URP/Prefabs/Rocks/Textures/Rock_Overgrown_C using Guid(8778a46f172e1e74caa4bdff8c7d3bd4) Importer(2089858483,192608db42251d675da83286b1cce702) (ScriptedImporter) -> (artifact id: 'cce96d61e34ddb280ee37a5b943259b5') in 0.010985917 seconds
Number of updated asset objects reloaded before import = 0Number of asset objects unloaded after import = 1

========================================================================
Received Import Request.
  Time since last request: 0.000075 seconds.
  path: Assets/Samples/XR Interaction Toolkit/3.0.9/Starter Assets/DemoSceneAssets/Scripts
  artifactKey: Guid(89c7da9a19d09c8419df6ac7f38d429e) Importer(2089858483,192608db42251d675da83286b1cce702)
Start importing Assets/Samples/XR Interaction Toolkit/3.0.9/Starter Assets/DemoSceneAssets/Scripts using Guid(89c7da9a19d09c8419df6ac7f38d429e) Importer(2089858483,192608db42251d675da83286b1cce702) (ScriptedImporter) -> (artifact id: 'e7afd895ec67ccef9a01e188f94120db') in 0.008268916 seconds
Number of updated asset objects reloaded before import = 0Number of asset objects unloaded after import = 1

========================================================================
Received Import Request.
  Time since last request: 0.000113 seconds.
  path: Assets/WaterWorks
  artifactKey: Guid(2c76f8bab0ebb8b4cb3491f2331198ef) Importer(2089858483,192608db42251d675da83286b1cce702)
Start importing Assets/WaterWorks using Guid(2c76f8bab0ebb8b4cb3491f2331198ef) Importer(2089858483,192608db42251d675da83286b1cce702) (ScriptedImporter) -> (artifact id: '0b4cef3239c6a1658dcee6ff2d2beaa3') in 0.0077265 seconds
Number of updated asset objects reloaded before import = 0Number of asset objects unloaded after import = 1

========================================================================
Received Import Request.
  Time since last request: 0.018470 seconds.
  path: Assets/XRI/Settings/Resources
  artifactKey: Guid(0b3c48b95b0b98440a7c2596b91ad6c1) Importer(2089858483,192608db42251d675da83286b1cce702)
Start importing Assets/XRI/Settings/Resources using Guid(0b3c48b95b0b98440a7c2596b91ad6c1) Importer(2089858483,192608db42251d675da83286b1cce702) (ScriptedImporter) -> (artifact id: '85ea2a967a10359abe06353195855188') in 0.00977425 seconds
Number of updated asset objects reloaded before import = 0Number of asset objects unloaded after import = 1

========================================================================
Received Import Request.
  Time since last request: 0.003105 seconds.
  path: Assets/Scripts
  artifactKey: Guid(a2756c2f5a552482db70b7eb42f746a9) Importer(2089858483,192608db42251d675da83286b1cce702)
Start importing Assets/Scripts using Guid(a2756c2f5a552482db70b7eb42f746a9) Importer(2089858483,192608db42251d675da83286b1cce702) (ScriptedImporter) -> (artifact id: '9414e91de0845ea8a35611479874a679') in 0.012356667 seconds
Number of updated asset objects reloaded before import = 0Number of asset objects unloaded after import = 1

========================================================================
Received Import Request.
  Time since last request: 0.000108 seconds.
  path: Assets/TerrainDemoScene_URP/Scripts/Resources
  artifactKey: Guid(af639cfce61049c449c263246c0b6708) Importer(2089858483,192608db42251d675da83286b1cce702)
Start importing Assets/TerrainDemoScene_URP/Scripts/Resources using Guid(af639cfce61049c449c263246c0b6708) Importer(2089858483,192608db42251d675da83286b1cce702) (ScriptedImporter) -> (artifact id: '3a477e64637f5630392880778e7d870c') in 0.008369792 seconds
Number of updated asset objects reloaded before import = 0Number of asset objects unloaded after import = 1

========================================================================
Received Import Request.
  Time since last request: 0.000172 seconds.
  path: Assets/TerrainDemoScene_URP/Prefabs/Trees/Pines
  artifactKey: Guid(6cb90ff0386892e46a75e1268222a974) Importer(2089858483,192608db42251d675da83286b1cce702)
Start importing Assets/TerrainDemoScene_URP/Prefabs/Trees/Pines using Guid(6cb90ff0386892e46a75e1268222a974) Importer(2089858483,192608db42251d675da83286b1cce702) (ScriptedImporter) -> (artifact id: '6343c2648a21716a1102b75c67f13ef9') in 0.009369042 seconds
Number of updated asset objects reloaded before import = 0Number of asset objects unloaded after import = 1

========================================================================
Received Import Request.
  Time since last request: 0.005548 seconds.
  path: Assets/Samples/XR Interaction Toolkit/3.0.9/Starter Assets/AffordanceThemes
  artifactKey: Guid(c333f3b28c3ddba48b84169d5da1a730) Importer(2089858483,192608db42251d675da83286b1cce702)
Start importing Assets/Samples/XR Interaction Toolkit/3.0.9/Starter Assets/AffordanceThemes using Guid(c333f3b28c3ddba48b84169d5da1a730) Importer(2089858483,192608db42251d675da83286b1cce702) (ScriptedImporter) -> (artifact id: '6b1b1855c47fe4c0eb1bab280cfa6ce4') in 0.008229083 seconds
Number of updated asset objects reloaded before import = 0Number of asset objects unloaded after import = 1

========================================================================
Received Import Request.
  Time since last request: 0.000982 seconds.
  path: Assets/Settings
  artifactKey: Guid(709f11a7f3c4041caa4ef136ea32d874) Importer(2089858483,192608db42251d675da83286b1cce702)
Start importing Assets/Settings using Guid(709f11a7f3c4041caa4ef136ea32d874) Importer(2089858483,192608db42251d675da83286b1cce702) (ScriptedImporter) -> (artifact id: '1bfbd84179db6811f8104f0305433f7d') in 0.011257375 seconds
Number of updated asset objects reloaded before import = 0Number of asset objects unloaded after import = 1

========================================================================
Received Import Request.
  Time since last request: 0.002869 seconds.
  path: Assets/Samples/XR Interaction Toolkit/3.0.9/Starter Assets/DemoSceneAssets/Materials
  artifactKey: Guid(d4e01b7fb24753742a7665cef9ed7839) Importer(2089858483,192608db42251d675da83286b1cce702)
Start importing Assets/Samples/XR Interaction Toolkit/3.0.9/Starter Assets/DemoSceneAssets/Materials using Guid(d4e01b7fb24753742a7665cef9ed7839) Importer(2089858483,192608db42251d675da83286b1cce702) (ScriptedImporter) -> (artifact id: '4e96feeffbb79909e1ad32b7af05d16a') in 0.0096265 seconds
Number of updated asset objects reloaded before import = 0Number of asset objects unloaded after import = 1

========================================================================
Received Import Request.
  Time since last request: 0.000204 seconds.
  path: Assets/TerrainDemoScene_URP/TextMeshPro/Resources/Style Sheets
  artifactKey: Guid(4aecb92fff08436c8303b10eab8da368) Importer(2089858483,192608db42251d675da83286b1cce702)
Start importing Assets/TerrainDemoScene_URP/TextMeshPro/Resources/Style Sheets using Guid(4aecb92fff08436c8303b10eab8da368) Importer(2089858483,192608db42251d675da83286b1cce702) (ScriptedImporter) -> (artifact id: 'be89279f45e5bf70954aae11cb805257') in 0.03416075 seconds
Number of updated asset objects reloaded before import = 0Number of asset objects unloaded after import = 1

========================================================================
Received Prepare
Begin MonoManager ReloadAssembly
[Licensing::Client] Successfully resolved entitlement details
Thread 0x17e18b000 may have been prematurely finalized
- Loaded All Assemblies, in  2.614 seconds
'Packages/com.unity.render-pipelines.high-definition/Editor/Wizard/HDWizard.UIElement.cs' contains partial class of Unity.Object, exactly 1 of the partial classes needs to be in a file with the same filename. This is to know the one that can be referenced from ie. GameObjects
'Packages/com.unity.render-pipelines.high-definition/Editor/Wizard/HDWizard.Configuration.cs' contains partial class of Unity.Object, exactly 1 of the partial classes needs to be in a file with the same filename. This is to know the one that can be referenced from ie. GameObjects
'Packages/com.unity.render-pipelines.high-definition/Editor/Wizard/HDWizard.Window.cs' contains partial class of Unity.Object, exactly 1 of the partial classes needs to be in a file with the same filename. This is to know the one that can be referenced from ie. GameObjects
Refreshing native plugins compatible for Editor in 9.28 ms, found 10 plugins.
Native extension for OSXStandalone target not found
[Package Manager] Failed to launch server process. Reason: Unity was launched with the -noUpm command-line argument
[Package Manager] Unable to send message (not connected to server process).
[Package Manager] Cannot connect to Unity Package Manager local server
[MODES] ModeService[none].Initialize
[MODES] ModeService[none].LoadModes
Mono: successfully reloaded assembly
[Package Manager] Failed to launch server process. Reason: Unity was launched with the -noUpm command-line argument
[Package Manager] Unable to send message (not connected to server process).
[Package Manager] Cannot connect to Unity Package Manager local server
- Finished resetting the current domain, in  1.900 seconds
Domain Reload Profiling: 4539ms
	BeginReloadAssembly (1273ms)
		ExecutionOrderSort (0ms)
		DisableScriptedObjects (58ms)
		BackupInstance (0ms)
		ReleaseScriptingObjects (2ms)
		CreateAndSetChildDomain (612ms)
	RebuildCommonClasses (49ms)
	RebuildNativeTypeToScriptingClass (15ms)
	initialDomainReloadingComplete (35ms)
	LoadAllAssembliesAndSetupDomain (1264ms)
		LoadAssemblies (678ms)
		RebuildTransferFunctionScriptingTraits (0ms)
		AnalyzeDomain (790ms)
			TypeCache.Refresh (136ms)
				TypeCache.ScanAssembly (3ms)
			BuildScriptInfoCaches (619ms)
			ResolveRequiredComponents (19ms)
	FinalizeReload (1903ms)
		ReleaseScriptCaches (0ms)
		RebuildScriptCaches (0ms)
		SetupLoadedEditorAssemblies (1472ms)
			LogAssemblyErrors (0ms)
			InitializePlatformSupportModulesInManaged (5ms)
			SetLoadedEditorAssemblies (10ms)
			BeforeProcessingInitializeOnLoad (169ms)
			ProcessInitializeOnLoadAttributes (882ms)
			ProcessInitializeOnLoadMethodAttributes (402ms)
			AfterProcessingInitializeOnLoad (1ms)
			EditorAssembliesLoaded (2ms)
		ExecutionOrderSort2 (1ms)
		AwakeInstancesAfterBackupRestoration (15ms)
WARNING: Shader Unsupported: 'HDRP/TerrainLit' - All subshaders removed
WARNING: Shader Did you use #pragma only_renderers and omit this platform?
WARNING: Shader If subshaders removal was intentional, you may have forgotten turning Fallback off?
WARNING: Shader Unsupported: 'HDRP/TerrainLit' - All subshaders removed
WARNING: Shader Did you use #pragma only_renderers and omit this platform?
WARNING: Shader If subshaders removal was intentional, you may have forgotten turning Fallback off?
WARNING: Shader Unsupported: 'Universal Render Pipeline/VR/SpatialMapping/Wireframe' - All subshaders removed
WARNING: Shader Did you use #pragma only_renderers and omit this platform?
WARNING: Shader If subshaders removal was intentional, you may have forgotten turning Fallback off?
WARNING: Shader Unsupported: 'Universal Render Pipeline/VR/SpatialMapping/Wireframe' - All subshaders removed
WARNING: Shader Did you use #pragma only_renderers and omit this platform?
WARNING: Shader If subshaders removal was intentional, you may have forgotten turning Fallback off?
Refreshing native plugins compatible for Editor in 5.11 ms, found 10 plugins.
Preloading 1 native plugins for Editor in 0.91 ms.
Unloading 169 Unused Serialized files (Serialized files now loaded: 0)
Unloading 9396 unused Assets / (12.5 MB). Loaded Objects now: 10147.
Memory consumption went from 267.5 MB to 255.1 MB.
Total: 81.444250 ms (FindLiveObjects: 16.061959 ms CreateObjectMapping: 0.953208 ms MarkObjects: 42.417792 ms  DeleteObjects: 22.008166 ms)

Prepare: number of updated asset objects reloaded= 0
========================================================================
Received Import Request.
  Time since last request: 28.758700 seconds.
  path: Assets/New Terrain.asset
  artifactKey: Guid(da7bcb6a808be3740963ba42608e7072) Importer(2089858483,192608db42251d675da83286b1cce702)
Start importing Assets/New Terrain.asset using Guid(da7bcb6a808be3740963ba42608e7072) Importer(2089858483,192608db42251d675da83286b1cce702) (ScriptedImporter)The tree XR Device Simulator UI couldn't be instanced because the prefab contains no valid mesh renderer.
UnityEngine.Debug:ExtractStackTraceNoAlloc (byte*,int,string)
UnityEngine.StackTraceUtility:ExtractStackTrace () (at /Users/bokken/build/output/unity/unity/Runtime/Export/Scripting/StackTrace.cs:35)
UnityEditor.AssetDatabase:LoadMainAssetAtPath (string)
UnityEditor.Search.AssetIndexer:IndexProperties (int&,string&,bool&) (at /Users/bokken/build/output/unity/unity/Modules/QuickSearch/Editor/Indexing/AssetIndexer.cs:287)
UnityEditor.Search.AssetIndexer:IndexDocument (string,bool) (at /Users/bokken/build/output/unity/unity/Modules/QuickSearch/Editor/Indexing/AssetIndexer.cs:194)
UnityEditor.Search.SearchIndexEntryImporter:OnImportAsset (UnityEditor.AssetImporters.AssetImportContext) (at /Users/bokken/build/output/unity/unity/Modules/QuickSearch/Editor/Indexing/SearchIndexEntryImporter.cs:64)
UnityEditor.AssetImporters.ScriptedImporter:GenerateAssetData (UnityEditor.AssetImporters.AssetImportContext) (at /Users/bokken/build/output/unity/unity/Modules/AssetPipelineEditor/Public/ScriptedImporter.cs:25)

[/Users/bokken/build/output/unity/unity/Modules/QuickSearch/Editor/Indexing/AssetIndexer.cs line 287]

The tree TreePanningShot couldn't be instanced because the prefab contains no valid mesh renderer.
UnityEngine.Debug:ExtractStackTraceNoAlloc (byte*,int,string)
UnityEngine.StackTraceUtility:ExtractStackTrace () (at /Users/bokken/build/output/unity/unity/Runtime/Export/Scripting/StackTrace.cs:35)
UnityEditor.AssetDatabase:LoadMainAssetAtPath (string)
UnityEditor.Search.AssetIndexer:IndexProperties (int&,string&,bool&) (at /Users/bokken/build/output/unity/unity/Modules/QuickSearch/Editor/Indexing/AssetIndexer.cs:287)
UnityEditor.Search.AssetIndexer:IndexDocument (string,bool) (at /Users/bokken/build/output/unity/unity/Modules/QuickSearch/Editor/Indexing/AssetIndexer.cs:194)
UnityEditor.Search.SearchIndexEntryImporter:OnImportAsset (UnityEditor.AssetImporters.AssetImportContext) (at /Users/bokken/build/output/unity/unity/Modules/QuickSearch/Editor/Indexing/SearchIndexEntryImporter.cs:64)
UnityEditor.AssetImporters.ScriptedImporter:GenerateAssetData (UnityEditor.AssetImporters.AssetImportContext) (at /Users/bokken/build/output/unity/unity/Modules/AssetPipelineEditor/Public/ScriptedImporter.cs:25)

[/Users/bokken/build/output/unity/unity/Modules/QuickSearch/Editor/Indexing/AssetIndexer.cs line 287]

 -> (artifact id: '79089fde509dcba37154f7aba9a4ead8') in 0.587257708 seconds
Number of updated asset objects reloaded before import = 0Number of asset objects unloaded after import = 940

========================================================================
Received Import Request.
  Time since last request: 0.000134 seconds.
  path: Assets/TerrainDemoScene_URP/Terrain/Brushes
  artifactKey: Guid(06d093db78f37314382766fde05acf29) Importer(2089858483,192608db42251d675da83286b1cce702)
Start importing Assets/TerrainDemoScene_URP/Terrain/Brushes using Guid(06d093db78f37314382766fde05acf29) Importer(2089858483,192608db42251d675da83286b1cce702) (ScriptedImporter) -> (artifact id: '605de1ef5fd57705468a84d4f04227ce') in 0.015089208 seconds
Number of updated asset objects reloaded before import = 0Number of asset objects unloaded after import = 1

========================================================================
Received Import Request.
  Time since last request: 0.000101 seconds.
  path: Assets/TerrainDemoScene_URP/Terrain/Brushes/Heightmaps/_New
  artifactKey: Guid(170a7f219ecc2a04797cb53bffa0d572) Importer(2089858483,192608db42251d675da83286b1cce702)
Start importing Assets/TerrainDemoScene_URP/Terrain/Brushes/Heightmaps/_New using Guid(170a7f219ecc2a04797cb53bffa0d572) Importer(2089858483,192608db42251d675da83286b1cce702) (ScriptedImporter) -> (artifact id: 'cbd2e4bf1e4140333b465a6724289283') in 0.007855041 seconds
Number of updated asset objects reloaded before import = 0Number of asset objects unloaded after import = 1

========================================================================
Received Import Request.
  Time since last request: 0.000097 seconds.
  path: Assets/TerrainDemoScene_URP/Prefabs/Skybox/Textures
  artifactKey: Guid(da2320368ee1bfc44b4bb4b1d74a388f) Importer(2089858483,192608db42251d675da83286b1cce702)
Start importing Assets/TerrainDemoScene_URP/Prefabs/Skybox/Textures using Guid(da2320368ee1bfc44b4bb4b1d74a388f) Importer(2089858483,192608db42251d675da83286b1cce702) (ScriptedImporter) -> (artifact id: '4946005876ec92e7981de0d2d4b7e1d3') in 0.006675708 seconds
Number of updated asset objects reloaded before import = 0Number of asset objects unloaded after import = 1

========================================================================
Received Import Request.
  Time since last request: 0.000292 seconds.
  path: Assets/Settings/UniversalRenderPipelineGlobalSettings.asset
  artifactKey: Guid(18dc0cd2c080841dea60987a38ce93fa) Importer(2089858483,192608db42251d675da83286b1cce702)
Start importing Assets/Settings/UniversalRenderPipelineGlobalSettings.asset using Guid(18dc0cd2c080841dea60987a38ce93fa) Importer(2089858483,192608db42251d675da83286b1cce702) (ScriptedImporter) -> (artifact id: 'f6122f3f53a00f67bfeb7a2be88b7d07') in 0.202601916 seconds
Number of updated asset objects reloaded before import = 0Number of asset objects unloaded after import = 0

========================================================================
Received Import Request.
  Time since last request: 0.000113 seconds.
  path: Assets/Samples/XR Interaction Toolkit/3.0.9/XR Device Simulator/UI/HeadDevice
  artifactKey: Guid(01820cd5d6cab46b9afde2261f687a48) Importer(2089858483,192608db42251d675da83286b1cce702)
Start importing Assets/Samples/XR Interaction Toolkit/3.0.9/XR Device Simulator/UI/HeadDevice using Guid(01820cd5d6cab46b9afde2261f687a48) Importer(2089858483,192608db42251d675da83286b1cce702) (ScriptedImporter) -> (artifact id: '7dd64ad77d6e66a8b91fbf4dcf63c9cf') in 0.004205083 seconds
Number of updated asset objects reloaded before import = 0Number of asset objects unloaded after import = 1

========================================================================
Received Import Request.
  Time since last request: 0.000087 seconds.
  path: Assets/TerrainDemoScene_URP/Terrain/Textures/Pebbles_B
  artifactKey: Guid(4ef3972ec843ae24585e256710cc8c61) Importer(2089858483,192608db42251d675da83286b1cce702)
Start importing Assets/TerrainDemoScene_URP/Terrain/Textures/Pebbles_B using Guid(4ef3972ec843ae24585e256710cc8c61) Importer(2089858483,192608db42251d675da83286b1cce702) (ScriptedImporter) -> (artifact id: '32a24b26203c678d4c24b10aca934e1d') in 0.003687833 seconds
Number of updated asset objects reloaded before import = 0Number of asset objects unloaded after import = 1

========================================================================
Received Import Request.
  Time since last request: 0.000062 seconds.
  path: Assets/Samples/XR Interaction Toolkit/3.0.9/XR Device Simulator/UI/Mouse
  artifactKey: Guid(ba08c76319c794c15b21c9d8eaeac0e8) Importer(2089858483,192608db42251d675da83286b1cce702)
Start importing Assets/Samples/XR Interaction Toolkit/3.0.9/XR Device Simulator/UI/Mouse using Guid(ba08c76319c794c15b21c9d8eaeac0e8) Importer(2089858483,192608db42251d675da83286b1cce702) (ScriptedImporter) -> (artifact id: '5b5d19de17477c29d2b5d7ea22d513e6') in 0.004564166 seconds
Number of updated asset objects reloaded before import = 0Number of asset objects unloaded after import = 1

========================================================================
Received Import Request.
  Time since last request: 0.000207 seconds.
  path: Assets/Samples/XR Interaction Toolkit/3.0.9/XR Device Simulator/UI/General
  artifactKey: Guid(7029f8d454f034b71b5b1eb1ba1b324d) Importer(2089858483,192608db42251d675da83286b1cce702)
Start importing Assets/Samples/XR Interaction Toolkit/3.0.9/XR Device Simulator/UI/General using Guid(7029f8d454f034b71b5b1eb1ba1b324d) Importer(2089858483,192608db42251d675da83286b1cce702) (ScriptedImporter) -> (artifact id: '6a8b8534f5813ae18b267c17605056b5') in 0.004764333 seconds
Number of updated asset objects reloaded before import = 0Number of asset objects unloaded after import = 1

========================================================================
Received Import Request.
  Time since last request: 0.000217 seconds.
  path: Assets/TerrainData_297304b1-beb6-4203-a3f0-ae0cbb4e9ebd.asset
  artifactKey: Guid(d1d286becdd6c0341bb3faffa26d5ceb) Importer(2089858483,192608db42251d675da83286b1cce702)
Start importing Assets/TerrainData_297304b1-beb6-4203-a3f0-ae0cbb4e9ebd.asset using Guid(d1d286becdd6c0341bb3faffa26d5ceb) Importer(2089858483,192608db42251d675da83286b1cce702) (ScriptedImporter) -> (artifact id: 'e0191f128a3af04fc24683d3415ce061') in 0.060211292 seconds
Number of updated asset objects reloaded before import = 0Number of asset objects unloaded after import = 149

========================================================================
Received Import Request.
  Time since last request: 0.000130 seconds.
  path: Assets/Samples/XR Interaction Toolkit/3.0.9/Starter Assets/Textures
  artifactKey: Guid(91a77be4c84205e4ba7056605bdb9e1d) Importer(2089858483,192608db42251d675da83286b1cce702)
Start importing Assets/Samples/XR Interaction Toolkit/3.0.9/Starter Assets/Textures using Guid(91a77be4c84205e4ba7056605bdb9e1d) Importer(2089858483,192608db42251d675da83286b1cce702) (ScriptedImporter) -> (artifact id: '1d9664aecbd17bb99099677af6a1864b') in 0.004246708 seconds
Number of updated asset objects reloaded before import = 0Number of asset objects unloaded after import = 1

========================================================================
Received Import Request.
  Time since last request: 0.000071 seconds.
  path: Assets/TerrainDemoScene_URP/Scripts/Icons
  artifactKey: Guid(367abead6bc4abc4e9be1fb03ddf9496) Importer(2089858483,192608db42251d675da83286b1cce702)
Start importing Assets/TerrainDemoScene_URP/Scripts/Icons using Guid(367abead6bc4abc4e9be1fb03ddf9496) Importer(2089858483,192608db42251d675da83286b1cce702) (ScriptedImporter) -> (artifact id: '8b6dd3ad949626a44144ea6d51202876') in 0.002296375 seconds
Number of updated asset objects reloaded before import = 0Number of asset objects unloaded after import = 1

========================================================================
Received Import Request.
  Time since last request: 0.000079 seconds.
  path: Assets/Samples/XR Interaction Toolkit/3.0.9/Starter Assets/Materials
  artifactKey: Guid(5cfaae8b567b8aa45b7a432b5bb5560c) Importer(2089858483,192608db42251d675da83286b1cce702)
Start importing Assets/Samples/XR Interaction Toolkit/3.0.9/Starter Assets/Materials using Guid(5cfaae8b567b8aa45b7a432b5bb5560c) Importer(2089858483,192608db42251d675da83286b1cce702) (ScriptedImporter) -> (artifact id: 'acafab652c59d9c6d619abf007df73b3') in 0.003034083 seconds
Number of updated asset objects reloaded before import = 0Number of asset objects unloaded after import = 1

========================================================================
Received Import Request.
  Time since last request: 0.000092 seconds.
  path: Assets/Scenes/NewLayer.terrainlayer
  artifactKey: Guid(2a8cf028057e9ea4a81ff499d146d575) Importer(2089858483,192608db42251d675da83286b1cce702)
Start importing Assets/Scenes/NewLayer.terrainlayer using Guid(2a8cf028057e9ea4a81ff499d146d575) Importer(2089858483,192608db42251d675da83286b1cce702) (ScriptedImporter) -> (artifact id: '19f814365c3b0a177c096583ac9d0974') in 0.014943542 seconds
Number of updated asset objects reloaded before import = 0Number of asset objects unloaded after import = 1

========================================================================
Received Import Request.
  Time since last request: 0.000149 seconds.
  path: Assets/Scenes
  artifactKey: Guid(9c53962885c2c4f449125a979d6ad240) Importer(2089858483,192608db42251d675da83286b1cce702)
Start importing Assets/Scenes using Guid(9c53962885c2c4f449125a979d6ad240) Importer(2089858483,192608db42251d675da83286b1cce702) (ScriptedImporter) -> (artifact id: '8e3d6d15b7c9cd05b5dcc995301ebb57') in 0.002810666 seconds
Number of updated asset objects reloaded before import = 0Number of asset objects unloaded after import = 1

========================================================================
Received Import Request.
  Time since last request: 0.000131 seconds.
  path: Assets/TerrainDemoScene_URP/TextMeshPro/Shaders
  artifactKey: Guid(7c60d6770dc1a894e9e9cd135e583235) Importer(2089858483,192608db42251d675da83286b1cce702)
Start importing Assets/TerrainDemoScene_URP/TextMeshPro/Shaders using Guid(7c60d6770dc1a894e9e9cd135e583235) Importer(2089858483,192608db42251d675da83286b1cce702) (ScriptedImporter) -> (artifact id: '09374168c3440771d1af5f6ca4926615') in 0.003810917 seconds
Number of updated asset objects reloaded before import = 0Number of asset objects unloaded after import = 1

========================================================================
Received Import Request.
  Time since last request: 0.000062 seconds.
  path: Assets/TerrainDemoScene_URP/ShaderGraphs/CustomFunctions
  artifactKey: Guid(10dd97139933e1045bbc8d9bda6f0dd0) Importer(2089858483,192608db42251d675da83286b1cce702)
Start importing Assets/TerrainDemoScene_URP/ShaderGraphs/CustomFunctions using Guid(10dd97139933e1045bbc8d9bda6f0dd0) Importer(2089858483,192608db42251d675da83286b1cce702) (ScriptedImporter) -> (artifact id: 'b9fe97cf47f9e940c87e56964c1263db') in 0.003987167 seconds
Number of updated asset objects reloaded before import = 0Number of asset objects unloaded after import = 1

========================================================================
Received Import Request.
  Time since last request: 0.000050 seconds.
  path: Assets/TerrainDemoScene_URP/Prefabs/Trees/Pines/Pine_C/Textures
  artifactKey: Guid(679c6f19f53359b4aa0cc6e644fac172) Importer(2089858483,192608db42251d675da83286b1cce702)
Start importing Assets/TerrainDemoScene_URP/Prefabs/Trees/Pines/Pine_C/Textures using Guid(679c6f19f53359b4aa0cc6e644fac172) Importer(2089858483,192608db42251d675da83286b1cce702) (ScriptedImporter) -> (artifact id: 'a6fe93a0d3963905639e9fe1a5425592') in 0.003135375 seconds
Number of updated asset objects reloaded before import = 0Number of asset objects unloaded after import = 1

========================================================================
Received Import Request.
  Time since last request: 0.000084 seconds.
  path: Assets/XR
  artifactKey: Guid(5e7f90f9c314f37449f597aa58728d74) Importer(2089858483,192608db42251d675da83286b1cce702)
Start importing Assets/XR using Guid(5e7f90f9c314f37449f597aa58728d74) Importer(2089858483,192608db42251d675da83286b1cce702) (ScriptedImporter) -> (artifact id: '35fe7ff5eb2e1334fbb3e053a1ada215') in 0.002088334 seconds
Number of updated asset objects reloaded before import = 0Number of asset objects unloaded after import = 1

========================================================================
Received Import Request.
  Time since last request: 0.000227 seconds.
  path: Assets/Scenes/FinalEnvioramnet.unity
  artifactKey: Guid(cdf33b908e4e56e47a986ad3bb52286d) Importer(2089858483,192608db42251d675da83286b1cce702)
Start importing Assets/Scenes/FinalEnvioramnet.unity using Guid(cdf33b908e4e56e47a986ad3bb52286d) Importer(2089858483,192608db42251d675da83286b1cce702) (ScriptedImporter) -> (artifact id: 'f489dd4e5ac3c38c980a9851e2478390') in 0.101506084 seconds
Number of updated asset objects reloaded before import = 0Number of asset objects unloaded after import = 1

========================================================================
Received Import Request.
  Time since last request: 0.000154 seconds.
  path: Assets/TerrainDemoScene_URP/Prefabs/Trees/Pines/Pine_D/Materials
  artifactKey: Guid(ecd9c4526be12964aa0cfb2120c4f5c7) Importer(2089858483,192608db42251d675da83286b1cce702)
Start importing Assets/TerrainDemoScene_URP/Prefabs/Trees/Pines/Pine_D/Materials using Guid(ecd9c4526be12964aa0cfb2120c4f5c7) Importer(2089858483,192608db42251d675da83286b1cce702) (ScriptedImporter) -> (artifact id: '1f62e2050f8d73b347b50d2ee347ffef') in 0.006214542 seconds
Number of updated asset objects reloaded before import = 0Number of asset objects unloaded after import = 1

========================================================================
Received Import Request.
  Time since last request: 0.000104 seconds.
  path: Assets/Samples/XR Interaction Toolkit/3.0.9/Starter Assets/Models
  artifactKey: Guid(34f03838a812f0e41b1e3da17ff4038e) Importer(2089858483,192608db42251d675da83286b1cce702)
Start importing Assets/Samples/XR Interaction Toolkit/3.0.9/Starter Assets/Models using Guid(34f03838a812f0e41b1e3da17ff4038e) Importer(2089858483,192608db42251d675da83286b1cce702) (ScriptedImporter) -> (artifact id: '7803cee25393162e202f86683ba26ea0') in 0.002428042 seconds
Number of updated asset objects reloaded before import = 0Number of asset objects unloaded after import = 1

========================================================================
Received Import Request.
  Time since last request: 0.000091 seconds.
  path: Assets/TerrainDemoScene_URP/Scripts
  artifactKey: Guid(93c91d82c0c474b4ea0351431fbb859f) Importer(2089858483,192608db42251d675da83286b1cce702)
Start importing Assets/TerrainDemoScene_URP/Scripts using Guid(93c91d82c0c474b4ea0351431fbb859f) Importer(2089858483,192608db42251d675da83286b1cce702) (ScriptedImporter) -> (artifact id: '6e7df99c4c0e92b8734f3e122536901d') in 0.007874 seconds
Number of updated asset objects reloaded before import = 0Number of asset objects unloaded after import = 1

========================================================================
Received Import Request.
  Time since last request: 0.000051 seconds.
  path: Assets/Resources
  artifactKey: Guid(fcbe9a32967441644956157c2dd60e2d) Importer(2089858483,192608db42251d675da83286b1cce702)
Start importing Assets/Resources using Guid(fcbe9a32967441644956157c2dd60e2d) Importer(2089858483,192608db42251d675da83286b1cce702) (ScriptedImporter) -> (artifact id: 'e2b83ca9817550f7e9bca04affeecad6') in 0.002830667 seconds
Number of updated asset objects reloaded before import = 0Number of asset objects unloaded after import = 1

========================================================================
Received Import Request.
  Time since last request: 0.000101 seconds.
  path: Assets/Samples/XR Interaction Toolkit/3.0.9/Starter Assets/DemoSceneAssets/Models
  artifactKey: Guid(90a5974969e85834f8306496fd3cda4c) Importer(2089858483,192608db42251d675da83286b1cce702)
Start importing Assets/Samples/XR Interaction Toolkit/3.0.9/Starter Assets/DemoSceneAssets/Models using Guid(90a5974969e85834f8306496fd3cda4c) Importer(2089858483,192608db42251d675da83286b1cce702) (ScriptedImporter) -> (artifact id: '883738589c5601d30856cb39769c0451') in 0.003083125 seconds
Number of updated asset objects reloaded before import = 0Number of asset objects unloaded after import = 1

========================================================================
Received Import Request.
  Time since last request: 0.000053 seconds.
  path: Assets/TerrainDemoScene_URP
  artifactKey: Guid(06506be6ce893144abe59a833a5c09e1) Importer(2089858483,192608db42251d675da83286b1cce702)
Start importing Assets/TerrainDemoScene_URP using Guid(06506be6ce893144abe59a833a5c09e1) Importer(2089858483,192608db42251d675da83286b1cce702) (ScriptedImporter) -> (artifact id: 'c16e378773bf5d6036aea7176342ba53') in 0.00201225 seconds
Number of updated asset objects reloaded before import = 0Number of asset objects unloaded after import = 1

========================================================================
Received Import Request.
  Time since last request: 0.000088 seconds.
  path: Assets/TerrainDemoScene_URP/Terrain/Textures/Rock_Jagged_B
  artifactKey: Guid(4d74dee0aa922be49a59c97ee7347065) Importer(2089858483,192608db42251d675da83286b1cce702)
Start importing Assets/TerrainDemoScene_URP/Terrain/Textures/Rock_Jagged_B using Guid(4d74dee0aa922be49a59c97ee7347065) Importer(2089858483,192608db42251d675da83286b1cce702) (ScriptedImporter) -> (artifact id: '50f29c0334d6cdfa8fa04d39e707beef') in 0.0036365 seconds
Number of updated asset objects reloaded before import = 0Number of asset objects unloaded after import = 1

========================================================================
Received Import Request.
  Time since last request: 0.000132 seconds.
  path: Assets/TerrainDemoScene_URP/Prefabs
  artifactKey: Guid(96d928f51cac350499225a93778e20cf) Importer(2089858483,192608db42251d675da83286b1cce702)
Start importing Assets/TerrainDemoScene_URP/Prefabs using Guid(96d928f51cac350499225a93778e20cf) Importer(2089858483,192608db42251d675da83286b1cce702) (ScriptedImporter) -> (artifact id: '510149f25674132af127d76e7c7e94fa') in 0.003616458 seconds
Number of updated asset objects reloaded before import = 0Number of asset objects unloaded after import = 1

========================================================================
Received Import Request.
  Time since last request: 0.000088 seconds.
  path: Assets/WaterWorks/Resources/Water_Volume.mat
  artifactKey: Guid(ad0a7fc2d1190ff46985f49b15861c82) Importer(2089858483,192608db42251d675da83286b1cce702)
Start importing Assets/WaterWorks/Resources/Water_Volume.mat using Guid(ad0a7fc2d1190ff46985f49b15861c82) Importer(2089858483,192608db42251d675da83286b1cce702) (ScriptedImporter) -> (artifact id: '0f1a093155cf50d196ac37f1f4dc06a9') in 0.032684042 seconds
Number of updated asset objects reloaded before import = 0Number of asset objects unloaded after import = 2

========================================================================
Received Import Request.
  Time since last request: 0.000114 seconds.
  path: Assets/TerrainDemoScene_URP/Prefabs/Trees
  artifactKey: Guid(b651571699bf26044ae1afe6d16aeaae) Importer(2089858483,192608db42251d675da83286b1cce702)
Start importing Assets/TerrainDemoScene_URP/Prefabs/Trees using Guid(b651571699bf26044ae1afe6d16aeaae) Importer(2089858483,192608db42251d675da83286b1cce702) (ScriptedImporter) -> (artifact id: 'ddcf6818a56c602ab8f2bc5b6848f120') in 0.002833792 seconds
Number of updated asset objects reloaded before import = 0Number of asset objects unloaded after import = 1

========================================================================
Received Import Request.
  Time since last request: 0.000195 seconds.
  path: Assets/Samples/XR Interaction Toolkit/3.0.9/Starter Assets/Editor
  artifactKey: Guid(004f0e70ab2efb54a9d93a283d657b97) Importer(2089858483,192608db42251d675da83286b1cce702)
Start importing Assets/Samples/XR Interaction Toolkit/3.0.9/Starter Assets/Editor using Guid(004f0e70ab2efb54a9d93a283d657b97) Importer(2089858483,192608db42251d675da83286b1cce702) (ScriptedImporter) -> (artifact id: '1a9b271550f5f660438d7a78c173bd83') in 0.005470709 seconds
Number of updated asset objects reloaded before import = 0Number of asset objects unloaded after import = 1

========================================================================
Received Import Request.
  Time since last request: 0.000165 seconds.
  path: Assets/Samples/XR Interaction Toolkit/3.0.9/Starter Assets/Prefabs/Teleport
  artifactKey: Guid(e71c638c311acc546a63dbfa61f89ab6) Importer(2089858483,192608db42251d675da83286b1cce702)
Start importing Assets/Samples/XR Interaction Toolkit/3.0.9/Starter Assets/Prefabs/Teleport using Guid(e71c638c311acc546a63dbfa61f89ab6) Importer(2089858483,192608db42251d675da83286b1cce702) (ScriptedImporter) -> (artifact id: 'e6baa7d735ab44fcf5ebe561c391bcde') in 0.00453225 seconds
Number of updated asset objects reloaded before import = 0Number of asset objects unloaded after import = 1

========================================================================
Received Import Request.
  Time since last request: 0.000152 seconds.
  path: Assets
  artifactKey: Guid(00000000000000001000000000000000) Importer(2089858483,192608db42251d675da83286b1cce702)
Start importing Assets using Guid(00000000000000001000000000000000) Importer(2089858483,192608db42251d675da83286b1cce702) (ScriptedImporter) -> (artifact id: 'e60c9261e9de275d002bc822105592c8') in 0.003548083 seconds
Number of updated asset objects reloaded before import = 0Number of asset objects unloaded after import = 1

========================================================================
Received Import Request.
  Time since last request: 0.000047 seconds.
  path: Assets/BoatParts
  artifactKey: Guid(0c0df13562d9e7c42a46c12e4ecfb866) Importer(2089858483,192608db42251d675da83286b1cce702)
Start importing Assets/BoatParts using Guid(0c0df13562d9e7c42a46c12e4ecfb866) Importer(2089858483,192608db42251d675da83286b1cce702) (ScriptedImporter) -> (artifact id: '9015a3e511d689af26b786c8b5afa248') in 0.00496575 seconds
Number of updated asset objects reloaded before import = 0Number of asset objects unloaded after import = 1

========================================================================
Received Import Request.
  Time since last request: 0.000113 seconds.
  path: Assets/TerrainDemoScene_URP/Terrain/Materials
  artifactKey: Guid(275a1332c4e0e8e408def59f8bd871eb) Importer(2089858483,192608db42251d675da83286b1cce702)
Start importing Assets/TerrainDemoScene_URP/Terrain/Materials using Guid(275a1332c4e0e8e408def59f8bd871eb) Importer(2089858483,192608db42251d675da83286b1cce702) (ScriptedImporter) -> (artifact id: '9e922b3fc83013bb62818978fc55c678') in 0.004054542 seconds
Number of updated asset objects reloaded before import = 0Number of asset objects unloaded after import = 1

========================================================================
Received Import Request.
  Time since last request: 0.000202 seconds.
  path: Assets/TerrainDemoScene_URP/Terrain/Textures
  artifactKey: Guid(403f503485f141040ad4a96e37fbf98b) Importer(2089858483,192608db42251d675da83286b1cce702)
Start importing Assets/TerrainDemoScene_URP/Terrain/Textures using Guid(403f503485f141040ad4a96e37fbf98b) Importer(2089858483,192608db42251d675da83286b1cce702) (ScriptedImporter) -> (artifact id: '9812f4323ca2c73d4c46f617615dbe44') in 0.002502708 seconds
Number of updated asset objects reloaded before import = 0Number of asset objects unloaded after import = 1

========================================================================
Received Import Request.
  Time since last request: 0.000081 seconds.
  path: Assets/TerrainDemoScene_URP/Terrain
  artifactKey: Guid(1c7d9479254419746b6bef253ae5853b) Importer(2089858483,192608db42251d675da83286b1cce702)
Start importing Assets/TerrainDemoScene_URP/Terrain using Guid(1c7d9479254419746b6bef253ae5853b) Importer(2089858483,192608db42251d675da83286b1cce702) (ScriptedImporter) -> (artifact id: 'c6d211d91277f9de55d0b2d25c655c86') in 0.003498333 seconds
Number of updated asset objects reloaded before import = 0Number of asset objects unloaded after import = 1

========================================================================
Received Import Request.
  Time since last request: 0.000166 seconds.
  path: Assets/TerrainDemoScene_URP/Terrain/Textures/Grass_B
  artifactKey: Guid(114460a2d76391b498c8f6f0773901fb) Importer(2089858483,192608db42251d675da83286b1cce702)
Start importing Assets/TerrainDemoScene_URP/Terrain/Textures/Grass_B using Guid(114460a2d76391b498c8f6f0773901fb) Importer(2089858483,192608db42251d675da83286b1cce702) (ScriptedImporter) -> (artifact id: 'ef6676be0dc5460e5e647fc4a8824c05') in 0.003048833 seconds
Number of updated asset objects reloaded before import = 0Number of asset objects unloaded after import = 1

========================================================================
Received Import Request.
  Time since last request: 0.000174 seconds.
  path: Assets/TerrainDemoScene_URP/Prefabs/Rocks/Models
  artifactKey: Guid(cbb373ffab0efce49817c75cac877a5a) Importer(2089858483,192608db42251d675da83286b1cce702)
Start importing Assets/TerrainDemoScene_URP/Prefabs/Rocks/Models using Guid(cbb373ffab0efce49817c75cac877a5a) Importer(2089858483,192608db42251d675da83286b1cce702) (ScriptedImporter) -> (artifact id: '1678448a35441a3bd7a0387b45e16b90') in 0.003217334 seconds
Number of updated asset objects reloaded before import = 0Number of asset objects unloaded after import = 1

========================================================================
Received Import Request.
  Time since last request: 0.000067 seconds.
  path: Assets/XRI
  artifactKey: Guid(add31e3ff2b4a8e478bb16ecfdeea55a) Importer(2089858483,192608db42251d675da83286b1cce702)
Start importing Assets/XRI using Guid(add31e3ff2b4a8e478bb16ecfdeea55a) Importer(2089858483,192608db42251d675da83286b1cce702) (ScriptedImporter) -> (artifact id: '8aa05fd42712d548f681b4a17adcbebd') in 0.003068125 seconds
Number of updated asset objects reloaded before import = 0Number of asset objects unloaded after import = 1

========================================================================
Received Import Request.
  Time since last request: 0.000135 seconds.
  path: Assets/Samples/XR Interaction Toolkit/3.0.9/Starter Assets/DemoSceneAssets/Prefabs/Teleport
  artifactKey: Guid(66c6494bc1ad3b348b472a4d6d544e93) Importer(2089858483,192608db42251d675da83286b1cce702)
Start importing Assets/Samples/XR Interaction Toolkit/3.0.9/Starter Assets/DemoSceneAssets/Prefabs/Teleport using Guid(66c6494bc1ad3b348b472a4d6d544e93) Importer(2089858483,192608db42251d675da83286b1cce702) (ScriptedImporter) -> (artifact id: '1065911b26a736d45d26f9c57d2a778b') in 0.002039667 seconds
Number of updated asset objects reloaded before import = 0Number of asset objects unloaded after import = 1

========================================================================
Received Import Request.
  Time since last request: 0.000092 seconds.
  path: Assets/Samples/XR Interaction Toolkit/3.0.9/Starter Assets/DemoSceneAssets/AffordanceThemes
  artifactKey: Guid(f635bc48476c3db41b2fe75737878deb) Importer(2089858483,192608db42251d675da83286b1cce702)
Start importing Assets/Samples/XR Interaction Toolkit/3.0.9/Starter Assets/DemoSceneAssets/AffordanceThemes using Guid(f635bc48476c3db41b2fe75737878deb) Importer(2089858483,192608db42251d675da83286b1cce702) (ScriptedImporter) -> (artifact id: '5cc8ede98205dcbd5f2f72210efd1439') in 0.002386709 seconds
Number of updated asset objects reloaded before import = 0Number of asset objects unloaded after import = 1

========================================================================
Received Import Request.
  Time since last request: 0.000068 seconds.
  path: Assets/RIverSplineFollowing/RiverBoat.cs
  artifactKey: Guid(761f44a8fbc9bb04ea69662e11a54bf4) Importer(2089858483,192608db42251d675da83286b1cce702)
Start importing Assets/RIverSplineFollowing/RiverBoat.cs using Guid(761f44a8fbc9bb04ea69662e11a54bf4) Importer(2089858483,192608db42251d675da83286b1cce702) (ScriptedImporter) -> (artifact id: '4a67db9e772fbb615b3ce06cbec1678e') in 0.005755792 seconds
Number of updated asset objects reloaded before import = 0Number of asset objects unloaded after import = 0

========================================================================
Received Import Request.
  Time since last request: 0.000055 seconds.
  path: Assets/TerrainDemoScene_URP/Terrain/Textures/Black_Sand_A
  artifactKey: Guid(4e1706a0e0eda6b48839726becff3dc2) Importer(2089858483,192608db42251d675da83286b1cce702)
Start importing Assets/TerrainDemoScene_URP/Terrain/Textures/Black_Sand_A using Guid(4e1706a0e0eda6b48839726becff3dc2) Importer(2089858483,192608db42251d675da83286b1cce702) (ScriptedImporter) -> (artifact id: '8cef895e1b7532632219b8f4198178b2') in 0.00243025 seconds
Number of updated asset objects reloaded before import = 0Number of asset objects unloaded after import = 1

========================================================================
Received Import Request.
  Time since last request: 0.000358 seconds.
  path: Assets/TerrainDemoScene_URP/Terrain/Textures/Grass_Moss_A
  artifactKey: Guid(c38c45971799d5a4796bec2ffdc02130) Importer(2089858483,192608db42251d675da83286b1cce702)
Start importing Assets/TerrainDemoScene_URP/Terrain/Textures/Grass_Moss_A using Guid(c38c45971799d5a4796bec2ffdc02130) Importer(2089858483,192608db42251d675da83286b1cce702) (ScriptedImporter) -> (artifact id: '1dceeda3089e4601a31999642cbdebfb') in 0.00230025 seconds
Number of updated asset objects reloaded before import = 0Number of asset objects unloaded after import = 1

========================================================================
Received Import Request.
  Time since last request: 0.000084 seconds.
  path: Assets/TerrainDemoScene_URP/Prefabs/Rocks/Materials
  artifactKey: Guid(c1457bd927ef99a4e870357039d718d1) Importer(2089858483,192608db42251d675da83286b1cce702)
Start importing Assets/TerrainDemoScene_URP/Prefabs/Rocks/Materials using Guid(c1457bd927ef99a4e870357039d718d1) Importer(2089858483,192608db42251d675da83286b1cce702) (ScriptedImporter) -> (artifact id: '9ebb2c84191b2f830d57fe7828ab3d60') in 0.003037875 seconds
Number of updated asset objects reloaded before import = 0Number of asset objects unloaded after import = 1

========================================================================
Received Import Request.
  Time since last request: 0.000759 seconds.
  path: Assets/WaterWorks/Materials
  artifactKey: Guid(2dc1e8b49fb054d489eb47525eb83ff1) Importer(2089858483,192608db42251d675da83286b1cce702)
Start importing Assets/WaterWorks/Materials using Guid(2dc1e8b49fb054d489eb47525eb83ff1) Importer(2089858483,192608db42251d675da83286b1cce702) (ScriptedImporter) -> (artifact id: 'a056d3f0edfb0e1f72065d5c9bdef7d1') in 0.003129334 seconds
Number of updated asset objects reloaded before import = 0Number of asset objects unloaded after import = 1

========================================================================
Received Prepare
'Packages/com.unity.render-pipelines.high-definition/Editor/Wizard/HDWizard.UIElement.cs' contains partial class of Unity.Object, exactly 1 of the partial classes needs to be in a file with the same filename. This is to know the one that can be referenced from ie. GameObjects
'Packages/com.unity.render-pipelines.high-definition/Editor/Wizard/HDWizard.Configuration.cs' contains partial class of Unity.Object, exactly 1 of the partial classes needs to be in a file with the same filename. This is to know the one that can be referenced from ie. GameObjects
'Packages/com.unity.render-pipelines.high-definition/Editor/Wizard/HDWizard.Window.cs' contains partial class of Unity.Object, exactly 1 of the partial classes needs to be in a file with the same filename. This is to know the one that can be referenced from ie. GameObjects
WARNING: Shader Unsupported: 'HDRP/TerrainLit' - All subshaders removed
WARNING: Shader Did you use #pragma only_renderers and omit this platform?
WARNING: Shader If subshaders removal was intentional, you may have forgotten turning Fallback off?
WARNING: Shader Unsupported: 'HDRP/TerrainLit' - All subshaders removed
WARNING: Shader Did you use #pragma only_renderers and omit this platform?
WARNING: Shader If subshaders removal was intentional, you may have forgotten turning Fallback off?
WARNING: Shader Unsupported: 'Universal Render Pipeline/VR/SpatialMapping/Wireframe' - All subshaders removed
WARNING: Shader Did you use #pragma only_renderers and omit this platform?
WARNING: Shader If subshaders removal was intentional, you may have forgotten turning Fallback off?
WARNING: Shader Unsupported: 'Universal Render Pipeline/VR/SpatialMapping/Wireframe' - All subshaders removed
WARNING: Shader Did you use #pragma only_renderers and omit this platform?
WARNING: Shader If subshaders removal was intentional, you may have forgotten turning Fallback off?
Refreshing native plugins compatible for Editor in 2.86 ms, found 10 plugins.
Preloading 1 native plugins for Editor in 0.24 ms.
Unloading 169 Unused Serialized files (Serialized files now loaded: 0)
Unloading 9351 unused Assets / (15.9 MB). Loaded Objects now: 10120.
Memory consumption went from 222.8 MB to 206.9 MB.
Total: 68.729833 ms (FindLiveObjects: 4.041917 ms CreateObjectMapping: 0.821500 ms MarkObjects: 46.499000 ms  DeleteObjects: 17.365334 ms)

Prepare: number of updated asset objects reloaded= 0
========================================================================
Received Import Request.
  Time since last request: 7.817980 seconds.
  path: Assets/Scripts/PaddlingController.cs
  artifactKey: Guid(55f32f6e5d6654003a65a90cc5b293f6) Importer(815301076,1909f56bfc062723c751e8b465ee728b)
Start importing Assets/Scripts/PaddlingController.cs using Guid(55f32f6e5d6654003a65a90cc5b293f6) Importer(815301076,1909f56bfc062723c751e8b465ee728b) (PreviewImporter) -> (artifact id: '248660de1a67586ef09ab8e848499084') in 0.005404166 seconds
Number of updated asset objects reloaded before import = 0Number of asset objects unloaded after import = 0

========================================================================
Received Prepare
Begin MonoManager ReloadAssembly
Thread 0x16b9d3000 may have been prematurely finalized
- Loaded All Assemblies, in  5.652 seconds
'Packages/com.unity.render-pipelines.high-definition/Editor/Wizard/HDWizard.UIElement.cs' contains partial class of Unity.Object, exactly 1 of the partial classes needs to be in a file with the same filename. This is to know the one that can be referenced from ie. GameObjects
'Packages/com.unity.render-pipelines.high-definition/Editor/Wizard/HDWizard.Configuration.cs' contains partial class of Unity.Object, exactly 1 of the partial classes needs to be in a file with the same filename. This is to know the one that can be referenced from ie. GameObjects
'Packages/com.unity.render-pipelines.high-definition/Editor/Wizard/HDWizard.Window.cs' contains partial class of Unity.Object, exactly 1 of the partial classes needs to be in a file with the same filename. This is to know the one that can be referenced from ie. GameObjects
Refreshing native plugins compatible for Editor in 5.57 ms, found 10 plugins.
Native extension for OSXStandalone target not found
[Package Manager] Failed to launch server process. Reason: Unity was launched with the -noUpm command-line argument
[Package Manager] Unable to send message (not connected to server process).
[Package Manager] Cannot connect to Unity Package Manager local server
[MODES] ModeService[none].Initialize
[MODES] ModeService[none].LoadModes
Mono: successfully reloaded assembly
[Package Manager] Failed to launch server process. Reason: Unity was launched with the -noUpm command-line argument
[Package Manager] Unable to send message (not connected to server process).
[Package Manager] Cannot connect to Unity Package Manager local server
- Finished resetting the current domain, in  2.356 seconds
Domain Reload Profiling: 8059ms
	BeginReloadAssembly (2010ms)
		ExecutionOrderSort (1ms)
		DisableScriptedObjects (70ms)
		BackupInstance (0ms)
		ReleaseScriptingObjects (1ms)
		CreateAndSetChildDomain (659ms)
	RebuildCommonClasses (69ms)
	RebuildNativeTypeToScriptingClass (11ms)
	initialDomainReloadingComplete (75ms)
	LoadAllAssembliesAndSetupDomain (3537ms)
		LoadAssemblies (2002ms)
		RebuildTransferFunctionScriptingTraits (0ms)
		AnalyzeDomain (2267ms)
			TypeCache.Refresh (455ms)
				TypeCache.ScanAssembly (15ms)
			BuildScriptInfoCaches (1715ms)
			ResolveRequiredComponents (39ms)
	FinalizeReload (2357ms)
		ReleaseScriptCaches (0ms)
		RebuildScriptCaches (0ms)
		SetupLoadedEditorAssemblies (2004ms)
			LogAssemblyErrors (0ms)
			InitializePlatformSupportModulesInManaged (6ms)
			SetLoadedEditorAssemblies (12ms)
			BeforeProcessingInitializeOnLoad (287ms)
			ProcessInitializeOnLoadAttributes (1160ms)
			ProcessInitializeOnLoadMethodAttributes (534ms)
			AfterProcessingInitializeOnLoad (1ms)
			EditorAssembliesLoaded (4ms)
		ExecutionOrderSort2 (1ms)
		AwakeInstancesAfterBackupRestoration (21ms)
WARNING: Shader Unsupported: 'HDRP/TerrainLit' - All subshaders removed
WARNING: Shader Did you use #pragma only_renderers and omit this platform?
WARNING: Shader If subshaders removal was intentional, you may have forgotten turning Fallback off?
WARNING: Shader Unsupported: 'HDRP/TerrainLit' - All subshaders removed
WARNING: Shader Did you use #pragma only_renderers and omit this platform?
WARNING: Shader If subshaders removal was intentional, you may have forgotten turning Fallback off?
WARNING: Shader Unsupported: 'Universal Render Pipeline/VR/SpatialMapping/Wireframe' - All subshaders removed
WARNING: Shader Did you use #pragma only_renderers and omit this platform?
WARNING: Shader If subshaders removal was intentional, you may have forgotten turning Fallback off?
WARNING: Shader Unsupported: 'Universal Render Pipeline/VR/SpatialMapping/Wireframe' - All subshaders removed
WARNING: Shader Did you use #pragma only_renderers and omit this platform?
WARNING: Shader If subshaders removal was intentional, you may have forgotten turning Fallback off?
Refreshing native plugins compatible for Editor in 4.92 ms, found 10 plugins.
Preloading 1 native plugins for Editor in 19.54 ms.
Unloading 169 Unused Serialized files (Serialized files now loaded: 0)
Unloading 9396 unused Assets / (12.5 MB). Loaded Objects now: 10152.
Memory consumption went from 267.1 MB to 254.6 MB.
Total: 155.895375 ms (FindLiveObjects: 22.741542 ms CreateObjectMapping: 2.239042 ms MarkObjects: 92.538208 ms  DeleteObjects: 38.369292 ms)

Prepare: number of updated asset objects reloaded= 0
========================================================================
Received Prepare
Begin MonoManager ReloadAssembly
Thread 0x17e18b000 may have been prematurely finalized
- Loaded All Assemblies, in  2.355 seconds
'Packages/com.unity.render-pipelines.high-definition/Editor/Wizard/HDWizard.UIElement.cs' contains partial class of Unity.Object, exactly 1 of the partial classes needs to be in a file with the same filename. This is to know the one that can be referenced from ie. GameObjects
'Packages/com.unity.render-pipelines.high-definition/Editor/Wizard/HDWizard.Configuration.cs' contains partial class of Unity.Object, exactly 1 of the partial classes needs to be in a file with the same filename. This is to know the one that can be referenced from ie. GameObjects
'Packages/com.unity.render-pipelines.high-definition/Editor/Wizard/HDWizard.Window.cs' contains partial class of Unity.Object, exactly 1 of the partial classes needs to be in a file with the same filename. This is to know the one that can be referenced from ie. GameObjects
Refreshing native plugins compatible for Editor in 6.96 ms, found 10 plugins.
Native extension for OSXStandalone target not found
[Package Manager] Failed to launch server process. Reason: Unity was launched with the -noUpm command-line argument
[Package Manager] Unable to send message (not connected to server process).
[Package Manager] Cannot connect to Unity Package Manager local server
[MODES] ModeService[none].Initialize
[MODES] ModeService[none].LoadModes
Mono: successfully reloaded assembly
[Package Manager] Failed to launch server process. Reason: Unity was launched with the -noUpm command-line argument
[Package Manager] Unable to send message (not connected to server process).
[Package Manager] Cannot connect to Unity Package Manager local server
- Finished resetting the current domain, in  1.512 seconds
Domain Reload Profiling: 3883ms
	BeginReloadAssembly (452ms)
		ExecutionOrderSort (0ms)
		DisableScriptedObjects (11ms)
		BackupInstance (0ms)
		ReleaseScriptingObjects (1ms)
		CreateAndSetChildDomain (137ms)
	RebuildCommonClasses (46ms)
	RebuildNativeTypeToScriptingClass (21ms)
	initialDomainReloadingComplete (34ms)
	LoadAllAssembliesAndSetupDomain (1817ms)
		LoadAssemblies (1389ms)
		RebuildTransferFunctionScriptingTraits (0ms)
		AnalyzeDomain (593ms)
			TypeCache.Refresh (94ms)
				TypeCache.ScanAssembly (3ms)
			BuildScriptInfoCaches (457ms)
			ResolveRequiredComponents (18ms)
	FinalizeReload (1513ms)
		ReleaseScriptCaches (0ms)
		RebuildScriptCaches (0ms)
		SetupLoadedEditorAssemblies (1298ms)
			LogAssemblyErrors (0ms)
			InitializePlatformSupportModulesInManaged (3ms)
			SetLoadedEditorAssemblies (7ms)
			BeforeProcessingInitializeOnLoad (157ms)
			ProcessInitializeOnLoadAttributes (821ms)
			ProcessInitializeOnLoadMethodAttributes (308ms)
			AfterProcessingInitializeOnLoad (1ms)
			EditorAssembliesLoaded (1ms)
		ExecutionOrderSort2 (0ms)
		AwakeInstancesAfterBackupRestoration (10ms)
WARNING: Shader Unsupported: 'HDRP/TerrainLit' - All subshaders removed
WARNING: Shader Did you use #pragma only_renderers and omit this platform?
WARNING: Shader If subshaders removal was intentional, you may have forgotten turning Fallback off?
WARNING: Shader Unsupported: 'HDRP/TerrainLit' - All subshaders removed
WARNING: Shader Did you use #pragma only_renderers and omit this platform?
WARNING: Shader If subshaders removal was intentional, you may have forgotten turning Fallback off?
WARNING: Shader Unsupported: 'Universal Render Pipeline/VR/SpatialMapping/Wireframe' - All subshaders removed
WARNING: Shader Did you use #pragma only_renderers and omit this platform?
WARNING: Shader If subshaders removal was intentional, you may have forgotten turning Fallback off?
WARNING: Shader Unsupported: 'Universal Render Pipeline/VR/SpatialMapping/Wireframe' - All subshaders removed
WARNING: Shader Did you use #pragma only_renderers and omit this platform?
WARNING: Shader If subshaders removal was intentional, you may have forgotten turning Fallback off?
Refreshing native plugins compatible for Editor in 4.17 ms, found 10 plugins.
Preloading 1 native plugins for Editor in 0.96 ms.
Unloading 169 Unused Serialized files (Serialized files now loaded: 0)
Unloading 9396 unused Assets / (13.5 MB). Loaded Objects now: 10155.
Memory consumption went from 266.4 MB to 253.0 MB.
Total: 74.269167 ms (FindLiveObjects: 7.231500 ms CreateObjectMapping: 1.282417 ms MarkObjects: 43.750166 ms  DeleteObjects: 22.004166 ms)

Prepare: number of updated asset objects reloaded= 0
========================================================================
Received Import Request.
  Time since last request: 36.990111 seconds.
  path: Assets/Scripts/PaddlingController.cs
  artifactKey: Guid(55f32f6e5d6654003a65a90cc5b293f6) Importer(815301076,1909f56bfc062723c751e8b465ee728b)
Start importing Assets/Scripts/PaddlingController.cs using Guid(55f32f6e5d6654003a65a90cc5b293f6) Importer(815301076,1909f56bfc062723c751e8b465ee728b) (PreviewImporter) -> (artifact id: 'd5d87e14b31e0e004e1f2c67b00c3d9e') in 0.005006417 seconds
Number of updated asset objects reloaded before import = 0Number of asset objects unloaded after import = 0

========================================================================
Received Prepare
Begin MonoManager ReloadAssembly
[Licensing::Client] Successfully resolved entitlement details
Thread 0x17fb9f000 may have been prematurely finalized
- Loaded All Assemblies, in  0.877 seconds
'Packages/com.unity.render-pipelines.high-definition/Editor/Wizard/HDWizard.UIElement.cs' contains partial class of Unity.Object, exactly 1 of the partial classes needs to be in a file with the same filename. This is to know the one that can be referenced from ie. GameObjects
'Packages/com.unity.render-pipelines.high-definition/Editor/Wizard/HDWizard.Configuration.cs' contains partial class of Unity.Object, exactly 1 of the partial classes needs to be in a file with the same filename. This is to know the one that can be referenced from ie. GameObjects
'Packages/com.unity.render-pipelines.high-definition/Editor/Wizard/HDWizard.Window.cs' contains partial class of Unity.Object, exactly 1 of the partial classes needs to be in a file with the same filename. This is to know the one that can be referenced from ie. GameObjects
Refreshing native plugins compatible for Editor in 3.92 ms, found 10 plugins.
Native extension for OSXStandalone target not found
[Package Manager] Failed to launch server process. Reason: Unity was launched with the -noUpm command-line argument
[Package Manager] Unable to send message (not connected to server process).
[Package Manager] Cannot connect to Unity Package Manager local server
[MODES] ModeService[none].Initialize
[MODES] ModeService[none].LoadModes
Mono: successfully reloaded assembly
[Package Manager] Failed to launch server process. Reason: Unity was launched with the -noUpm command-line argument
[Package Manager] Unable to send message (not connected to server process).
[Package Manager] Cannot connect to Unity Package Manager local server
- Finished resetting the current domain, in  1.061 seconds
Domain Reload Profiling: 1946ms
	BeginReloadAssembly (244ms)
		ExecutionOrderSort (0ms)
		DisableScriptedObjects (9ms)
		BackupInstance (0ms)
		ReleaseScriptingObjects (1ms)
		CreateAndSetChildDomain (67ms)
	RebuildCommonClasses (27ms)
	RebuildNativeTypeToScriptingClass (11ms)
	initialDomainReloadingComplete (19ms)
	LoadAllAssembliesAndSetupDomain (582ms)
		LoadAssemblies (354ms)
		RebuildTransferFunctionScriptingTraits (0ms)
		AnalyzeDomain (301ms)
			TypeCache.Refresh (24ms)
				TypeCache.ScanAssembly (0ms)
			BuildScriptInfoCaches (258ms)
			ResolveRequiredComponents (15ms)
	FinalizeReload (1063ms)
		ReleaseScriptCaches (0ms)
		RebuildScriptCaches (0ms)
		SetupLoadedEditorAssemblies (918ms)
			LogAssemblyErrors (0ms)
			InitializePlatformSupportModulesInManaged (3ms)
			SetLoadedEditorAssemblies (5ms)
			BeforeProcessingInitializeOnLoad (154ms)
			ProcessInitializeOnLoadAttributes (539ms)
			ProcessInitializeOnLoadMethodAttributes (213ms)
			AfterProcessingInitializeOnLoad (3ms)
			EditorAssembliesLoaded (2ms)
		ExecutionOrderSort2 (0ms)
		AwakeInstancesAfterBackupRestoration (12ms)
WARNING: Shader Unsupported: 'HDRP/TerrainLit' - All subshaders removed
WARNING: Shader Did you use #pragma only_renderers and omit this platform?
WARNING: Shader If subshaders removal was intentional, you may have forgotten turning Fallback off?
WARNING: Shader Unsupported: 'HDRP/TerrainLit' - All subshaders removed
WARNING: Shader Did you use #pragma only_renderers and omit this platform?
WARNING: Shader If subshaders removal was intentional, you may have forgotten turning Fallback off?
WARNING: Shader Unsupported: 'Universal Render Pipeline/VR/SpatialMapping/Wireframe' - All subshaders removed
WARNING: Shader Did you use #pragma only_renderers and omit this platform?
WARNING: Shader If subshaders removal was intentional, you may have forgotten turning Fallback off?
WARNING: Shader Unsupported: 'Universal Render Pipeline/VR/SpatialMapping/Wireframe' - All subshaders removed
WARNING: Shader Did you use #pragma only_renderers and omit this platform?
WARNING: Shader If subshaders removal was intentional, you may have forgotten turning Fallback off?
Refreshing native plugins compatible for Editor in 5.68 ms, found 10 plugins.
Preloading 1 native plugins for Editor in 2.48 ms.
Unloading 169 Unused Serialized files (Serialized files now loaded: 0)
Unloading 9396 unused Assets / (15.7 MB). Loaded Objects now: 10158.
Memory consumption went from 266.5 MB to 250.8 MB.
Total: 65.123208 ms (FindLiveObjects: 7.637458 ms CreateObjectMapping: 0.626500 ms MarkObjects: 41.616459 ms  DeleteObjects: 15.241208 ms)

Prepare: number of updated asset objects reloaded= 0
========================================================================
Received Prepare
Begin MonoManager ReloadAssembly
[Licensing::Client] Successfully resolved entitlement details
Thread 0x307887000 may have been prematurely finalized
- Loaded All Assemblies, in  1.322 seconds
'Packages/com.unity.render-pipelines.high-definition/Editor/Wizard/HDWizard.UIElement.cs' contains partial class of Unity.Object, exactly 1 of the partial classes needs to be in a file with the same filename. This is to know the one that can be referenced from ie. GameObjects
'Packages/com.unity.render-pipelines.high-definition/Editor/Wizard/HDWizard.Configuration.cs' contains partial class of Unity.Object, exactly 1 of the partial classes needs to be in a file with the same filename. This is to know the one that can be referenced from ie. GameObjects
'Packages/com.unity.render-pipelines.high-definition/Editor/Wizard/HDWizard.Window.cs' contains partial class of Unity.Object, exactly 1 of the partial classes needs to be in a file with the same filename. This is to know the one that can be referenced from ie. GameObjects
Refreshing native plugins compatible for Editor in 13.40 ms, found 10 plugins.
Native extension for OSXStandalone target not found
[Package Manager] Failed to launch server process. Reason: Unity was launched with the -noUpm command-line argument
[Package Manager] Unable to send message (not connected to server process).
[Package Manager] Cannot connect to Unity Package Manager local server
[MODES] ModeService[none].Initialize
[MODES] ModeService[none].LoadModes
Mono: successfully reloaded assembly
[Package Manager] Failed to launch server process. Reason: Unity was launched with the -noUpm command-line argument
[Package Manager] Unable to send message (not connected to server process).
[Package Manager] Cannot connect to Unity Package Manager local server
- Finished resetting the current domain, in  1.419 seconds
Domain Reload Profiling: 2799ms
	BeginReloadAssembly (287ms)
		ExecutionOrderSort (0ms)
		DisableScriptedObjects (5ms)
		BackupInstance (0ms)
		ReleaseScriptingObjects (0ms)
		CreateAndSetChildDomain (78ms)
	RebuildCommonClasses (26ms)
	RebuildNativeTypeToScriptingClass (10ms)
	initialDomainReloadingComplete (22ms)
	LoadAllAssembliesAndSetupDomain (1032ms)
		LoadAssemblies (509ms)
		RebuildTransferFunctionScriptingTraits (0ms)
		AnalyzeDomain (591ms)
			TypeCache.Refresh (72ms)
				TypeCache.ScanAssembly (0ms)
			BuildScriptInfoCaches (411ms)
			ResolveRequiredComponents (89ms)
	FinalizeReload (1422ms)
		ReleaseScriptCaches (0ms)
		RebuildScriptCaches (0ms)
		SetupLoadedEditorAssemblies (1191ms)
			LogAssemblyErrors (0ms)
			InitializePlatformSupportModulesInManaged (3ms)
			SetLoadedEditorAssemblies (6ms)
			BeforeProcessingInitializeOnLoad (165ms)
			ProcessInitializeOnLoadAttributes (687ms)
			ProcessInitializeOnLoadMethodAttributes (329ms)
			AfterProcessingInitializeOnLoad (1ms)
			EditorAssembliesLoaded (1ms)
		ExecutionOrderSort2 (0ms)
		AwakeInstancesAfterBackupRestoration (18ms)
WARNING: Shader Unsupported: 'HDRP/TerrainLit' - All subshaders removed
WARNING: Shader Did you use #pragma only_renderers and omit this platform?
WARNING: Shader If subshaders removal was intentional, you may have forgotten turning Fallback off?
WARNING: Shader Unsupported: 'HDRP/TerrainLit' - All subshaders removed
WARNING: Shader Did you use #pragma only_renderers and omit this platform?
WARNING: Shader If subshaders removal was intentional, you may have forgotten turning Fallback off?
WARNING: Shader Unsupported: 'Universal Render Pipeline/VR/SpatialMapping/Wireframe' - All subshaders removed
WARNING: Shader Did you use #pragma only_renderers and omit this platform?
WARNING: Shader If subshaders removal was intentional, you may have forgotten turning Fallback off?
WARNING: Shader Unsupported: 'Universal Render Pipeline/VR/SpatialMapping/Wireframe' - All subshaders removed
WARNING: Shader Did you use #pragma only_renderers and omit this platform?
WARNING: Shader If subshaders removal was intentional, you may have forgotten turning Fallback off?
Refreshing native plugins compatible for Editor in 9.77 ms, found 10 plugins.
Preloading 1 native plugins for Editor in 12.08 ms.
Unloading 169 Unused Serialized files (Serialized files now loaded: 0)
Unloading 9396 unused Assets / (16.0 MB). Loaded Objects now: 10161.
Memory consumption went from 266.3 MB to 250.3 MB.
Total: 77.205542 ms (FindLiveObjects: 21.738208 ms CreateObjectMapping: 1.149125 ms MarkObjects: 38.482208 ms  DeleteObjects: 15.834792 ms)

Prepare: number of updated asset objects reloaded= 0
========================================================================
Received Prepare
Begin MonoManager ReloadAssembly
Thread 0x16b57f000 may have been prematurely finalized
- Loaded All Assemblies, in  0.839 seconds
'Packages/com.unity.render-pipelines.high-definition/Editor/Wizard/HDWizard.UIElement.cs' contains partial class of Unity.Object, exactly 1 of the partial classes needs to be in a file with the same filename. This is to know the one that can be referenced from ie. GameObjects
'Packages/com.unity.render-pipelines.high-definition/Editor/Wizard/HDWizard.Configuration.cs' contains partial class of Unity.Object, exactly 1 of the partial classes needs to be in a file with the same filename. This is to know the one that can be referenced from ie. GameObjects
'Packages/com.unity.render-pipelines.high-definition/Editor/Wizard/HDWizard.Window.cs' contains partial class of Unity.Object, exactly 1 of the partial classes needs to be in a file with the same filename. This is to know the one that can be referenced from ie. GameObjects
Refreshing native plugins compatible for Editor in 2.76 ms, found 10 plugins.
Native extension for OSXStandalone target not found
[Package Manager] Failed to launch server process. Reason: Unity was launched with the -noUpm command-line argument
[Package Manager] Unable to send message (not connected to server process).
[Package Manager] Cannot connect to Unity Package Manager local server
[MODES] ModeService[none].Initialize
[MODES] ModeService[none].LoadModes
Mono: successfully reloaded assembly
[Package Manager] Failed to launch server process. Reason: Unity was launched with the -noUpm command-line argument
[Package Manager] Unable to send message (not connected to server process).
[Package Manager] Cannot connect to Unity Package Manager local server
- Finished resetting the current domain, in  0.996 seconds
Domain Reload Profiling: 1841ms
	BeginReloadAssembly (232ms)
		ExecutionOrderSort (0ms)
		DisableScriptedObjects (9ms)
		BackupInstance (0ms)
		ReleaseScriptingObjects (0ms)
		CreateAndSetChildDomain (66ms)
	RebuildCommonClasses (29ms)
	RebuildNativeTypeToScriptingClass (11ms)
	initialDomainReloadingComplete (17ms)
	LoadAllAssembliesAndSetupDomain (556ms)
		LoadAssemblies (381ms)
		RebuildTransferFunctionScriptingTraits (0ms)
		AnalyzeDomain (253ms)
			TypeCache.Refresh (26ms)
				TypeCache.ScanAssembly (0ms)
			BuildScriptInfoCaches (197ms)
			ResolveRequiredComponents (25ms)
	FinalizeReload (996ms)
		ReleaseScriptCaches (0ms)
		RebuildScriptCaches (0ms)
		SetupLoadedEditorAssemblies (868ms)
			LogAssemblyErrors (0ms)
			InitializePlatformSupportModulesInManaged (2ms)
			SetLoadedEditorAssemblies (4ms)
			BeforeProcessingInitializeOnLoad (164ms)
			ProcessInitializeOnLoadAttributes (518ms)
			ProcessInitializeOnLoadMethodAttributes (178ms)
			AfterProcessingInitializeOnLoad (1ms)
			EditorAssembliesLoaded (0ms)
		ExecutionOrderSort2 (0ms)
		AwakeInstancesAfterBackupRestoration (9ms)
WARNING: Shader Unsupported: 'HDRP/TerrainLit' - All subshaders removed
WARNING: Shader Did you use #pragma only_renderers and omit this platform?
WARNING: Shader If subshaders removal was intentional, you may have forgotten turning Fallback off?
WARNING: Shader Unsupported: 'HDRP/TerrainLit' - All subshaders removed
WARNING: Shader Did you use #pragma only_renderers and omit this platform?
WARNING: Shader If subshaders removal was intentional, you may have forgotten turning Fallback off?
WARNING: Shader Unsupported: 'Universal Render Pipeline/VR/SpatialMapping/Wireframe' - All subshaders removed
WARNING: Shader Did you use #pragma only_renderers and omit this platform?
WARNING: Shader If subshaders removal was intentional, you may have forgotten turning Fallback off?
WARNING: Shader Unsupported: 'Universal Render Pipeline/VR/SpatialMapping/Wireframe' - All subshaders removed
WARNING: Shader Did you use #pragma only_renderers and omit this platform?
WARNING: Shader If subshaders removal was intentional, you may have forgotten turning Fallback off?
Refreshing native plugins compatible for Editor in 3.06 ms, found 10 plugins.
Preloading 1 native plugins for Editor in 0.24 ms.
Unloading 169 Unused Serialized files (Serialized files now loaded: 0)
Unloading 9396 unused Assets / (14.2 MB). Loaded Objects now: 10164.
Memory consumption went from 266.3 MB to 252.1 MB.
Total: 32.380583 ms (FindLiveObjects: 5.180084 ms CreateObjectMapping: 0.717084 ms MarkObjects: 18.028833 ms  DeleteObjects: 8.453541 ms)

Prepare: number of updated asset objects reloaded= 0
========================================================================
Received Prepare
Begin MonoManager ReloadAssembly
[Licensing::Client] Successfully resolved entitlement details
Thread 0x16b57f000 may have been prematurely finalized
- Loaded All Assemblies, in  0.789 seconds
'Packages/com.unity.render-pipelines.high-definition/Editor/Wizard/HDWizard.UIElement.cs' contains partial class of Unity.Object, exactly 1 of the partial classes needs to be in a file with the same filename. This is to know the one that can be referenced from ie. GameObjects
'Packages/com.unity.render-pipelines.high-definition/Editor/Wizard/HDWizard.Configuration.cs' contains partial class of Unity.Object, exactly 1 of the partial classes needs to be in a file with the same filename. This is to know the one that can be referenced from ie. GameObjects
'Packages/com.unity.render-pipelines.high-definition/Editor/Wizard/HDWizard.Window.cs' contains partial class of Unity.Object, exactly 1 of the partial classes needs to be in a file with the same filename. This is to know the one that can be referenced from ie. GameObjects
Refreshing native plugins compatible for Editor in 2.98 ms, found 10 plugins.
Native extension for OSXStandalone target not found
[Package Manager] Failed to launch server process. Reason: Unity was launched with the -noUpm command-line argument
[Package Manager] Unable to send message (not connected to server process).
[Package Manager] Cannot connect to Unity Package Manager local server
[MODES] ModeService[none].Initialize
[MODES] ModeService[none].LoadModes
Mono: successfully reloaded assembly
[Package Manager] Failed to launch server process. Reason: Unity was launched with the -noUpm command-line argument
[Package Manager] Unable to send message (not connected to server process).
[Package Manager] Cannot connect to Unity Package Manager local server
- Finished resetting the current domain, in  0.996 seconds
Domain Reload Profiling: 1791ms
	BeginReloadAssembly (240ms)
		ExecutionOrderSort (0ms)
		DisableScriptedObjects (9ms)
		BackupInstance (0ms)
		ReleaseScriptingObjects (0ms)
		CreateAndSetChildDomain (77ms)
	RebuildCommonClasses (28ms)
	RebuildNativeTypeToScriptingClass (10ms)
	initialDomainReloadingComplete (21ms)
	LoadAllAssembliesAndSetupDomain (496ms)
		LoadAssemblies (341ms)
		RebuildTransferFunctionScriptingTraits (0ms)
		AnalyzeDomain (227ms)
			TypeCache.Refresh (18ms)
				TypeCache.ScanAssembly (0ms)
			BuildScriptInfoCaches (194ms)
			ResolveRequiredComponents (12ms)
	FinalizeReload (997ms)
		ReleaseScriptCaches (0ms)
		RebuildScriptCaches (0ms)
		SetupLoadedEditorAssemblies (859ms)
			LogAssemblyErrors (0ms)
			InitializePlatformSupportModulesInManaged (2ms)
			SetLoadedEditorAssemblies (4ms)
			BeforeProcessingInitializeOnLoad (126ms)
			ProcessInitializeOnLoadAttributes (525ms)
			ProcessInitializeOnLoadMethodAttributes (201ms)
			AfterProcessingInitializeOnLoad (1ms)
			EditorAssembliesLoaded (0ms)
		ExecutionOrderSort2 (0ms)
		AwakeInstancesAfterBackupRestoration (8ms)
WARNING: Shader Unsupported: 'HDRP/TerrainLit' - All subshaders removed
WARNING: Shader Did you use #pragma only_renderers and omit this platform?
WARNING: Shader If subshaders removal was intentional, you may have forgotten turning Fallback off?
WARNING: Shader Unsupported: 'HDRP/TerrainLit' - All subshaders removed
WARNING: Shader Did you use #pragma only_renderers and omit this platform?
WARNING: Shader If subshaders removal was intentional, you may have forgotten turning Fallback off?
WARNING: Shader Unsupported: 'Universal Render Pipeline/VR/SpatialMapping/Wireframe' - All subshaders removed
WARNING: Shader Did you use #pragma only_renderers and omit this platform?
WARNING: Shader If subshaders removal was intentional, you may have forgotten turning Fallback off?
WARNING: Shader Unsupported: 'Universal Render Pipeline/VR/SpatialMapping/Wireframe' - All subshaders removed
WARNING: Shader Did you use #pragma only_renderers and omit this platform?
WARNING: Shader If subshaders removal was intentional, you may have forgotten turning Fallback off?
Refreshing native plugins compatible for Editor in 3.13 ms, found 10 plugins.
Preloading 1 native plugins for Editor in 0.34 ms.
Unloading 169 Unused Serialized files (Serialized files now loaded: 0)
Unloading 9396 unused Assets / (18.2 MB). Loaded Objects now: 10167.
Memory consumption went from 266.4 MB to 248.2 MB.
Total: 25.358875 ms (FindLiveObjects: 1.111041 ms CreateObjectMapping: 0.564459 ms MarkObjects: 15.893208 ms  DeleteObjects: 7.789500 ms)

Prepare: number of updated asset objects reloaded= 0
========================================================================
Received Import Request.
  Time since last request: 846.888573 seconds.
  path: Assets/Samples/XR Interaction Toolkit/3.0.9/Starter Assets/DemoSceneAssets/Models/Primitive_Blaster.fbx
  artifactKey: Guid(e8cf87fef9298444ca38948b2c8a4073) Importer(815301076,1909f56bfc062723c751e8b465ee728b)
Start importing Assets/Samples/XR Interaction Toolkit/3.0.9/Starter Assets/DemoSceneAssets/Models/Primitive_Blaster.fbx using Guid(e8cf87fef9298444ca38948b2c8a4073) Importer(815301076,1909f56bfc062723c751e8b465ee728b) (PreviewImporter) -> (artifact id: 'f8d4d3b03d08990ae9dacc0cf286417a') in 2.788748875 seconds
Number of updated asset objects reloaded before import = 0Number of asset objects unloaded after import = 344

========================================================================
Received Import Request.
  Time since last request: 0.003367 seconds.
  path: Assets/TerrainDemoScene_URP/Prefabs/Details/Models/Bush_A.asset
  artifactKey: Guid(0c4301a6ce8e5964c8df62a78aca15d1) Importer(815301076,1909f56bfc062723c751e8b465ee728b)
Start importing Assets/TerrainDemoScene_URP/Prefabs/Details/Models/Bush_A.asset using Guid(0c4301a6ce8e5964c8df62a78aca15d1) Importer(815301076,1909f56bfc062723c751e8b465ee728b) (PreviewImporter) -> (artifact id: 'bc70839db4422a4ffdf06208f38bbf8e') in 0.050734041 seconds
Number of updated asset objects reloaded before import = 0Number of asset objects unloaded after import = 2

========================================================================
Received Import Request.
  Time since last request: 0.000196 seconds.
  path: Assets/TerrainDemoScene_URP/Prefabs/Details/Models/BushDry_B.asset
  artifactKey: Guid(8d68c191594d5a24baee81cc22acf55b) Importer(815301076,1909f56bfc062723c751e8b465ee728b)
Start importing Assets/TerrainDemoScene_URP/Prefabs/Details/Models/BushDry_B.asset using Guid(8d68c191594d5a24baee81cc22acf55b) Importer(815301076,1909f56bfc062723c751e8b465ee728b) (PreviewImporter) -> (artifact id: '00b3f3f9ef9ef276f96c47190ea7f8ac') in 0.015230083 seconds
Number of updated asset objects reloaded before import = 0Number of asset objects unloaded after import = 2

========================================================================
Received Import Request.
  Time since last request: 0.000117 seconds.
  path: Assets/Samples/XR Interaction Toolkit/3.0.9/Starter Assets/DemoSceneAssets/Models/PushButton.fbx
  artifactKey: Guid(7ab6f3b0fd1a6ba41b2a47766c16613f) Importer(815301076,1909f56bfc062723c751e8b465ee728b)
Start importing Assets/Samples/XR Interaction Toolkit/3.0.9/Starter Assets/DemoSceneAssets/Models/PushButton.fbx using Guid(7ab6f3b0fd1a6ba41b2a47766c16613f) Importer(815301076,1909f56bfc062723c751e8b465ee728b) (PreviewImporter) -> (artifact id: 'fd2892daa16362b96a43abc29654cfbd') in 0.241424917 seconds
Number of updated asset objects reloaded before import = 0Number of asset objects unloaded after import = 18

========================================================================
Received Import Request.
  Time since last request: 0.000088 seconds.
  path: Assets/Samples/XR Interaction Toolkit/3.0.9/Starter Assets/Models/UniversalController.fbx
  artifactKey: Guid(147ae308eec018b40a7b312ae58f44c7) Importer(815301076,1909f56bfc062723c751e8b465ee728b)
Start importing Assets/Samples/XR Interaction Toolkit/3.0.9/Starter Assets/Models/UniversalController.fbx using Guid(147ae308eec018b40a7b312ae58f44c7) Importer(815301076,1909f56bfc062723c751e8b465ee728b) (PreviewImporter) -> (artifact id: 'a4c7b08078b6a9de845e1223b81f2755') in 0.21022425 seconds
Number of updated asset objects reloaded before import = 0Number of asset objects unloaded after import = 54

========================================================================
Received Import Request.
  Time since last request: 0.000138 seconds.
  path: Assets/TerrainDemoScene_URP/Prefabs/Trees/Conifer/Conifer.st
  artifactKey: Guid(c7068782d88ce434ba35d8cf4f84f657) Importer(815301076,1909f56bfc062723c751e8b465ee728b)
Start importing Assets/TerrainDemoScene_URP/Prefabs/Trees/Conifer/Conifer.st using Guid(c7068782d88ce434ba35d8cf4f84f657) Importer(815301076,1909f56bfc062723c751e8b465ee728b) (PreviewImporter) -> (artifact id: '65e17ec920c8523016865819ab299d2e') in 1.250617625 seconds
Number of updated asset objects reloaded before import = 0Number of asset objects unloaded after import = 64

========================================================================
Received Prepare
Begin MonoManager ReloadAssembly
[Licensing::Client] Successfully resolved entitlement details
Thread 0x16b57f000 may have been prematurely finalized
- Loaded All Assemblies, in  1.409 seconds
'Packages/com.unity.render-pipelines.high-definition/Editor/Wizard/HDWizard.UIElement.cs' contains partial class of Unity.Object, exactly 1 of the partial classes needs to be in a file with the same filename. This is to know the one that can be referenced from ie. GameObjects
'Packages/com.unity.render-pipelines.high-definition/Editor/Wizard/HDWizard.Configuration.cs' contains partial class of Unity.Object, exactly 1 of the partial classes needs to be in a file with the same filename. This is to know the one that can be referenced from ie. GameObjects
'Packages/com.unity.render-pipelines.high-definition/Editor/Wizard/HDWizard.Window.cs' contains partial class of Unity.Object, exactly 1 of the partial classes needs to be in a file with the same filename. This is to know the one that can be referenced from ie. GameObjects
Refreshing native plugins compatible for Editor in 2.80 ms, found 10 plugins.
Native extension for OSXStandalone target not found
[Package Manager] Failed to launch server process. Reason: Unity was launched with the -noUpm command-line argument
[Package Manager] Unable to send message (not connected to server process).
[Package Manager] Cannot connect to Unity Package Manager local server
[MODES] ModeService[none].Initialize
[MODES] ModeService[none].LoadModes
Mono: successfully reloaded assembly
[Package Manager] Failed to launch server process. Reason: Unity was launched with the -noUpm command-line argument
[Package Manager] Unable to send message (not connected to server process).
[Package Manager] Cannot connect to Unity Package Manager local server
- Finished resetting the current domain, in  1.302 seconds
Domain Reload Profiling: 2717ms
	BeginReloadAssembly (508ms)
		ExecutionOrderSort (0ms)
		DisableScriptedObjects (41ms)
		BackupInstance (0ms)
		ReleaseScriptingObjects (2ms)
		CreateAndSetChildDomain (154ms)
	RebuildCommonClasses (36ms)
	RebuildNativeTypeToScriptingClass (13ms)
	initialDomainReloadingComplete (27ms)
	LoadAllAssembliesAndSetupDomain (830ms)
		LoadAssemblies (677ms)
		RebuildTransferFunctionScriptingTraits (0ms)
		AnalyzeDomain (327ms)
			TypeCache.Refresh (21ms)
				TypeCache.ScanAssembly (0ms)
			BuildScriptInfoCaches (287ms)
			ResolveRequiredComponents (11ms)
	FinalizeReload (1302ms)
		ReleaseScriptCaches (0ms)
		RebuildScriptCaches (0ms)
		SetupLoadedEditorAssemblies (988ms)
			LogAssemblyErrors (0ms)
			InitializePlatformSupportModulesInManaged (2ms)
			SetLoadedEditorAssemblies (7ms)
			BeforeProcessingInitializeOnLoad (151ms)
			ProcessInitializeOnLoadAttributes (607ms)
			ProcessInitializeOnLoadMethodAttributes (219ms)
			AfterProcessingInitializeOnLoad (1ms)
			EditorAssembliesLoaded (1ms)
		ExecutionOrderSort2 (0ms)
		AwakeInstancesAfterBackupRestoration (13ms)
WARNING: Shader Unsupported: 'HDRP/TerrainLit' - All subshaders removed
WARNING: Shader Did you use #pragma only_renderers and omit this platform?
WARNING: Shader If subshaders removal was intentional, you may have forgotten turning Fallback off?
WARNING: Shader Unsupported: 'HDRP/TerrainLit' - All subshaders removed
WARNING: Shader Did you use #pragma only_renderers and omit this platform?
WARNING: Shader If subshaders removal was intentional, you may have forgotten turning Fallback off?
WARNING: Shader Unsupported: 'Universal Render Pipeline/VR/SpatialMapping/Wireframe' - All subshaders removed
WARNING: Shader Did you use #pragma only_renderers and omit this platform?
WARNING: Shader If subshaders removal was intentional, you may have forgotten turning Fallback off?
WARNING: Shader Unsupported: 'Universal Render Pipeline/VR/SpatialMapping/Wireframe' - All subshaders removed
WARNING: Shader Did you use #pragma only_renderers and omit this platform?
WARNING: Shader If subshaders removal was intentional, you may have forgotten turning Fallback off?
Refreshing native plugins compatible for Editor in 3.03 ms, found 10 plugins.
Preloading 1 native plugins for Editor in 0.72 ms.
Unloading 169 Unused Serialized files (Serialized files now loaded: 0)
Unloading 9403 unused Assets / (15.3 MB). Loaded Objects now: 10237.
Memory consumption went from 270.8 MB to 255.5 MB.
Total: 19.385292 ms (FindLiveObjects: 1.022625 ms CreateObjectMapping: 1.152125 ms MarkObjects: 11.954458 ms  DeleteObjects: 5.255000 ms)

Prepare: number of updated asset objects reloaded= 0
========================================================================
Received Prepare
Begin MonoManager ReloadAssembly
Thread 0x16b57f000 may have been prematurely finalized
- Loaded All Assemblies, in  0.876 seconds
'Packages/com.unity.render-pipelines.high-definition/Editor/Wizard/HDWizard.UIElement.cs' contains partial class of Unity.Object, exactly 1 of the partial classes needs to be in a file with the same filename. This is to know the one that can be referenced from ie. GameObjects
'Packages/com.unity.render-pipelines.high-definition/Editor/Wizard/HDWizard.Configuration.cs' contains partial class of Unity.Object, exactly 1 of the partial classes needs to be in a file with the same filename. This is to know the one that can be referenced from ie. GameObjects
'Packages/com.unity.render-pipelines.high-definition/Editor/Wizard/HDWizard.Window.cs' contains partial class of Unity.Object, exactly 1 of the partial classes needs to be in a file with the same filename. This is to know the one that can be referenced from ie. GameObjects
Refreshing native plugins compatible for Editor in 2.88 ms, found 10 plugins.
Native extension for OSXStandalone target not found
[Package Manager] Failed to launch server process. Reason: Unity was launched with the -noUpm command-line argument
[Package Manager] Unable to send message (not connected to server process).
[Package Manager] Cannot connect to Unity Package Manager local server
[MODES] ModeService[none].Initialize
[MODES] ModeService[none].LoadModes
Mono: successfully reloaded assembly
[Package Manager] Failed to launch server process. Reason: Unity was launched with the -noUpm command-line argument
[Package Manager] Unable to send message (not connected to server process).
[Package Manager] Cannot connect to Unity Package Manager local server
- Finished resetting the current domain, in  0.945 seconds
Domain Reload Profiling: 1828ms
	BeginReloadAssembly (212ms)
		ExecutionOrderSort (0ms)
		DisableScriptedObjects (5ms)
		BackupInstance (0ms)
		ReleaseScriptingObjects (0ms)
		CreateAndSetChildDomain (64ms)
	RebuildCommonClasses (26ms)
	RebuildNativeTypeToScriptingClass (10ms)
	initialDomainReloadingComplete (16ms)
	LoadAllAssembliesAndSetupDomain (619ms)
		LoadAssemblies (342ms)
		RebuildTransferFunctionScriptingTraits (0ms)
		AnalyzeDomain (345ms)
			TypeCache.Refresh (24ms)
				TypeCache.ScanAssembly (0ms)
			BuildScriptInfoCaches (301ms)
			ResolveRequiredComponents (15ms)
	FinalizeReload (945ms)
		ReleaseScriptCaches (0ms)
		RebuildScriptCaches (0ms)
		SetupLoadedEditorAssemblies (798ms)
			LogAssemblyErrors (0ms)
			InitializePlatformSupportModulesInManaged (2ms)
			SetLoadedEditorAssemblies (5ms)
			BeforeProcessingInitializeOnLoad (131ms)
			ProcessInitializeOnLoadAttributes (381ms)
			ProcessInitializeOnLoadMethodAttributes (276ms)
			AfterProcessingInitializeOnLoad (2ms)
			EditorAssembliesLoaded (1ms)
		ExecutionOrderSort2 (0ms)
		AwakeInstancesAfterBackupRestoration (12ms)
WARNING: Shader Unsupported: 'HDRP/TerrainLit' - All subshaders removed
WARNING: Shader Did you use #pragma only_renderers and omit this platform?
WARNING: Shader If subshaders removal was intentional, you may have forgotten turning Fallback off?
WARNING: Shader Unsupported: 'HDRP/TerrainLit' - All subshaders removed
WARNING: Shader Did you use #pragma only_renderers and omit this platform?
WARNING: Shader If subshaders removal was intentional, you may have forgotten turning Fallback off?
WARNING: Shader Unsupported: 'Universal Render Pipeline/VR/SpatialMapping/Wireframe' - All subshaders removed
WARNING: Shader Did you use #pragma only_renderers and omit this platform?
WARNING: Shader If subshaders removal was intentional, you may have forgotten turning Fallback off?
WARNING: Shader Unsupported: 'Universal Render Pipeline/VR/SpatialMapping/Wireframe' - All subshaders removed
WARNING: Shader Did you use #pragma only_renderers and omit this platform?
WARNING: Shader If subshaders removal was intentional, you may have forgotten turning Fallback off?
Refreshing native plugins compatible for Editor in 4.78 ms, found 10 plugins.
Preloading 1 native plugins for Editor in 1.02 ms.
Unloading 169 Unused Serialized files (Serialized files now loaded: 0)
Unloading 9396 unused Assets / (18.9 MB). Loaded Objects now: 10240.
Memory consumption went from 270.4 MB to 251.5 MB.
Total: 54.860291 ms (FindLiveObjects: 4.319208 ms CreateObjectMapping: 0.621833 ms MarkObjects: 36.356083 ms  DeleteObjects: 13.562166 ms)

Prepare: number of updated asset objects reloaded= 0
========================================================================
Received Prepare
Begin MonoManager ReloadAssembly
Thread 0x16b57f000 may have been prematurely finalized
- Loaded All Assemblies, in  0.787 seconds
'Packages/com.unity.render-pipelines.high-definition/Editor/Wizard/HDWizard.UIElement.cs' contains partial class of Unity.Object, exactly 1 of the partial classes needs to be in a file with the same filename. This is to know the one that can be referenced from ie. GameObjects
'Packages/com.unity.render-pipelines.high-definition/Editor/Wizard/HDWizard.Configuration.cs' contains partial class of Unity.Object, exactly 1 of the partial classes needs to be in a file with the same filename. This is to know the one that can be referenced from ie. GameObjects
'Packages/com.unity.render-pipelines.high-definition/Editor/Wizard/HDWizard.Window.cs' contains partial class of Unity.Object, exactly 1 of the partial classes needs to be in a file with the same filename. This is to know the one that can be referenced from ie. GameObjects
Refreshing native plugins compatible for Editor in 2.76 ms, found 10 plugins.
Native extension for OSXStandalone target not found
[Package Manager] Failed to launch server process. Reason: Unity was launched with the -noUpm command-line argument
[Package Manager] Unable to send message (not connected to server process).
[Package Manager] Cannot connect to Unity Package Manager local server
[MODES] ModeService[none].Initialize
[MODES] ModeService[none].LoadModes
Mono: successfully reloaded assembly
[Package Manager] Failed to launch server process. Reason: Unity was launched with the -noUpm command-line argument
[Package Manager] Unable to send message (not connected to server process).
[Package Manager] Cannot connect to Unity Package Manager local server
- Finished resetting the current domain, in  1.108 seconds
Domain Reload Profiling: 1901ms
	BeginReloadAssembly (220ms)
		ExecutionOrderSort (0ms)
		DisableScriptedObjects (7ms)
		BackupInstance (0ms)
		ReleaseScriptingObjects (0ms)
		CreateAndSetChildDomain (78ms)
	RebuildCommonClasses (27ms)
	RebuildNativeTypeToScriptingClass (10ms)
	initialDomainReloadingComplete (20ms)
	LoadAllAssembliesAndSetupDomain (516ms)
		LoadAssemblies (356ms)
		RebuildTransferFunctionScriptingTraits (0ms)
		AnalyzeDomain (227ms)
			TypeCache.Refresh (22ms)
				TypeCache.ScanAssembly (0ms)
			BuildScriptInfoCaches (192ms)
			ResolveRequiredComponents (10ms)
	FinalizeReload (1109ms)
		ReleaseScriptCaches (0ms)
		RebuildScriptCaches (0ms)
		SetupLoadedEditorAssemblies (918ms)
			LogAssemblyErrors (0ms)
			InitializePlatformSupportModulesInManaged (2ms)
			SetLoadedEditorAssemblies (4ms)
			BeforeProcessingInitializeOnLoad (127ms)
			ProcessInitializeOnLoadAttributes (528ms)
			ProcessInitializeOnLoadMethodAttributes (254ms)
			AfterProcessingInitializeOnLoad (2ms)
			EditorAssembliesLoaded (1ms)
		ExecutionOrderSort2 (0ms)
		AwakeInstancesAfterBackupRestoration (14ms)
WARNING: Shader Unsupported: 'HDRP/TerrainLit' - All subshaders removed
WARNING: Shader Did you use #pragma only_renderers and omit this platform?
WARNING: Shader If subshaders removal was intentional, you may have forgotten turning Fallback off?
WARNING: Shader Unsupported: 'HDRP/TerrainLit' - All subshaders removed
WARNING: Shader Did you use #pragma only_renderers and omit this platform?
WARNING: Shader If subshaders removal was intentional, you may have forgotten turning Fallback off?
WARNING: Shader Unsupported: 'Universal Render Pipeline/VR/SpatialMapping/Wireframe' - All subshaders removed
WARNING: Shader Did you use #pragma only_renderers and omit this platform?
WARNING: Shader If subshaders removal was intentional, you may have forgotten turning Fallback off?
WARNING: Shader Unsupported: 'Universal Render Pipeline/VR/SpatialMapping/Wireframe' - All subshaders removed
WARNING: Shader Did you use #pragma only_renderers and omit this platform?
WARNING: Shader If subshaders removal was intentional, you may have forgotten turning Fallback off?
Refreshing native plugins compatible for Editor in 3.55 ms, found 10 plugins.
Preloading 1 native plugins for Editor in 0.29 ms.
Unloading 169 Unused Serialized files (Serialized files now loaded: 0)
Unloading 9396 unused Assets / (18.2 MB). Loaded Objects now: 10243.
Memory consumption went from 270.5 MB to 252.3 MB.
Total: 40.326333 ms (FindLiveObjects: 2.186041 ms CreateObjectMapping: 0.878500 ms MarkObjects: 27.872375 ms  DeleteObjects: 9.387375 ms)

Prepare: number of updated asset objects reloaded= 0
========================================================================
Received Prepare
Begin MonoManager ReloadAssembly
[Licensing::Client] Successfully resolved entitlement details
Thread 0x16b57f000 may have been prematurely finalized
- Loaded All Assemblies, in  0.732 seconds
'Packages/com.unity.render-pipelines.high-definition/Editor/Wizard/HDWizard.UIElement.cs' contains partial class of Unity.Object, exactly 1 of the partial classes needs to be in a file with the same filename. This is to know the one that can be referenced from ie. GameObjects
'Packages/com.unity.render-pipelines.high-definition/Editor/Wizard/HDWizard.Configuration.cs' contains partial class of Unity.Object, exactly 1 of the partial classes needs to be in a file with the same filename. This is to know the one that can be referenced from ie. GameObjects
'Packages/com.unity.render-pipelines.high-definition/Editor/Wizard/HDWizard.Window.cs' contains partial class of Unity.Object, exactly 1 of the partial classes needs to be in a file with the same filename. This is to know the one that can be referenced from ie. GameObjects
Refreshing native plugins compatible for Editor in 2.77 ms, found 10 plugins.
Native extension for OSXStandalone target not found
[Package Manager] Failed to launch server process. Reason: Unity was launched with the -noUpm command-line argument
[Package Manager] Unable to send message (not connected to server process).
[Package Manager] Cannot connect to Unity Package Manager local server
[MODES] ModeService[none].Initialize
[MODES] ModeService[none].LoadModes
Mono: successfully reloaded assembly
[Package Manager] Failed to launch server process. Reason: Unity was launched with the -noUpm command-line argument
[Package Manager] Unable to send message (not connected to server process).
[Package Manager] Cannot connect to Unity Package Manager local server
- Finished resetting the current domain, in  0.999 seconds
Domain Reload Profiling: 1736ms
	BeginReloadAssembly (226ms)
		ExecutionOrderSort (0ms)
		DisableScriptedObjects (8ms)
		BackupInstance (0ms)
		ReleaseScriptingObjects (0ms)
		CreateAndSetChildDomain (77ms)
	RebuildCommonClasses (27ms)
	RebuildNativeTypeToScriptingClass (10ms)
	initialDomainReloadingComplete (22ms)
	LoadAllAssembliesAndSetupDomain (450ms)
		LoadAssemblies (315ms)
		RebuildTransferFunctionScriptingTraits (0ms)
		AnalyzeDomain (196ms)
			TypeCache.Refresh (16ms)
				TypeCache.ScanAssembly (0ms)
			BuildScriptInfoCaches (167ms)
			ResolveRequiredComponents (10ms)
	FinalizeReload (999ms)
		ReleaseScriptCaches (0ms)
		RebuildScriptCaches (0ms)
		SetupLoadedEditorAssemblies (873ms)
			LogAssemblyErrors (0ms)
			InitializePlatformSupportModulesInManaged (2ms)
			SetLoadedEditorAssemblies (4ms)
			BeforeProcessingInitializeOnLoad (127ms)
			ProcessInitializeOnLoadAttributes (549ms)
			ProcessInitializeOnLoadMethodAttributes (189ms)
			AfterProcessingInitializeOnLoad (1ms)
			EditorAssembliesLoaded (0ms)
		ExecutionOrderSort2 (0ms)
		AwakeInstancesAfterBackupRestoration (8ms)
WARNING: Shader Unsupported: 'HDRP/TerrainLit' - All subshaders removed
WARNING: Shader Did you use #pragma only_renderers and omit this platform?
WARNING: Shader If subshaders removal was intentional, you may have forgotten turning Fallback off?
WARNING: Shader Unsupported: 'HDRP/TerrainLit' - All subshaders removed
WARNING: Shader Did you use #pragma only_renderers and omit this platform?
WARNING: Shader If subshaders removal was intentional, you may have forgotten turning Fallback off?
WARNING: Shader Unsupported: 'Universal Render Pipeline/VR/SpatialMapping/Wireframe' - All subshaders removed
WARNING: Shader Did you use #pragma only_renderers and omit this platform?
WARNING: Shader If subshaders removal was intentional, you may have forgotten turning Fallback off?
WARNING: Shader Unsupported: 'Universal Render Pipeline/VR/SpatialMapping/Wireframe' - All subshaders removed
WARNING: Shader Did you use #pragma only_renderers and omit this platform?
WARNING: Shader If subshaders removal was intentional, you may have forgotten turning Fallback off?
Refreshing native plugins compatible for Editor in 3.10 ms, found 10 plugins.
Preloading 1 native plugins for Editor in 0.29 ms.
Unloading 169 Unused Serialized files (Serialized files now loaded: 0)
Unloading 9396 unused Assets / (15.0 MB). Loaded Objects now: 10246.
Memory consumption went from 270.5 MB to 255.5 MB.
Total: 45.427417 ms (FindLiveObjects: 4.702333 ms CreateObjectMapping: 0.698875 ms MarkObjects: 26.437167 ms  DeleteObjects: 13.588500 ms)

Prepare: number of updated asset objects reloaded= 0
========================================================================
Received Prepare
Begin MonoManager ReloadAssembly
[Licensing::Client] Successfully resolved entitlement details
Thread 0x16b57f000 may have been prematurely finalized
- Loaded All Assemblies, in  1.163 seconds
'Packages/com.unity.render-pipelines.high-definition/Editor/Wizard/HDWizard.UIElement.cs' contains partial class of Unity.Object, exactly 1 of the partial classes needs to be in a file with the same filename. This is to know the one that can be referenced from ie. GameObjects
'Packages/com.unity.render-pipelines.high-definition/Editor/Wizard/HDWizard.Configuration.cs' contains partial class of Unity.Object, exactly 1 of the partial classes needs to be in a file with the same filename. This is to know the one that can be referenced from ie. GameObjects
'Packages/com.unity.render-pipelines.high-definition/Editor/Wizard/HDWizard.Window.cs' contains partial class of Unity.Object, exactly 1 of the partial classes needs to be in a file with the same filename. This is to know the one that can be referenced from ie. GameObjects
Refreshing native plugins compatible for Editor in 5.69 ms, found 10 plugins.
Native extension for OSXStandalone target not found
[Package Manager] Failed to launch server process. Reason: Unity was launched with the -noUpm command-line argument
[Package Manager] Unable to send message (not connected to server process).
[Package Manager] Cannot connect to Unity Package Manager local server
[MODES] ModeService[none].Initialize
[MODES] ModeService[none].LoadModes
Mono: successfully reloaded assembly
[Package Manager] Failed to launch server process. Reason: Unity was launched with the -noUpm command-line argument
[Package Manager] Unable to send message (not connected to server process).
[Package Manager] Cannot connect to Unity Package Manager local server
- Finished resetting the current domain, in  1.293 seconds
Domain Reload Profiling: 2462ms
	BeginReloadAssembly (331ms)
		ExecutionOrderSort (0ms)
		DisableScriptedObjects (11ms)
		BackupInstance (0ms)
		ReleaseScriptingObjects (2ms)
		CreateAndSetChildDomain (107ms)
	RebuildCommonClasses (31ms)
	RebuildNativeTypeToScriptingClass (14ms)
	initialDomainReloadingComplete (25ms)
	LoadAllAssembliesAndSetupDomain (767ms)
		LoadAssemblies (571ms)
		RebuildTransferFunctionScriptingTraits (0ms)
		AnalyzeDomain (319ms)
			TypeCache.Refresh (22ms)
				TypeCache.ScanAssembly (0ms)
			BuildScriptInfoCaches (276ms)
			ResolveRequiredComponents (12ms)
	FinalizeReload (1294ms)
		ReleaseScriptCaches (0ms)
		RebuildScriptCaches (0ms)
		SetupLoadedEditorAssemblies (1009ms)
			LogAssemblyErrors (0ms)
			InitializePlatformSupportModulesInManaged (19ms)
			SetLoadedEditorAssemblies (6ms)
			BeforeProcessingInitializeOnLoad (130ms)
			ProcessInitializeOnLoadAttributes (574ms)
			ProcessInitializeOnLoadMethodAttributes (277ms)
			AfterProcessingInitializeOnLoad (1ms)
			EditorAssembliesLoaded (1ms)
		ExecutionOrderSort2 (0ms)
		AwakeInstancesAfterBackupRestoration (9ms)
WARNING: Shader Unsupported: 'HDRP/TerrainLit' - All subshaders removed
WARNING: Shader Did you use #pragma only_renderers and omit this platform?
WARNING: Shader If subshaders removal was intentional, you may have forgotten turning Fallback off?
WARNING: Shader Unsupported: 'HDRP/TerrainLit' - All subshaders removed
WARNING: Shader Did you use #pragma only_renderers and omit this platform?
WARNING: Shader If subshaders removal was intentional, you may have forgotten turning Fallback off?
WARNING: Shader Unsupported: 'Universal Render Pipeline/VR/SpatialMapping/Wireframe' - All subshaders removed
WARNING: Shader Did you use #pragma only_renderers and omit this platform?
WARNING: Shader If subshaders removal was intentional, you may have forgotten turning Fallback off?
WARNING: Shader Unsupported: 'Universal Render Pipeline/VR/SpatialMapping/Wireframe' - All subshaders removed
WARNING: Shader Did you use #pragma only_renderers and omit this platform?
WARNING: Shader If subshaders removal was intentional, you may have forgotten turning Fallback off?
Refreshing native plugins compatible for Editor in 3.11 ms, found 10 plugins.
Preloading 1 native plugins for Editor in 0.42 ms.
Unloading 169 Unused Serialized files (Serialized files now loaded: 0)
Unloading 9396 unused Assets / (20.2 MB). Loaded Objects now: 10249.
Memory consumption went from 270.5 MB to 250.3 MB.
Total: 15.285417 ms (FindLiveObjects: 1.083834 ms CreateObjectMapping: 0.630833 ms MarkObjects: 7.132125 ms  DeleteObjects: 6.437916 ms)

Prepare: number of updated asset objects reloaded= 0
========================================================================
Received Prepare
Begin MonoManager ReloadAssembly
[Licensing::Client] Successfully resolved entitlement details
Thread 0x16b57f000 may have been prematurely finalized
- Loaded All Assemblies, in  0.830 seconds
'Packages/com.unity.render-pipelines.high-definition/Editor/Wizard/HDWizard.UIElement.cs' contains partial class of Unity.Object, exactly 1 of the partial classes needs to be in a file with the same filename. This is to know the one that can be referenced from ie. GameObjects
'Packages/com.unity.render-pipelines.high-definition/Editor/Wizard/HDWizard.Configuration.cs' contains partial class of Unity.Object, exactly 1 of the partial classes needs to be in a file with the same filename. This is to know the one that can be referenced from ie. GameObjects
'Packages/com.unity.render-pipelines.high-definition/Editor/Wizard/HDWizard.Window.cs' contains partial class of Unity.Object, exactly 1 of the partial classes needs to be in a file with the same filename. This is to know the one that can be referenced from ie. GameObjects
Refreshing native plugins compatible for Editor in 2.84 ms, found 10 plugins.
Native extension for OSXStandalone target not found
[Package Manager] Failed to launch server process. Reason: Unity was launched with the -noUpm command-line argument
[Package Manager] Unable to send message (not connected to server process).
[Package Manager] Cannot connect to Unity Package Manager local server
[MODES] ModeService[none].Initialize
[MODES] ModeService[none].LoadModes
Mono: successfully reloaded assembly
[Package Manager] Failed to launch server process. Reason: Unity was launched with the -noUpm command-line argument
[Package Manager] Unable to send message (not connected to server process).
[Package Manager] Cannot connect to Unity Package Manager local server
- Finished resetting the current domain, in  1.011 seconds
Domain Reload Profiling: 1848ms
	BeginReloadAssembly (249ms)
		ExecutionOrderSort (0ms)
		DisableScriptedObjects (10ms)
		BackupInstance (0ms)
		ReleaseScriptingObjects (0ms)
		CreateAndSetChildDomain (83ms)
	RebuildCommonClasses (27ms)
	RebuildNativeTypeToScriptingClass (11ms)
	initialDomainReloadingComplete (24ms)
	LoadAllAssembliesAndSetupDomain (524ms)
		LoadAssemblies (354ms)
		RebuildTransferFunctionScriptingTraits (0ms)
		AnalyzeDomain (232ms)
			TypeCache.Refresh (23ms)
				TypeCache.ScanAssembly (0ms)
			BuildScriptInfoCaches (193ms)
			ResolveRequiredComponents (13ms)
	FinalizeReload (1012ms)
		ReleaseScriptCaches (0ms)
		RebuildScriptCaches (0ms)
		SetupLoadedEditorAssemblies (870ms)
			LogAssemblyErrors (0ms)
			InitializePlatformSupportModulesInManaged (2ms)
			SetLoadedEditorAssemblies (4ms)
			BeforeProcessingInitializeOnLoad (126ms)
			ProcessInitializeOnLoadAttributes (494ms)
			ProcessInitializeOnLoadMethodAttributes (242ms)
			AfterProcessingInitializeOnLoad (1ms)
			EditorAssembliesLoaded (1ms)
		ExecutionOrderSort2 (0ms)
		AwakeInstancesAfterBackupRestoration (9ms)
WARNING: Shader Unsupported: 'HDRP/TerrainLit' - All subshaders removed
WARNING: Shader Did you use #pragma only_renderers and omit this platform?
WARNING: Shader If subshaders removal was intentional, you may have forgotten turning Fallback off?
WARNING: Shader Unsupported: 'HDRP/TerrainLit' - All subshaders removed
WARNING: Shader Did you use #pragma only_renderers and omit this platform?
WARNING: Shader If subshaders removal was intentional, you may have forgotten turning Fallback off?
WARNING: Shader Unsupported: 'Universal Render Pipeline/VR/SpatialMapping/Wireframe' - All subshaders removed
WARNING: Shader Did you use #pragma only_renderers and omit this platform?
WARNING: Shader If subshaders removal was intentional, you may have forgotten turning Fallback off?
WARNING: Shader Unsupported: 'Universal Render Pipeline/VR/SpatialMapping/Wireframe' - All subshaders removed
WARNING: Shader Did you use #pragma only_renderers and omit this platform?
WARNING: Shader If subshaders removal was intentional, you may have forgotten turning Fallback off?
Refreshing native plugins compatible for Editor in 3.60 ms, found 10 plugins.
Preloading 1 native plugins for Editor in 0.24 ms.
Unloading 169 Unused Serialized files (Serialized files now loaded: 0)
Unloading 9396 unused Assets / (16.8 MB). Loaded Objects now: 10252.
Memory consumption went from 270.6 MB to 253.7 MB.
Total: 36.112250 ms (FindLiveObjects: 1.228791 ms CreateObjectMapping: 1.262250 ms MarkObjects: 24.774959 ms  DeleteObjects: 8.845417 ms)

Prepare: number of updated asset objects reloaded= 0
========================================================================
Received Prepare
Begin MonoManager ReloadAssembly
[Licensing::Client] Successfully resolved entitlement details
Thread 0x16b57f000 may have been prematurely finalized
- Loaded All Assemblies, in  0.802 seconds
'Packages/com.unity.render-pipelines.high-definition/Editor/Wizard/HDWizard.UIElement.cs' contains partial class of Unity.Object, exactly 1 of the partial classes needs to be in a file with the same filename. This is to know the one that can be referenced from ie. GameObjects
'Packages/com.unity.render-pipelines.high-definition/Editor/Wizard/HDWizard.Configuration.cs' contains partial class of Unity.Object, exactly 1 of the partial classes needs to be in a file with the same filename. This is to know the one that can be referenced from ie. GameObjects
'Packages/com.unity.render-pipelines.high-definition/Editor/Wizard/HDWizard.Window.cs' contains partial class of Unity.Object, exactly 1 of the partial classes needs to be in a file with the same filename. This is to know the one that can be referenced from ie. GameObjects
Refreshing native plugins compatible for Editor in 2.82 ms, found 10 plugins.
Native extension for OSXStandalone target not found
[Package Manager] Failed to launch server process. Reason: Unity was launched with the -noUpm command-line argument
[Package Manager] Unable to send message (not connected to server process).
[Package Manager] Cannot connect to Unity Package Manager local server
[MODES] ModeService[none].Initialize
[MODES] ModeService[none].LoadModes
Mono: successfully reloaded assembly
[Package Manager] Failed to launch server process. Reason: Unity was launched with the -noUpm command-line argument
[Package Manager] Unable to send message (not connected to server process).
[Package Manager] Cannot connect to Unity Package Manager local server
- Finished resetting the current domain, in  1.036 seconds
Domain Reload Profiling: 1847ms
	BeginReloadAssembly (250ms)
		ExecutionOrderSort (0ms)
		DisableScriptedObjects (10ms)
		BackupInstance (0ms)
		ReleaseScriptingObjects (1ms)
		CreateAndSetChildDomain (78ms)
	RebuildCommonClasses (26ms)
	RebuildNativeTypeToScriptingClass (10ms)
	initialDomainReloadingComplete (20ms)
	LoadAllAssembliesAndSetupDomain (504ms)
		LoadAssemblies (339ms)
		RebuildTransferFunctionScriptingTraits (0ms)
		AnalyzeDomain (237ms)
			TypeCache.Refresh (23ms)
				TypeCache.ScanAssembly (0ms)
			BuildScriptInfoCaches (183ms)
			ResolveRequiredComponents (20ms)
	FinalizeReload (1037ms)
		ReleaseScriptCaches (0ms)
		RebuildScriptCaches (0ms)
		SetupLoadedEditorAssemblies (904ms)
			LogAssemblyErrors (0ms)
			InitializePlatformSupportModulesInManaged (2ms)
			SetLoadedEditorAssemblies (4ms)
			BeforeProcessingInitializeOnLoad (170ms)
			ProcessInitializeOnLoadAttributes (545ms)
			ProcessInitializeOnLoadMethodAttributes (181ms)
			AfterProcessingInitializeOnLoad (1ms)
			EditorAssembliesLoaded (0ms)
		ExecutionOrderSort2 (0ms)
		AwakeInstancesAfterBackupRestoration (8ms)
WARNING: Shader Unsupported: 'HDRP/TerrainLit' - All subshaders removed
WARNING: Shader Did you use #pragma only_renderers and omit this platform?
WARNING: Shader If subshaders removal was intentional, you may have forgotten turning Fallback off?
WARNING: Shader Unsupported: 'HDRP/TerrainLit' - All subshaders removed
WARNING: Shader Did you use #pragma only_renderers and omit this platform?
WARNING: Shader If subshaders removal was intentional, you may have forgotten turning Fallback off?
WARNING: Shader Unsupported: 'Universal Render Pipeline/VR/SpatialMapping/Wireframe' - All subshaders removed
WARNING: Shader Did you use #pragma only_renderers and omit this platform?
WARNING: Shader If subshaders removal was intentional, you may have forgotten turning Fallback off?
WARNING: Shader Unsupported: 'Universal Render Pipeline/VR/SpatialMapping/Wireframe' - All subshaders removed
WARNING: Shader Did you use #pragma only_renderers and omit this platform?
WARNING: Shader If subshaders removal was intentional, you may have forgotten turning Fallback off?
Refreshing native plugins compatible for Editor in 4.93 ms, found 10 plugins.
Preloading 1 native plugins for Editor in 0.34 ms.
Unloading 169 Unused Serialized files (Serialized files now loaded: 0)
Unloading 9396 unused Assets / (16.5 MB). Loaded Objects now: 10255.
Memory consumption went from 270.6 MB to 254.1 MB.
Total: 31.803291 ms (FindLiveObjects: 3.121208 ms CreateObjectMapping: 1.026334 ms MarkObjects: 19.024958 ms  DeleteObjects: 8.629458 ms)

Prepare: number of updated asset objects reloaded= 0
========================================================================
Received Prepare
Begin MonoManager ReloadAssembly
[Licensing::Client] Successfully resolved entitlement details
Thread 0x16b57f000 may have been prematurely finalized
- Loaded All Assemblies, in  0.894 seconds
'Packages/com.unity.render-pipelines.high-definition/Editor/Wizard/HDWizard.UIElement.cs' contains partial class of Unity.Object, exactly 1 of the partial classes needs to be in a file with the same filename. This is to know the one that can be referenced from ie. GameObjects
'Packages/com.unity.render-pipelines.high-definition/Editor/Wizard/HDWizard.Configuration.cs' contains partial class of Unity.Object, exactly 1 of the partial classes needs to be in a file with the same filename. This is to know the one that can be referenced from ie. GameObjects
'Packages/com.unity.render-pipelines.high-definition/Editor/Wizard/HDWizard.Window.cs' contains partial class of Unity.Object, exactly 1 of the partial classes needs to be in a file with the same filename. This is to know the one that can be referenced from ie. GameObjects
Refreshing native plugins compatible for Editor in 2.79 ms, found 10 plugins.
Native extension for OSXStandalone target not found
[Package Manager] Failed to launch server process. Reason: Unity was launched with the -noUpm command-line argument
[Package Manager] Unable to send message (not connected to server process).
[Package Manager] Cannot connect to Unity Package Manager local server
[MODES] ModeService[none].Initialize
[MODES] ModeService[none].LoadModes
Mono: successfully reloaded assembly
[Package Manager] Failed to launch server process. Reason: Unity was launched with the -noUpm command-line argument
[Package Manager] Unable to send message (not connected to server process).
[Package Manager] Cannot connect to Unity Package Manager local server
- Finished resetting the current domain, in  1.046 seconds
Domain Reload Profiling: 1947ms
	BeginReloadAssembly (247ms)
		ExecutionOrderSort (0ms)
		DisableScriptedObjects (7ms)
		BackupInstance (0ms)
		ReleaseScriptingObjects (1ms)
		CreateAndSetChildDomain (83ms)
	RebuildCommonClasses (34ms)
	RebuildNativeTypeToScriptingClass (12ms)
	initialDomainReloadingComplete (21ms)
	LoadAllAssembliesAndSetupDomain (587ms)
		LoadAssemblies (398ms)
		RebuildTransferFunctionScriptingTraits (0ms)
		AnalyzeDomain (265ms)
			TypeCache.Refresh (25ms)
				TypeCache.ScanAssembly (0ms)
			BuildScriptInfoCaches (222ms)
			ResolveRequiredComponents (13ms)
	FinalizeReload (1047ms)
		ReleaseScriptCaches (0ms)
		RebuildScriptCaches (0ms)
		SetupLoadedEditorAssemblies (862ms)
			LogAssemblyErrors (0ms)
			InitializePlatformSupportModulesInManaged (2ms)
			SetLoadedEditorAssemblies (4ms)
			BeforeProcessingInitializeOnLoad (121ms)
			ProcessInitializeOnLoadAttributes (497ms)
			ProcessInitializeOnLoadMethodAttributes (234ms)
			AfterProcessingInitializeOnLoad (3ms)
			EditorAssembliesLoaded (1ms)
		ExecutionOrderSort2 (0ms)
		AwakeInstancesAfterBackupRestoration (12ms)
WARNING: Shader Unsupported: 'HDRP/TerrainLit' - All subshaders removed
WARNING: Shader Did you use #pragma only_renderers and omit this platform?
WARNING: Shader If subshaders removal was intentional, you may have forgotten turning Fallback off?
WARNING: Shader Unsupported: 'HDRP/TerrainLit' - All subshaders removed
WARNING: Shader Did you use #pragma only_renderers and omit this platform?
WARNING: Shader If subshaders removal was intentional, you may have forgotten turning Fallback off?
WARNING: Shader Unsupported: 'Universal Render Pipeline/VR/SpatialMapping/Wireframe' - All subshaders removed
WARNING: Shader Did you use #pragma only_renderers and omit this platform?
WARNING: Shader If subshaders removal was intentional, you may have forgotten turning Fallback off?
WARNING: Shader Unsupported: 'Universal Render Pipeline/VR/SpatialMapping/Wireframe' - All subshaders removed
WARNING: Shader Did you use #pragma only_renderers and omit this platform?
WARNING: Shader If subshaders removal was intentional, you may have forgotten turning Fallback off?
Refreshing native plugins compatible for Editor in 5.80 ms, found 10 plugins.
Preloading 1 native plugins for Editor in 0.43 ms.
Unloading 169 Unused Serialized files (Serialized files now loaded: 0)
Unloading 9396 unused Assets / (17.5 MB). Loaded Objects now: 10258.
Memory consumption went from 270.7 MB to 253.2 MB.
Total: 39.984084 ms (FindLiveObjects: 1.202917 ms CreateObjectMapping: 0.646583 ms MarkObjects: 28.244583 ms  DeleteObjects: 9.887250 ms)

Prepare: number of updated asset objects reloaded= 0
========================================================================
Received Prepare
Begin MonoManager ReloadAssembly
[Licensing::Client] Successfully resolved entitlement details
Thread 0x16b57f000 may have been prematurely finalized
- Loaded All Assemblies, in  0.923 seconds
'Packages/com.unity.render-pipelines.high-definition/Editor/Wizard/HDWizard.UIElement.cs' contains partial class of Unity.Object, exactly 1 of the partial classes needs to be in a file with the same filename. This is to know the one that can be referenced from ie. GameObjects
'Packages/com.unity.render-pipelines.high-definition/Editor/Wizard/HDWizard.Configuration.cs' contains partial class of Unity.Object, exactly 1 of the partial classes needs to be in a file with the same filename. This is to know the one that can be referenced from ie. GameObjects
'Packages/com.unity.render-pipelines.high-definition/Editor/Wizard/HDWizard.Window.cs' contains partial class of Unity.Object, exactly 1 of the partial classes needs to be in a file with the same filename. This is to know the one that can be referenced from ie. GameObjects
Refreshing native plugins compatible for Editor in 2.73 ms, found 10 plugins.
Native extension for OSXStandalone target not found
[Package Manager] Failed to launch server process. Reason: Unity was launched with the -noUpm command-line argument
[Package Manager] Unable to send message (not connected to server process).
[Package Manager] Cannot connect to Unity Package Manager local server
[MODES] ModeService[none].Initialize
[MODES] ModeService[none].LoadModes
Mono: successfully reloaded assembly
[Package Manager] Failed to launch server process. Reason: Unity was launched with the -noUpm command-line argument
[Package Manager] Unable to send message (not connected to server process).
[Package Manager] Cannot connect to Unity Package Manager local server
- Finished resetting the current domain, in  1.099 seconds
Domain Reload Profiling: 2028ms
	BeginReloadAssembly (283ms)
		ExecutionOrderSort (0ms)
		DisableScriptedObjects (8ms)
		BackupInstance (0ms)
		ReleaseScriptingObjects (1ms)
		CreateAndSetChildDomain (87ms)
	RebuildCommonClasses (27ms)
	RebuildNativeTypeToScriptingClass (10ms)
	initialDomainReloadingComplete (24ms)
	LoadAllAssembliesAndSetupDomain (585ms)
		LoadAssemblies (424ms)
		RebuildTransferFunctionScriptingTraits (0ms)
		AnalyzeDomain (262ms)
			TypeCache.Refresh (23ms)
				TypeCache.ScanAssembly (0ms)
			BuildScriptInfoCaches (223ms)
			ResolveRequiredComponents (11ms)
	FinalizeReload (1099ms)
		ReleaseScriptCaches (0ms)
		RebuildScriptCaches (0ms)
		SetupLoadedEditorAssemblies (950ms)
			LogAssemblyErrors (0ms)
			InitializePlatformSupportModulesInManaged (2ms)
			SetLoadedEditorAssemblies (5ms)
			BeforeProcessingInitializeOnLoad (125ms)
			ProcessInitializeOnLoadAttributes (563ms)
			ProcessInitializeOnLoadMethodAttributes (254ms)
			AfterProcessingInitializeOnLoad (1ms)
			EditorAssembliesLoaded (1ms)
		ExecutionOrderSort2 (0ms)
		AwakeInstancesAfterBackupRestoration (12ms)
WARNING: Shader Unsupported: 'HDRP/TerrainLit' - All subshaders removed
WARNING: Shader Did you use #pragma only_renderers and omit this platform?
WARNING: Shader If subshaders removal was intentional, you may have forgotten turning Fallback off?
WARNING: Shader Unsupported: 'HDRP/TerrainLit' - All subshaders removed
WARNING: Shader Did you use #pragma only_renderers and omit this platform?
WARNING: Shader If subshaders removal was intentional, you may have forgotten turning Fallback off?
WARNING: Shader Unsupported: 'Universal Render Pipeline/VR/SpatialMapping/Wireframe' - All subshaders removed
WARNING: Shader Did you use #pragma only_renderers and omit this platform?
WARNING: Shader If subshaders removal was intentional, you may have forgotten turning Fallback off?
WARNING: Shader Unsupported: 'Universal Render Pipeline/VR/SpatialMapping/Wireframe' - All subshaders removed
WARNING: Shader Did you use #pragma only_renderers and omit this platform?
WARNING: Shader If subshaders removal was intentional, you may have forgotten turning Fallback off?
Refreshing native plugins compatible for Editor in 3.18 ms, found 10 plugins.
Preloading 1 native plugins for Editor in 0.36 ms.
Unloading 169 Unused Serialized files (Serialized files now loaded: 0)
Unloading 9396 unused Assets / (14.9 MB). Loaded Objects now: 10261.
Memory consumption went from 293.7 MB to 278.9 MB.
Total: 31.635417 ms (FindLiveObjects: 1.348250 ms CreateObjectMapping: 0.579625 ms MarkObjects: 20.802916 ms  DeleteObjects: 8.903833 ms)

Prepare: number of updated asset objects reloaded= 0
========================================================================
Received Prepare
Begin MonoManager ReloadAssembly
[Licensing::Client] Successfully resolved entitlement details
Thread 0x16b57f000 may have been prematurely finalized
- Loaded All Assemblies, in  0.828 seconds
'Packages/com.unity.render-pipelines.high-definition/Editor/Wizard/HDWizard.UIElement.cs' contains partial class of Unity.Object, exactly 1 of the partial classes needs to be in a file with the same filename. This is to know the one that can be referenced from ie. GameObjects
'Packages/com.unity.render-pipelines.high-definition/Editor/Wizard/HDWizard.Configuration.cs' contains partial class of Unity.Object, exactly 1 of the partial classes needs to be in a file with the same filename. This is to know the one that can be referenced from ie. GameObjects
'Packages/com.unity.render-pipelines.high-definition/Editor/Wizard/HDWizard.Window.cs' contains partial class of Unity.Object, exactly 1 of the partial classes needs to be in a file with the same filename. This is to know the one that can be referenced from ie. GameObjects
Refreshing native plugins compatible for Editor in 4.08 ms, found 10 plugins.
Native extension for OSXStandalone target not found
[Package Manager] Failed to launch server process. Reason: Unity was launched with the -noUpm command-line argument
[Package Manager] Unable to send message (not connected to server process).
[Package Manager] Cannot connect to Unity Package Manager local server
[MODES] ModeService[none].Initialize
[MODES] ModeService[none].LoadModes
Mono: successfully reloaded assembly
[Package Manager] Failed to launch server process. Reason: Unity was launched with the -noUpm command-line argument
[Package Manager] Unable to send message (not connected to server process).
[Package Manager] Cannot connect to Unity Package Manager local server
- Finished resetting the current domain, in  1.028 seconds
Domain Reload Profiling: 1862ms
	BeginReloadAssembly (220ms)
		ExecutionOrderSort (0ms)
		DisableScriptedObjects (7ms)
		BackupInstance (0ms)
		ReleaseScriptingObjects (0ms)
		CreateAndSetChildDomain (73ms)
	RebuildCommonClasses (26ms)
	RebuildNativeTypeToScriptingClass (10ms)
	initialDomainReloadingComplete (18ms)
	LoadAllAssembliesAndSetupDomain (559ms)
		LoadAssemblies (374ms)
		RebuildTransferFunctionScriptingTraits (0ms)
		AnalyzeDomain (253ms)
			TypeCache.Refresh (38ms)
				TypeCache.ScanAssembly (0ms)
			BuildScriptInfoCaches (198ms)
			ResolveRequiredComponents (13ms)
	FinalizeReload (1029ms)
		ReleaseScriptCaches (0ms)
		RebuildScriptCaches (0ms)
		SetupLoadedEditorAssemblies (835ms)
			LogAssemblyErrors (0ms)
			InitializePlatformSupportModulesInManaged (2ms)
			SetLoadedEditorAssemblies (5ms)
			BeforeProcessingInitializeOnLoad (121ms)
			ProcessInitializeOnLoadAttributes (446ms)
			ProcessInitializeOnLoadMethodAttributes (258ms)
			AfterProcessingInitializeOnLoad (1ms)
			EditorAssembliesLoaded (1ms)
		ExecutionOrderSort2 (0ms)
		AwakeInstancesAfterBackupRestoration (16ms)
WARNING: Shader Unsupported: 'HDRP/TerrainLit' - All subshaders removed
WARNING: Shader Did you use #pragma only_renderers and omit this platform?
WARNING: Shader If subshaders removal was intentional, you may have forgotten turning Fallback off?
WARNING: Shader Unsupported: 'HDRP/TerrainLit' - All subshaders removed
WARNING: Shader Did you use #pragma only_renderers and omit this platform?
WARNING: Shader If subshaders removal was intentional, you may have forgotten turning Fallback off?
WARNING: Shader Unsupported: 'Universal Render Pipeline/VR/SpatialMapping/Wireframe' - All subshaders removed
WARNING: Shader Did you use #pragma only_renderers and omit this platform?
WARNING: Shader If subshaders removal was intentional, you may have forgotten turning Fallback off?
WARNING: Shader Unsupported: 'Universal Render Pipeline/VR/SpatialMapping/Wireframe' - All subshaders removed
WARNING: Shader Did you use #pragma only_renderers and omit this platform?
WARNING: Shader If subshaders removal was intentional, you may have forgotten turning Fallback off?
Refreshing native plugins compatible for Editor in 5.23 ms, found 10 plugins.
Preloading 1 native plugins for Editor in 0.36 ms.
Unloading 169 Unused Serialized files (Serialized files now loaded: 0)
Unloading 9396 unused Assets / (20.1 MB). Loaded Objects now: 10264.
Memory consumption went from 270.7 MB to 250.6 MB.
Total: 32.553750 ms (FindLiveObjects: 1.921625 ms CreateObjectMapping: 0.636958 ms MarkObjects: 21.359791 ms  DeleteObjects: 8.631666 ms)

Prepare: number of updated asset objects reloaded= 0
========================================================================
Received Prepare
Begin MonoManager ReloadAssembly
[Licensing::Client] Successfully resolved entitlement details
Thread 0x16b57f000 may have been prematurely finalized
- Loaded All Assemblies, in  0.883 seconds
'Packages/com.unity.render-pipelines.high-definition/Editor/Wizard/HDWizard.UIElement.cs' contains partial class of Unity.Object, exactly 1 of the partial classes needs to be in a file with the same filename. This is to know the one that can be referenced from ie. GameObjects
'Packages/com.unity.render-pipelines.high-definition/Editor/Wizard/HDWizard.Configuration.cs' contains partial class of Unity.Object, exactly 1 of the partial classes needs to be in a file with the same filename. This is to know the one that can be referenced from ie. GameObjects
'Packages/com.unity.render-pipelines.high-definition/Editor/Wizard/HDWizard.Window.cs' contains partial class of Unity.Object, exactly 1 of the partial classes needs to be in a file with the same filename. This is to know the one that can be referenced from ie. GameObjects
Refreshing native plugins compatible for Editor in 3.65 ms, found 10 plugins.
Native extension for OSXStandalone target not found
[Package Manager] Failed to launch server process. Reason: Unity was launched with the -noUpm command-line argument
[Package Manager] Unable to send message (not connected to server process).
[Package Manager] Cannot connect to Unity Package Manager local server
[MODES] ModeService[none].Initialize
[MODES] ModeService[none].LoadModes
Mono: successfully reloaded assembly
[Package Manager] Failed to launch server process. Reason: Unity was launched with the -noUpm command-line argument
[Package Manager] Unable to send message (not connected to server process).
[Package Manager] Cannot connect to Unity Package Manager local server
- Finished resetting the current domain, in  1.161 seconds
Domain Reload Profiling: 2051ms
	BeginReloadAssembly (306ms)
		ExecutionOrderSort (0ms)
		DisableScriptedObjects (17ms)
		BackupInstance (0ms)
		ReleaseScriptingObjects (0ms)
		CreateAndSetChildDomain (99ms)
	RebuildCommonClasses (28ms)
	RebuildNativeTypeToScriptingClass (10ms)
	initialDomainReloadingComplete (24ms)
	LoadAllAssembliesAndSetupDomain (522ms)
		LoadAssemblies (350ms)
		RebuildTransferFunctionScriptingTraits (0ms)
		AnalyzeDomain (242ms)
			TypeCache.Refresh (21ms)
				TypeCache.ScanAssembly (0ms)
			BuildScriptInfoCaches (204ms)
			ResolveRequiredComponents (13ms)
	FinalizeReload (1162ms)
		ReleaseScriptCaches (0ms)
		RebuildScriptCaches (0ms)
		SetupLoadedEditorAssemblies (989ms)
			LogAssemblyErrors (0ms)
			InitializePlatformSupportModulesInManaged (2ms)
			SetLoadedEditorAssemblies (5ms)
			BeforeProcessingInitializeOnLoad (153ms)
			ProcessInitializeOnLoadAttributes (593ms)
			ProcessInitializeOnLoadMethodAttributes (235ms)
			AfterProcessingInitializeOnLoad (1ms)
			EditorAssembliesLoaded (1ms)
		ExecutionOrderSort2 (0ms)
		AwakeInstancesAfterBackupRestoration (9ms)
WARNING: Shader Unsupported: 'HDRP/TerrainLit' - All subshaders removed
WARNING: Shader Did you use #pragma only_renderers and omit this platform?
WARNING: Shader If subshaders removal was intentional, you may have forgotten turning Fallback off?
WARNING: Shader Unsupported: 'HDRP/TerrainLit' - All subshaders removed
WARNING: Shader Did you use #pragma only_renderers and omit this platform?
WARNING: Shader If subshaders removal was intentional, you may have forgotten turning Fallback off?
WARNING: Shader Unsupported: 'Universal Render Pipeline/VR/SpatialMapping/Wireframe' - All subshaders removed
WARNING: Shader Did you use #pragma only_renderers and omit this platform?
WARNING: Shader If subshaders removal was intentional, you may have forgotten turning Fallback off?
WARNING: Shader Unsupported: 'Universal Render Pipeline/VR/SpatialMapping/Wireframe' - All subshaders removed
WARNING: Shader Did you use #pragma only_renderers and omit this platform?
WARNING: Shader If subshaders removal was intentional, you may have forgotten turning Fallback off?
Refreshing native plugins compatible for Editor in 4.12 ms, found 10 plugins.
Preloading 1 native plugins for Editor in 0.34 ms.
Unloading 169 Unused Serialized files (Serialized files now loaded: 0)
Unloading 9396 unused Assets / (18.4 MB). Loaded Objects now: 10267.
Memory consumption went from 270.8 MB to 252.4 MB.
Total: 25.250667 ms (FindLiveObjects: 1.345666 ms CreateObjectMapping: 0.656209 ms MarkObjects: 16.132834 ms  DeleteObjects: 7.115166 ms)

Prepare: number of updated asset objects reloaded= 0
========================================================================
Received Prepare
Begin MonoManager ReloadAssembly
[Licensing::Client] Successfully resolved entitlement details
Thread 0x16b57f000 may have been prematurely finalized
- Loaded All Assemblies, in  2.853 seconds
'Packages/com.unity.render-pipelines.high-definition/Editor/Wizard/HDWizard.UIElement.cs' contains partial class of Unity.Object, exactly 1 of the partial classes needs to be in a file with the same filename. This is to know the one that can be referenced from ie. GameObjects
'Packages/com.unity.render-pipelines.high-definition/Editor/Wizard/HDWizard.Configuration.cs' contains partial class of Unity.Object, exactly 1 of the partial classes needs to be in a file with the same filename. This is to know the one that can be referenced from ie. GameObjects
'Packages/com.unity.render-pipelines.high-definition/Editor/Wizard/HDWizard.Window.cs' contains partial class of Unity.Object, exactly 1 of the partial classes needs to be in a file with the same filename. This is to know the one that can be referenced from ie. GameObjects
Refreshing native plugins compatible for Editor in 8.20 ms, found 10 plugins.
Native extension for OSXStandalone target not found
[Package Manager] Failed to launch server process. Reason: Unity was launched with the -noUpm command-line argument
[Package Manager] Unable to send message (not connected to server process).
[Package Manager] Cannot connect to Unity Package Manager local server
[MODES] ModeService[none].Initialize
[MODES] ModeService[none].LoadModes
Mono: successfully reloaded assembly
[Package Manager] Failed to launch server process. Reason: Unity was launched with the -noUpm command-line argument
[Package Manager] Unable to send message (not connected to server process).
[Package Manager] Cannot connect to Unity Package Manager local server
- Finished resetting the current domain, in  1.277 seconds
Domain Reload Profiling: 4140ms
	BeginReloadAssembly (1249ms)
		ExecutionOrderSort (0ms)
		DisableScriptedObjects (33ms)
		BackupInstance (0ms)
		ReleaseScriptingObjects (3ms)
		CreateAndSetChildDomain (332ms)
	RebuildCommonClasses (46ms)
	RebuildNativeTypeToScriptingClass (10ms)
	initialDomainReloadingComplete (59ms)
	LoadAllAssembliesAndSetupDomain (1498ms)
		LoadAssemblies (1429ms)
		RebuildTransferFunctionScriptingTraits (0ms)
		AnalyzeDomain (514ms)
			TypeCache.Refresh (43ms)
				TypeCache.ScanAssembly (0ms)
			BuildScriptInfoCaches (424ms)
			ResolveRequiredComponents (31ms)
	FinalizeReload (1278ms)
		ReleaseScriptCaches (0ms)
		RebuildScriptCaches (0ms)
		SetupLoadedEditorAssemblies (1064ms)
			LogAssemblyErrors (0ms)
			InitializePlatformSupportModulesInManaged (2ms)
			SetLoadedEditorAssemblies (5ms)
			BeforeProcessingInitializeOnLoad (144ms)
			ProcessInitializeOnLoadAttributes (625ms)
			ProcessInitializeOnLoadMethodAttributes (287ms)
			AfterProcessingInitializeOnLoad (1ms)
			EditorAssembliesLoaded (1ms)
		ExecutionOrderSort2 (0ms)
		AwakeInstancesAfterBackupRestoration (8ms)
WARNING: Shader Unsupported: 'HDRP/TerrainLit' - All subshaders removed
WARNING: Shader Did you use #pragma only_renderers and omit this platform?
WARNING: Shader If subshaders removal was intentional, you may have forgotten turning Fallback off?
WARNING: Shader Unsupported: 'HDRP/TerrainLit' - All subshaders removed
WARNING: Shader Did you use #pragma only_renderers and omit this platform?
WARNING: Shader If subshaders removal was intentional, you may have forgotten turning Fallback off?
WARNING: Shader Unsupported: 'Universal Render Pipeline/VR/SpatialMapping/Wireframe' - All subshaders removed
WARNING: Shader Did you use #pragma only_renderers and omit this platform?
WARNING: Shader If subshaders removal was intentional, you may have forgotten turning Fallback off?
WARNING: Shader Unsupported: 'Universal Render Pipeline/VR/SpatialMapping/Wireframe' - All subshaders removed
WARNING: Shader Did you use #pragma only_renderers and omit this platform?
WARNING: Shader If subshaders removal was intentional, you may have forgotten turning Fallback off?
Refreshing native plugins compatible for Editor in 3.14 ms, found 10 plugins.
Preloading 1 native plugins for Editor in 0.79 ms.
Unloading 169 Unused Serialized files (Serialized files now loaded: 0)
Unloading 9396 unused Assets / (18.1 MB). Loaded Objects now: 10270.
Memory consumption went from 270.8 MB to 252.7 MB.
Total: 31.729834 ms (FindLiveObjects: 3.399125 ms CreateObjectMapping: 0.762542 ms MarkObjects: 17.377292 ms  DeleteObjects: 10.190333 ms)

Prepare: number of updated asset objects reloaded= 0
========================================================================
Received Prepare
Begin MonoManager ReloadAssembly
[Licensing::Client] Successfully resolved entitlement details
Thread 0x16b57f000 may have been prematurely finalized
- Loaded All Assemblies, in  0.846 seconds
'Packages/com.unity.render-pipelines.high-definition/Editor/Wizard/HDWizard.UIElement.cs' contains partial class of Unity.Object, exactly 1 of the partial classes needs to be in a file with the same filename. This is to know the one that can be referenced from ie. GameObjects
'Packages/com.unity.render-pipelines.high-definition/Editor/Wizard/HDWizard.Configuration.cs' contains partial class of Unity.Object, exactly 1 of the partial classes needs to be in a file with the same filename. This is to know the one that can be referenced from ie. GameObjects
'Packages/com.unity.render-pipelines.high-definition/Editor/Wizard/HDWizard.Window.cs' contains partial class of Unity.Object, exactly 1 of the partial classes needs to be in a file with the same filename. This is to know the one that can be referenced from ie. GameObjects
Refreshing native plugins compatible for Editor in 2.87 ms, found 10 plugins.
Native extension for OSXStandalone target not found
[Package Manager] Failed to launch server process. Reason: Unity was launched with the -noUpm command-line argument
[Package Manager] Unable to send message (not connected to server process).
[Package Manager] Cannot connect to Unity Package Manager local server
[MODES] ModeService[none].Initialize
[MODES] ModeService[none].LoadModes
Mono: successfully reloaded assembly
[Package Manager] Failed to launch server process. Reason: Unity was launched with the -noUpm command-line argument
[Package Manager] Unable to send message (not connected to server process).
[Package Manager] Cannot connect to Unity Package Manager local server
- Finished resetting the current domain, in  1.038 seconds
Domain Reload Profiling: 1891ms
	BeginReloadAssembly (253ms)
		ExecutionOrderSort (0ms)
		DisableScriptedObjects (6ms)
		BackupInstance (0ms)
		ReleaseScriptingObjects (0ms)
		CreateAndSetChildDomain (93ms)
	RebuildCommonClasses (26ms)
	RebuildNativeTypeToScriptingClass (10ms)
	initialDomainReloadingComplete (20ms)
	LoadAllAssembliesAndSetupDomain (543ms)
		LoadAssemblies (353ms)
		RebuildTransferFunctionScriptingTraits (0ms)
		AnalyzeDomain (257ms)
			TypeCache.Refresh (26ms)
				TypeCache.ScanAssembly (0ms)
			BuildScriptInfoCaches (211ms)
			ResolveRequiredComponents (13ms)
	FinalizeReload (1039ms)
		ReleaseScriptCaches (0ms)
		RebuildScriptCaches (0ms)
		SetupLoadedEditorAssemblies (892ms)
			LogAssemblyErrors (0ms)
			InitializePlatformSupportModulesInManaged (2ms)
			SetLoadedEditorAssemblies (5ms)
			BeforeProcessingInitializeOnLoad (128ms)
			ProcessInitializeOnLoadAttributes (522ms)
			ProcessInitializeOnLoadMethodAttributes (233ms)
			AfterProcessingInitializeOnLoad (1ms)
			EditorAssembliesLoaded (1ms)
		ExecutionOrderSort2 (0ms)
		AwakeInstancesAfterBackupRestoration (8ms)
WARNING: Shader Unsupported: 'HDRP/TerrainLit' - All subshaders removed
WARNING: Shader Did you use #pragma only_renderers and omit this platform?
WARNING: Shader If subshaders removal was intentional, you may have forgotten turning Fallback off?
WARNING: Shader Unsupported: 'HDRP/TerrainLit' - All subshaders removed
WARNING: Shader Did you use #pragma only_renderers and omit this platform?
WARNING: Shader If subshaders removal was intentional, you may have forgotten turning Fallback off?
WARNING: Shader Unsupported: 'Universal Render Pipeline/VR/SpatialMapping/Wireframe' - All subshaders removed
WARNING: Shader Did you use #pragma only_renderers and omit this platform?
WARNING: Shader If subshaders removal was intentional, you may have forgotten turning Fallback off?
WARNING: Shader Unsupported: 'Universal Render Pipeline/VR/SpatialMapping/Wireframe' - All subshaders removed
WARNING: Shader Did you use #pragma only_renderers and omit this platform?
WARNING: Shader If subshaders removal was intentional, you may have forgotten turning Fallback off?
Refreshing native plugins compatible for Editor in 2.86 ms, found 10 plugins.
Preloading 1 native plugins for Editor in 0.36 ms.
Unloading 169 Unused Serialized files (Serialized files now loaded: 0)
Unloading 9396 unused Assets / (16.9 MB). Loaded Objects now: 10273.
Memory consumption went from 270.9 MB to 254.0 MB.
Total: 18.594000 ms (FindLiveObjects: 0.985459 ms CreateObjectMapping: 0.570500 ms MarkObjects: 10.870625 ms  DeleteObjects: 6.165583 ms)

Prepare: number of updated asset objects reloaded= 0
========================================================================
Received Prepare
Begin MonoManager ReloadAssembly
[Licensing::Client] Successfully resolved entitlement details
Thread 0x16b57f000 may have been prematurely finalized
- Loaded All Assemblies, in  0.850 seconds
'Packages/com.unity.render-pipelines.high-definition/Editor/Wizard/HDWizard.UIElement.cs' contains partial class of Unity.Object, exactly 1 of the partial classes needs to be in a file with the same filename. This is to know the one that can be referenced from ie. GameObjects
'Packages/com.unity.render-pipelines.high-definition/Editor/Wizard/HDWizard.Configuration.cs' contains partial class of Unity.Object, exactly 1 of the partial classes needs to be in a file with the same filename. This is to know the one that can be referenced from ie. GameObjects
'Packages/com.unity.render-pipelines.high-definition/Editor/Wizard/HDWizard.Window.cs' contains partial class of Unity.Object, exactly 1 of the partial classes needs to be in a file with the same filename. This is to know the one that can be referenced from ie. GameObjects
Refreshing native plugins compatible for Editor in 3.05 ms, found 10 plugins.
Native extension for OSXStandalone target not found
[Package Manager] Failed to launch server process. Reason: Unity was launched with the -noUpm command-line argument
[Package Manager] Unable to send message (not connected to server process).
[Package Manager] Cannot connect to Unity Package Manager local server
[MODES] ModeService[none].Initialize
[MODES] ModeService[none].LoadModes
Mono: successfully reloaded assembly
[Package Manager] Failed to launch server process. Reason: Unity was launched with the -noUpm command-line argument
[Package Manager] Unable to send message (not connected to server process).
[Package Manager] Cannot connect to Unity Package Manager local server
- Finished resetting the current domain, in  1.000 seconds
Domain Reload Profiling: 1856ms
	BeginReloadAssembly (230ms)
		ExecutionOrderSort (0ms)
		DisableScriptedObjects (7ms)
		BackupInstance (0ms)
		ReleaseScriptingObjects (0ms)
		CreateAndSetChildDomain (80ms)
	RebuildCommonClasses (26ms)
	RebuildNativeTypeToScriptingClass (11ms)
	initialDomainReloadingComplete (23ms)
	LoadAllAssembliesAndSetupDomain (566ms)
		LoadAssemblies (334ms)
		RebuildTransferFunctionScriptingTraits (0ms)
		AnalyzeDomain (292ms)
			TypeCache.Refresh (34ms)
				TypeCache.ScanAssembly (0ms)
			BuildScriptInfoCaches (242ms)
			ResolveRequiredComponents (11ms)
	FinalizeReload (1000ms)
		ReleaseScriptCaches (0ms)
		RebuildScriptCaches (0ms)
		SetupLoadedEditorAssemblies (857ms)
			LogAssemblyErrors (0ms)
			InitializePlatformSupportModulesInManaged (2ms)
			SetLoadedEditorAssemblies (7ms)
			BeforeProcessingInitializeOnLoad (122ms)
			ProcessInitializeOnLoadAttributes (474ms)
			ProcessInitializeOnLoadMethodAttributes (251ms)
			AfterProcessingInitializeOnLoad (1ms)
			EditorAssembliesLoaded (1ms)
		ExecutionOrderSort2 (0ms)
		AwakeInstancesAfterBackupRestoration (14ms)
WARNING: Shader Unsupported: 'HDRP/TerrainLit' - All subshaders removed
WARNING: Shader Did you use #pragma only_renderers and omit this platform?
WARNING: Shader If subshaders removal was intentional, you may have forgotten turning Fallback off?
WARNING: Shader Unsupported: 'HDRP/TerrainLit' - All subshaders removed
WARNING: Shader Did you use #pragma only_renderers and omit this platform?
WARNING: Shader If subshaders removal was intentional, you may have forgotten turning Fallback off?
WARNING: Shader Unsupported: 'Universal Render Pipeline/VR/SpatialMapping/Wireframe' - All subshaders removed
WARNING: Shader Did you use #pragma only_renderers and omit this platform?
WARNING: Shader If subshaders removal was intentional, you may have forgotten turning Fallback off?
WARNING: Shader Unsupported: 'Universal Render Pipeline/VR/SpatialMapping/Wireframe' - All subshaders removed
WARNING: Shader Did you use #pragma only_renderers and omit this platform?
WARNING: Shader If subshaders removal was intentional, you may have forgotten turning Fallback off?
Refreshing native plugins compatible for Editor in 3.07 ms, found 10 plugins.
Preloading 1 native plugins for Editor in 0.47 ms.
Unloading 169 Unused Serialized files (Serialized files now loaded: 0)
Unloading 9396 unused Assets / (19.3 MB). Loaded Objects now: 10276.
Memory consumption went from 270.9 MB to 251.5 MB.
Total: 45.748666 ms (FindLiveObjects: 2.364291 ms CreateObjectMapping: 0.607167 ms MarkObjects: 33.767083 ms  DeleteObjects: 9.009583 ms)

Prepare: number of updated asset objects reloaded= 0
========================================================================
Received Prepare
Begin MonoManager ReloadAssembly
[Licensing::Client] Successfully resolved entitlement details
Thread 0x16b57f000 may have been prematurely finalized
- Loaded All Assemblies, in  0.810 seconds
'Packages/com.unity.render-pipelines.high-definition/Editor/Wizard/HDWizard.UIElement.cs' contains partial class of Unity.Object, exactly 1 of the partial classes needs to be in a file with the same filename. This is to know the one that can be referenced from ie. GameObjects
'Packages/com.unity.render-pipelines.high-definition/Editor/Wizard/HDWizard.Configuration.cs' contains partial class of Unity.Object, exactly 1 of the partial classes needs to be in a file with the same filename. This is to know the one that can be referenced from ie. GameObjects
'Packages/com.unity.render-pipelines.high-definition/Editor/Wizard/HDWizard.Window.cs' contains partial class of Unity.Object, exactly 1 of the partial classes needs to be in a file with the same filename. This is to know the one that can be referenced from ie. GameObjects
Refreshing native plugins compatible for Editor in 2.79 ms, found 10 plugins.
Native extension for OSXStandalone target not found
[Package Manager] Failed to launch server process. Reason: Unity was launched with the -noUpm command-line argument
[Package Manager] Unable to send message (not connected to server process).
[Package Manager] Cannot connect to Unity Package Manager local server
[MODES] ModeService[none].Initialize
[MODES] ModeService[none].LoadModes
Mono: successfully reloaded assembly
[Package Manager] Failed to launch server process. Reason: Unity was launched with the -noUpm command-line argument
[Package Manager] Unable to send message (not connected to server process).
[Package Manager] Cannot connect to Unity Package Manager local server
- Finished resetting the current domain, in  1.045 seconds
Domain Reload Profiling: 1862ms
	BeginReloadAssembly (209ms)
		ExecutionOrderSort (0ms)
		DisableScriptedObjects (5ms)
		BackupInstance (0ms)
		ReleaseScriptingObjects (1ms)
		CreateAndSetChildDomain (71ms)
	RebuildCommonClasses (26ms)
	RebuildNativeTypeToScriptingClass (10ms)
	initialDomainReloadingComplete (21ms)
	LoadAllAssembliesAndSetupDomain (549ms)
		LoadAssemblies (369ms)
		RebuildTransferFunctionScriptingTraits (0ms)
		AnalyzeDomain (242ms)
			TypeCache.Refresh (26ms)
				TypeCache.ScanAssembly (0ms)
			BuildScriptInfoCaches (201ms)
			ResolveRequiredComponents (10ms)
	FinalizeReload (1046ms)
		ReleaseScriptCaches (0ms)
		RebuildScriptCaches (0ms)
		SetupLoadedEditorAssemblies (903ms)
			LogAssemblyErrors (0ms)
			InitializePlatformSupportModulesInManaged (2ms)
			SetLoadedEditorAssemblies (5ms)
			BeforeProcessingInitializeOnLoad (130ms)
			ProcessInitializeOnLoadAttributes (537ms)
			ProcessInitializeOnLoadMethodAttributes (228ms)
			AfterProcessingInitializeOnLoad (1ms)
			EditorAssembliesLoaded (0ms)
		ExecutionOrderSort2 (0ms)
		AwakeInstancesAfterBackupRestoration (8ms)
WARNING: Shader Unsupported: 'HDRP/TerrainLit' - All subshaders removed
WARNING: Shader Did you use #pragma only_renderers and omit this platform?
WARNING: Shader If subshaders removal was intentional, you may have forgotten turning Fallback off?
WARNING: Shader Unsupported: 'HDRP/TerrainLit' - All subshaders removed
WARNING: Shader Did you use #pragma only_renderers and omit this platform?
WARNING: Shader If subshaders removal was intentional, you may have forgotten turning Fallback off?
WARNING: Shader Unsupported: 'Universal Render Pipeline/VR/SpatialMapping/Wireframe' - All subshaders removed
WARNING: Shader Did you use #pragma only_renderers and omit this platform?
WARNING: Shader If subshaders removal was intentional, you may have forgotten turning Fallback off?
WARNING: Shader Unsupported: 'Universal Render Pipeline/VR/SpatialMapping/Wireframe' - All subshaders removed
WARNING: Shader Did you use #pragma only_renderers and omit this platform?
WARNING: Shader If subshaders removal was intentional, you may have forgotten turning Fallback off?
Refreshing native plugins compatible for Editor in 3.06 ms, found 10 plugins.
Preloading 1 native plugins for Editor in 0.29 ms.
Unloading 169 Unused Serialized files (Serialized files now loaded: 0)
Unloading 9396 unused Assets / (19.1 MB). Loaded Objects now: 10279.
Memory consumption went from 271.0 MB to 251.8 MB.
Total: 21.995542 ms (FindLiveObjects: 1.558916 ms CreateObjectMapping: 0.633875 ms MarkObjects: 11.993375 ms  DeleteObjects: 7.808708 ms)

Prepare: number of updated asset objects reloaded= 0
========================================================================
Received Prepare
Begin MonoManager ReloadAssembly
[Licensing::Client] Successfully resolved entitlement details
Thread 0x16b57f000 may have been prematurely finalized
- Loaded All Assemblies, in  0.809 seconds
'Packages/com.unity.render-pipelines.high-definition/Editor/Wizard/HDWizard.UIElement.cs' contains partial class of Unity.Object, exactly 1 of the partial classes needs to be in a file with the same filename. This is to know the one that can be referenced from ie. GameObjects
'Packages/com.unity.render-pipelines.high-definition/Editor/Wizard/HDWizard.Configuration.cs' contains partial class of Unity.Object, exactly 1 of the partial classes needs to be in a file with the same filename. This is to know the one that can be referenced from ie. GameObjects
'Packages/com.unity.render-pipelines.high-definition/Editor/Wizard/HDWizard.Window.cs' contains partial class of Unity.Object, exactly 1 of the partial classes needs to be in a file with the same filename. This is to know the one that can be referenced from ie. GameObjects
Refreshing native plugins compatible for Editor in 2.79 ms, found 10 plugins.
Native extension for OSXStandalone target not found
[Package Manager] Failed to launch server process. Reason: Unity was launched with the -noUpm command-line argument
[Package Manager] Unable to send message (not connected to server process).
[Package Manager] Cannot connect to Unity Package Manager local server
[MODES] ModeService[none].Initialize
[MODES] ModeService[none].LoadModes
Mono: successfully reloaded assembly
[Package Manager] Failed to launch server process. Reason: Unity was launched with the -noUpm command-line argument
[Package Manager] Unable to send message (not connected to server process).
[Package Manager] Cannot connect to Unity Package Manager local server
- Finished resetting the current domain, in  1.001 seconds
Domain Reload Profiling: 1816ms
	BeginReloadAssembly (222ms)
		ExecutionOrderSort (0ms)
		DisableScriptedObjects (9ms)
		BackupInstance (0ms)
		ReleaseScriptingObjects (0ms)
		CreateAndSetChildDomain (73ms)
	RebuildCommonClasses (26ms)
	RebuildNativeTypeToScriptingClass (10ms)
	initialDomainReloadingComplete (20ms)
	LoadAllAssembliesAndSetupDomain (537ms)
		LoadAssemblies (365ms)
		RebuildTransferFunctionScriptingTraits (0ms)
		AnalyzeDomain (241ms)
			TypeCache.Refresh (24ms)
				TypeCache.ScanAssembly (0ms)
			BuildScriptInfoCaches (202ms)
			ResolveRequiredComponents (12ms)
	FinalizeReload (1001ms)
		ReleaseScriptCaches (0ms)
		RebuildScriptCaches (0ms)
		SetupLoadedEditorAssemblies (859ms)
			LogAssemblyErrors (0ms)
			InitializePlatformSupportModulesInManaged (2ms)
			SetLoadedEditorAssemblies (5ms)
			BeforeProcessingInitializeOnLoad (117ms)
			ProcessInitializeOnLoadAttributes (502ms)
			ProcessInitializeOnLoadMethodAttributes (231ms)
			AfterProcessingInitializeOnLoad (1ms)
			EditorAssembliesLoaded (1ms)
		ExecutionOrderSort2 (0ms)
		AwakeInstancesAfterBackupRestoration (8ms)
WARNING: Shader Unsupported: 'HDRP/TerrainLit' - All subshaders removed
WARNING: Shader Did you use #pragma only_renderers and omit this platform?
WARNING: Shader If subshaders removal was intentional, you may have forgotten turning Fallback off?
WARNING: Shader Unsupported: 'HDRP/TerrainLit' - All subshaders removed
WARNING: Shader Did you use #pragma only_renderers and omit this platform?
WARNING: Shader If subshaders removal was intentional, you may have forgotten turning Fallback off?
WARNING: Shader Unsupported: 'Universal Render Pipeline/VR/SpatialMapping/Wireframe' - All subshaders removed
WARNING: Shader Did you use #pragma only_renderers and omit this platform?
WARNING: Shader If subshaders removal was intentional, you may have forgotten turning Fallback off?
WARNING: Shader Unsupported: 'Universal Render Pipeline/VR/SpatialMapping/Wireframe' - All subshaders removed
WARNING: Shader Did you use #pragma only_renderers and omit this platform?
WARNING: Shader If subshaders removal was intentional, you may have forgotten turning Fallback off?
Refreshing native plugins compatible for Editor in 3.19 ms, found 10 plugins.
Preloading 1 native plugins for Editor in 0.26 ms.
Unloading 169 Unused Serialized files (Serialized files now loaded: 0)
Unloading 9396 unused Assets / (19.1 MB). Loaded Objects now: 10282.
Memory consumption went from 270.9 MB to 251.8 MB.
Total: 28.074541 ms (FindLiveObjects: 0.961500 ms CreateObjectMapping: 0.518834 ms MarkObjects: 18.588209 ms  DeleteObjects: 8.005250 ms)

Prepare: number of updated asset objects reloaded= 0
========================================================================
Received Prepare
Begin MonoManager ReloadAssembly
[Licensing::Client] Successfully resolved entitlement details
Thread 0x16b57f000 may have been prematurely finalized
- Loaded All Assemblies, in  1.065 seconds
'Packages/com.unity.render-pipelines.high-definition/Editor/Wizard/HDWizard.UIElement.cs' contains partial class of Unity.Object, exactly 1 of the partial classes needs to be in a file with the same filename. This is to know the one that can be referenced from ie. GameObjects
'Packages/com.unity.render-pipelines.high-definition/Editor/Wizard/HDWizard.Configuration.cs' contains partial class of Unity.Object, exactly 1 of the partial classes needs to be in a file with the same filename. This is to know the one that can be referenced from ie. GameObjects
'Packages/com.unity.render-pipelines.high-definition/Editor/Wizard/HDWizard.Window.cs' contains partial class of Unity.Object, exactly 1 of the partial classes needs to be in a file with the same filename. This is to know the one that can be referenced from ie. GameObjects
Refreshing native plugins compatible for Editor in 3.53 ms, found 10 plugins.
Native extension for OSXStandalone target not found
[Package Manager] Failed to launch server process. Reason: Unity was launched with the -noUpm command-line argument
[Package Manager] Unable to send message (not connected to server process).
[Package Manager] Cannot connect to Unity Package Manager local server
[MODES] ModeService[none].Initialize
[MODES] ModeService[none].LoadModes
Mono: successfully reloaded assembly
[Package Manager] Failed to launch server process. Reason: Unity was launched with the -noUpm command-line argument
[Package Manager] Unable to send message (not connected to server process).
[Package Manager] Cannot connect to Unity Package Manager local server
- Finished resetting the current domain, in  1.157 seconds
Domain Reload Profiling: 2229ms
	BeginReloadAssembly (302ms)
		ExecutionOrderSort (0ms)
		DisableScriptedObjects (10ms)
		BackupInstance (0ms)
		ReleaseScriptingObjects (1ms)
		CreateAndSetChildDomain (104ms)
	RebuildCommonClasses (27ms)
	RebuildNativeTypeToScriptingClass (11ms)
	initialDomainReloadingComplete (23ms)
	LoadAllAssembliesAndSetupDomain (708ms)
		LoadAssemblies (516ms)
		RebuildTransferFunctionScriptingTraits (0ms)
		AnalyzeDomain (278ms)
			TypeCache.Refresh (25ms)
				TypeCache.ScanAssembly (0ms)
			BuildScriptInfoCaches (228ms)
			ResolveRequiredComponents (19ms)
	FinalizeReload (1158ms)
		ReleaseScriptCaches (0ms)
		RebuildScriptCaches (0ms)
		SetupLoadedEditorAssemblies (982ms)
			LogAssemblyErrors (0ms)
			InitializePlatformSupportModulesInManaged (2ms)
			SetLoadedEditorAssemblies (5ms)
			BeforeProcessingInitializeOnLoad (138ms)
			ProcessInitializeOnLoadAttributes (596ms)
			ProcessInitializeOnLoadMethodAttributes (238ms)
			AfterProcessingInitializeOnLoad (1ms)
			EditorAssembliesLoaded (1ms)
		ExecutionOrderSort2 (0ms)
		AwakeInstancesAfterBackupRestoration (12ms)
WARNING: Shader Unsupported: 'HDRP/TerrainLit' - All subshaders removed
WARNING: Shader Did you use #pragma only_renderers and omit this platform?
WARNING: Shader If subshaders removal was intentional, you may have forgotten turning Fallback off?
WARNING: Shader Unsupported: 'HDRP/TerrainLit' - All subshaders removed
WARNING: Shader Did you use #pragma only_renderers and omit this platform?
WARNING: Shader If subshaders removal was intentional, you may have forgotten turning Fallback off?
WARNING: Shader Unsupported: 'Universal Render Pipeline/VR/SpatialMapping/Wireframe' - All subshaders removed
WARNING: Shader Did you use #pragma only_renderers and omit this platform?
WARNING: Shader If subshaders removal was intentional, you may have forgotten turning Fallback off?
WARNING: Shader Unsupported: 'Universal Render Pipeline/VR/SpatialMapping/Wireframe' - All subshaders removed
WARNING: Shader Did you use #pragma only_renderers and omit this platform?
WARNING: Shader If subshaders removal was intentional, you may have forgotten turning Fallback off?
Refreshing native plugins compatible for Editor in 3.20 ms, found 10 plugins.
Preloading 1 native plugins for Editor in 0.29 ms.
Unloading 169 Unused Serialized files (Serialized files now loaded: 0)
Unloading 9396 unused Assets / (17.5 MB). Loaded Objects now: 10285.
Memory consumption went from 271.1 MB to 253.5 MB.
Total: 54.933916 ms (FindLiveObjects: 2.993042 ms CreateObjectMapping: 2.070250 ms MarkObjects: 39.274000 ms  DeleteObjects: 10.595416 ms)

Prepare: number of updated asset objects reloaded= 0
========================================================================
Received Prepare
Begin MonoManager ReloadAssembly
Thread 0x16b57f000 may have been prematurely finalized
- Loaded All Assemblies, in  0.730 seconds
'Packages/com.unity.render-pipelines.high-definition/Editor/Wizard/HDWizard.UIElement.cs' contains partial class of Unity.Object, exactly 1 of the partial classes needs to be in a file with the same filename. This is to know the one that can be referenced from ie. GameObjects
'Packages/com.unity.render-pipelines.high-definition/Editor/Wizard/HDWizard.Configuration.cs' contains partial class of Unity.Object, exactly 1 of the partial classes needs to be in a file with the same filename. This is to know the one that can be referenced from ie. GameObjects
'Packages/com.unity.render-pipelines.high-definition/Editor/Wizard/HDWizard.Window.cs' contains partial class of Unity.Object, exactly 1 of the partial classes needs to be in a file with the same filename. This is to know the one that can be referenced from ie. GameObjects
Refreshing native plugins compatible for Editor in 2.84 ms, found 10 plugins.
Native extension for OSXStandalone target not found
[Package Manager] Failed to launch server process. Reason: Unity was launched with the -noUpm command-line argument
[Package Manager] Unable to send message (not connected to server process).
[Package Manager] Cannot connect to Unity Package Manager local server
[MODES] ModeService[none].Initialize
[MODES] ModeService[none].LoadModes
Mono: successfully reloaded assembly
[Package Manager] Failed to launch server process. Reason: Unity was launched with the -noUpm command-line argument
[Package Manager] Unable to send message (not connected to server process).
[Package Manager] Cannot connect to Unity Package Manager local server
- Finished resetting the current domain, in  1.122 seconds
Domain Reload Profiling: 1858ms
	BeginReloadAssembly (196ms)
		ExecutionOrderSort (0ms)
		DisableScriptedObjects (7ms)
		BackupInstance (0ms)
		ReleaseScriptingObjects (0ms)
		CreateAndSetChildDomain (61ms)
	RebuildCommonClasses (28ms)
	RebuildNativeTypeToScriptingClass (12ms)
	initialDomainReloadingComplete (19ms)
	LoadAllAssembliesAndSetupDomain (479ms)
		LoadAssemblies (329ms)
		RebuildTransferFunctionScriptingTraits (0ms)
		AnalyzeDomain (207ms)
			TypeCache.Refresh (17ms)
				TypeCache.ScanAssembly (0ms)
			BuildScriptInfoCaches (177ms)
			ResolveRequiredComponents (10ms)
	FinalizeReload (1123ms)
		ReleaseScriptCaches (0ms)
		RebuildScriptCaches (0ms)
		SetupLoadedEditorAssemblies (942ms)
			LogAssemblyErrors (0ms)
			InitializePlatformSupportModulesInManaged (2ms)
			SetLoadedEditorAssemblies (5ms)
			BeforeProcessingInitializeOnLoad (126ms)
			ProcessInitializeOnLoadAttributes (491ms)
			ProcessInitializeOnLoadMethodAttributes (311ms)
			AfterProcessingInitializeOnLoad (5ms)
			EditorAssembliesLoaded (3ms)
		ExecutionOrderSort2 (1ms)
		AwakeInstancesAfterBackupRestoration (15ms)
WARNING: Shader Unsupported: 'HDRP/TerrainLit' - All subshaders removed
WARNING: Shader Did you use #pragma only_renderers and omit this platform?
WARNING: Shader If subshaders removal was intentional, you may have forgotten turning Fallback off?
WARNING: Shader Unsupported: 'HDRP/TerrainLit' - All subshaders removed
WARNING: Shader Did you use #pragma only_renderers and omit this platform?
WARNING: Shader If subshaders removal was intentional, you may have forgotten turning Fallback off?
WARNING: Shader Unsupported: 'Universal Render Pipeline/VR/SpatialMapping/Wireframe' - All subshaders removed
WARNING: Shader Did you use #pragma only_renderers and omit this platform?
WARNING: Shader If subshaders removal was intentional, you may have forgotten turning Fallback off?
WARNING: Shader Unsupported: 'Universal Render Pipeline/VR/SpatialMapping/Wireframe' - All subshaders removed
WARNING: Shader Did you use #pragma only_renderers and omit this platform?
WARNING: Shader If subshaders removal was intentional, you may have forgotten turning Fallback off?
Refreshing native plugins compatible for Editor in 5.08 ms, found 10 plugins.
Preloading 1 native plugins for Editor in 2.35 ms.
Unloading 169 Unused Serialized files (Serialized files now loaded: 0)
Unloading 9396 unused Assets / (18.1 MB). Loaded Objects now: 10288.
Memory consumption went from 271.0 MB to 252.9 MB.
Total: 80.921500 ms (FindLiveObjects: 12.119541 ms CreateObjectMapping: 1.428459 ms MarkObjects: 48.228792 ms  DeleteObjects: 19.125833 ms)

Prepare: number of updated asset objects reloaded= 0
========================================================================
Received Prepare
Begin MonoManager ReloadAssembly
[Licensing::Client] Successfully resolved entitlement details
Thread 0x16b57f000 may have been prematurely finalized
- Loaded All Assemblies, in  0.816 seconds
'Packages/com.unity.render-pipelines.high-definition/Editor/Wizard/HDWizard.UIElement.cs' contains partial class of Unity.Object, exactly 1 of the partial classes needs to be in a file with the same filename. This is to know the one that can be referenced from ie. GameObjects
'Packages/com.unity.render-pipelines.high-definition/Editor/Wizard/HDWizard.Configuration.cs' contains partial class of Unity.Object, exactly 1 of the partial classes needs to be in a file with the same filename. This is to know the one that can be referenced from ie. GameObjects
'Packages/com.unity.render-pipelines.high-definition/Editor/Wizard/HDWizard.Window.cs' contains partial class of Unity.Object, exactly 1 of the partial classes needs to be in a file with the same filename. This is to know the one that can be referenced from ie. GameObjects
Refreshing native plugins compatible for Editor in 2.82 ms, found 10 plugins.
Native extension for OSXStandalone target not found
[Package Manager] Failed to launch server process. Reason: Unity was launched with the -noUpm command-line argument
[Package Manager] Unable to send message (not connected to server process).
[Package Manager] Cannot connect to Unity Package Manager local server
[MODES] ModeService[none].Initialize
[MODES] ModeService[none].LoadModes
Mono: successfully reloaded assembly
[Package Manager] Failed to launch server process. Reason: Unity was launched with the -noUpm command-line argument
[Package Manager] Unable to send message (not connected to server process).
[Package Manager] Cannot connect to Unity Package Manager local server
- Finished resetting the current domain, in  1.114 seconds
Domain Reload Profiling: 1937ms
	BeginReloadAssembly (232ms)
		ExecutionOrderSort (0ms)
		DisableScriptedObjects (5ms)
		BackupInstance (0ms)
		ReleaseScriptingObjects (0ms)
		CreateAndSetChildDomain (82ms)
	RebuildCommonClasses (26ms)
	RebuildNativeTypeToScriptingClass (10ms)
	initialDomainReloadingComplete (21ms)
	LoadAllAssembliesAndSetupDomain (533ms)
		LoadAssemblies (362ms)
		RebuildTransferFunctionScriptingTraits (0ms)
		AnalyzeDomain (237ms)
			TypeCache.Refresh (20ms)
				TypeCache.ScanAssembly (0ms)
			BuildScriptInfoCaches (198ms)
			ResolveRequiredComponents (12ms)
	FinalizeReload (1115ms)
		ReleaseScriptCaches (0ms)
		RebuildScriptCaches (0ms)
		SetupLoadedEditorAssemblies (926ms)
			LogAssemblyErrors (0ms)
			InitializePlatformSupportModulesInManaged (2ms)
			SetLoadedEditorAssemblies (5ms)
			BeforeProcessingInitializeOnLoad (124ms)
			ProcessInitializeOnLoadAttributes (522ms)
			ProcessInitializeOnLoadMethodAttributes (270ms)
			AfterProcessingInitializeOnLoad (2ms)
			EditorAssembliesLoaded (1ms)
		ExecutionOrderSort2 (0ms)
		AwakeInstancesAfterBackupRestoration (11ms)
WARNING: Shader Unsupported: 'HDRP/TerrainLit' - All subshaders removed
WARNING: Shader Did you use #pragma only_renderers and omit this platform?
WARNING: Shader If subshaders removal was intentional, you may have forgotten turning Fallback off?
WARNING: Shader Unsupported: 'HDRP/TerrainLit' - All subshaders removed
WARNING: Shader Did you use #pragma only_renderers and omit this platform?
WARNING: Shader If subshaders removal was intentional, you may have forgotten turning Fallback off?
WARNING: Shader Unsupported: 'Universal Render Pipeline/VR/SpatialMapping/Wireframe' - All subshaders removed
WARNING: Shader Did you use #pragma only_renderers and omit this platform?
WARNING: Shader If subshaders removal was intentional, you may have forgotten turning Fallback off?
WARNING: Shader Unsupported: 'Universal Render Pipeline/VR/SpatialMapping/Wireframe' - All subshaders removed
WARNING: Shader Did you use #pragma only_renderers and omit this platform?
WARNING: Shader If subshaders removal was intentional, you may have forgotten turning Fallback off?
Refreshing native plugins compatible for Editor in 6.60 ms, found 10 plugins.
Preloading 1 native plugins for Editor in 0.43 ms.
Unloading 169 Unused Serialized files (Serialized files now loaded: 0)
Unloading 9396 unused Assets / (20.6 MB). Loaded Objects now: 10291.
Memory consumption went from 271.0 MB to 250.5 MB.
Total: 48.699833 ms (FindLiveObjects: 2.676500 ms CreateObjectMapping: 1.537291 ms MarkObjects: 36.459792 ms  DeleteObjects: 8.025584 ms)

Prepare: number of updated asset objects reloaded= 0
========================================================================
Received Prepare
Begin MonoManager ReloadAssembly
Thread 0x16b57f000 may have been prematurely finalized
- Loaded All Assemblies, in  0.719 seconds
'Packages/com.unity.render-pipelines.high-definition/Editor/Wizard/HDWizard.UIElement.cs' contains partial class of Unity.Object, exactly 1 of the partial classes needs to be in a file with the same filename. This is to know the one that can be referenced from ie. GameObjects
'Packages/com.unity.render-pipelines.high-definition/Editor/Wizard/HDWizard.Configuration.cs' contains partial class of Unity.Object, exactly 1 of the partial classes needs to be in a file with the same filename. This is to know the one that can be referenced from ie. GameObjects
'Packages/com.unity.render-pipelines.high-definition/Editor/Wizard/HDWizard.Window.cs' contains partial class of Unity.Object, exactly 1 of the partial classes needs to be in a file with the same filename. This is to know the one that can be referenced from ie. GameObjects
Refreshing native plugins compatible for Editor in 2.80 ms, found 10 plugins.
Native extension for OSXStandalone target not found
[Package Manager] Failed to launch server process. Reason: Unity was launched with the -noUpm command-line argument
[Package Manager] Unable to send message (not connected to server process).
[Package Manager] Cannot connect to Unity Package Manager local server
[MODES] ModeService[none].Initialize
[MODES] ModeService[none].LoadModes
Mono: successfully reloaded assembly
[Package Manager] Failed to launch server process. Reason: Unity was launched with the -noUpm command-line argument
[Package Manager] Unable to send message (not connected to server process).
[Package Manager] Cannot connect to Unity Package Manager local server
- Finished resetting the current domain, in  0.941 seconds
Domain Reload Profiling: 1664ms
	BeginReloadAssembly (190ms)
		ExecutionOrderSort (0ms)
		DisableScriptedObjects (8ms)
		BackupInstance (0ms)
		ReleaseScriptingObjects (0ms)
		CreateAndSetChildDomain (57ms)
	RebuildCommonClasses (27ms)
	RebuildNativeTypeToScriptingClass (10ms)
	initialDomainReloadingComplete (21ms)
	LoadAllAssembliesAndSetupDomain (476ms)
		LoadAssemblies (320ms)
		RebuildTransferFunctionScriptingTraits (0ms)
		AnalyzeDomain (211ms)
			TypeCache.Refresh (15ms)
				TypeCache.ScanAssembly (0ms)
			BuildScriptInfoCaches (180ms)
			ResolveRequiredComponents (10ms)
	FinalizeReload (941ms)
		ReleaseScriptCaches (0ms)
		RebuildScriptCaches (0ms)
		SetupLoadedEditorAssemblies (795ms)
			LogAssemblyErrors (0ms)
			InitializePlatformSupportModulesInManaged (2ms)
			SetLoadedEditorAssemblies (9ms)
			BeforeProcessingInitializeOnLoad (123ms)
			ProcessInitializeOnLoadAttributes (420ms)
			ProcessInitializeOnLoadMethodAttributes (238ms)
			AfterProcessingInitializeOnLoad (2ms)
			EditorAssembliesLoaded (0ms)
		ExecutionOrderSort2 (0ms)
		AwakeInstancesAfterBackupRestoration (14ms)
WARNING: Shader Unsupported: 'HDRP/TerrainLit' - All subshaders removed
WARNING: Shader Did you use #pragma only_renderers and omit this platform?
WARNING: Shader If subshaders removal was intentional, you may have forgotten turning Fallback off?
WARNING: Shader Unsupported: 'HDRP/TerrainLit' - All subshaders removed
WARNING: Shader Did you use #pragma only_renderers and omit this platform?
WARNING: Shader If subshaders removal was intentional, you may have forgotten turning Fallback off?
WARNING: Shader Unsupported: 'Universal Render Pipeline/VR/SpatialMapping/Wireframe' - All subshaders removed
WARNING: Shader Did you use #pragma only_renderers and omit this platform?
WARNING: Shader If subshaders removal was intentional, you may have forgotten turning Fallback off?
WARNING: Shader Unsupported: 'Universal Render Pipeline/VR/SpatialMapping/Wireframe' - All subshaders removed
WARNING: Shader Did you use #pragma only_renderers and omit this platform?
WARNING: Shader If subshaders removal was intentional, you may have forgotten turning Fallback off?
Refreshing native plugins compatible for Editor in 3.79 ms, found 10 plugins.
Preloading 1 native plugins for Editor in 0.68 ms.
Unloading 169 Unused Serialized files (Serialized files now loaded: 0)
Unloading 9396 unused Assets / (20.2 MB). Loaded Objects now: 10294.
Memory consumption went from 271.2 MB to 251.0 MB.
Total: 41.260083 ms (FindLiveObjects: 1.132166 ms CreateObjectMapping: 0.541209 ms MarkObjects: 32.685375 ms  DeleteObjects: 6.900333 ms)

Prepare: number of updated asset objects reloaded= 0
========================================================================
Received Prepare
Begin MonoManager ReloadAssembly
[Licensing::Client] Successfully resolved entitlement details
Thread 0x16b57f000 may have been prematurely finalized
- Loaded All Assemblies, in  0.899 seconds
'Packages/com.unity.render-pipelines.high-definition/Editor/Wizard/HDWizard.UIElement.cs' contains partial class of Unity.Object, exactly 1 of the partial classes needs to be in a file with the same filename. This is to know the one that can be referenced from ie. GameObjects
'Packages/com.unity.render-pipelines.high-definition/Editor/Wizard/HDWizard.Configuration.cs' contains partial class of Unity.Object, exactly 1 of the partial classes needs to be in a file with the same filename. This is to know the one that can be referenced from ie. GameObjects
'Packages/com.unity.render-pipelines.high-definition/Editor/Wizard/HDWizard.Window.cs' contains partial class of Unity.Object, exactly 1 of the partial classes needs to be in a file with the same filename. This is to know the one that can be referenced from ie. GameObjects
Refreshing native plugins compatible for Editor in 2.80 ms, found 10 plugins.
Native extension for OSXStandalone target not found
[Package Manager] Failed to launch server process. Reason: Unity was launched with the -noUpm command-line argument
[Package Manager] Unable to send message (not connected to server process).
[Package Manager] Cannot connect to Unity Package Manager local server
[MODES] ModeService[none].Initialize
[MODES] ModeService[none].LoadModes
Mono: successfully reloaded assembly
[Package Manager] Failed to launch server process. Reason: Unity was launched with the -noUpm command-line argument
[Package Manager] Unable to send message (not connected to server process).
[Package Manager] Cannot connect to Unity Package Manager local server
- Finished resetting the current domain, in  1.163 seconds
Domain Reload Profiling: 2069ms
	BeginReloadAssembly (247ms)
		ExecutionOrderSort (0ms)
		DisableScriptedObjects (8ms)
		BackupInstance (0ms)
		ReleaseScriptingObjects (0ms)
		CreateAndSetChildDomain (93ms)
	RebuildCommonClasses (29ms)
	RebuildNativeTypeToScriptingClass (11ms)
	initialDomainReloadingComplete (26ms)
	LoadAllAssembliesAndSetupDomain (592ms)
		LoadAssemblies (367ms)
		RebuildTransferFunctionScriptingTraits (0ms)
		AnalyzeDomain (286ms)
			TypeCache.Refresh (46ms)
				TypeCache.ScanAssembly (0ms)
			BuildScriptInfoCaches (225ms)
			ResolveRequiredComponents (11ms)
	FinalizeReload (1164ms)
		ReleaseScriptCaches (0ms)
		RebuildScriptCaches (0ms)
		SetupLoadedEditorAssemblies (967ms)
			LogAssemblyErrors (0ms)
			InitializePlatformSupportModulesInManaged (2ms)
			SetLoadedEditorAssemblies (5ms)
			BeforeProcessingInitializeOnLoad (127ms)
			ProcessInitializeOnLoadAttributes (546ms)
			ProcessInitializeOnLoadMethodAttributes (283ms)
			AfterProcessingInitializeOnLoad (2ms)
			EditorAssembliesLoaded (1ms)
		ExecutionOrderSort2 (0ms)
		AwakeInstancesAfterBackupRestoration (16ms)
WARNING: Shader Unsupported: 'HDRP/TerrainLit' - All subshaders removed
WARNING: Shader Did you use #pragma only_renderers and omit this platform?
WARNING: Shader If subshaders removal was intentional, you may have forgotten turning Fallback off?
WARNING: Shader Unsupported: 'HDRP/TerrainLit' - All subshaders removed
WARNING: Shader Did you use #pragma only_renderers and omit this platform?
WARNING: Shader If subshaders removal was intentional, you may have forgotten turning Fallback off?
WARNING: Shader Unsupported: 'Universal Render Pipeline/VR/SpatialMapping/Wireframe' - All subshaders removed
WARNING: Shader Did you use #pragma only_renderers and omit this platform?
WARNING: Shader If subshaders removal was intentional, you may have forgotten turning Fallback off?
WARNING: Shader Unsupported: 'Universal Render Pipeline/VR/SpatialMapping/Wireframe' - All subshaders removed
WARNING: Shader Did you use #pragma only_renderers and omit this platform?
WARNING: Shader If subshaders removal was intentional, you may have forgotten turning Fallback off?
Refreshing native plugins compatible for Editor in 5.24 ms, found 10 plugins.
Preloading 1 native plugins for Editor in 5.16 ms.
Unloading 169 Unused Serialized files (Serialized files now loaded: 0)
Unloading 9396 unused Assets / (19.0 MB). Loaded Objects now: 10297.
Memory consumption went from 271.2 MB to 252.2 MB.
Total: 60.481708 ms (FindLiveObjects: 7.325833 ms CreateObjectMapping: 0.881458 ms MarkObjects: 40.497875 ms  DeleteObjects: 11.775667 ms)

Prepare: number of updated asset objects reloaded= 0
========================================================================
Received Prepare
Begin MonoManager ReloadAssembly
[Licensing::Client] Successfully resolved entitlement details
Thread 0x16b57f000 may have been prematurely finalized
- Loaded All Assemblies, in  1.018 seconds
'Packages/com.unity.render-pipelines.high-definition/Editor/Wizard/HDWizard.UIElement.cs' contains partial class of Unity.Object, exactly 1 of the partial classes needs to be in a file with the same filename. This is to know the one that can be referenced from ie. GameObjects
'Packages/com.unity.render-pipelines.high-definition/Editor/Wizard/HDWizard.Configuration.cs' contains partial class of Unity.Object, exactly 1 of the partial classes needs to be in a file with the same filename. This is to know the one that can be referenced from ie. GameObjects
'Packages/com.unity.render-pipelines.high-definition/Editor/Wizard/HDWizard.Window.cs' contains partial class of Unity.Object, exactly 1 of the partial classes needs to be in a file with the same filename. This is to know the one that can be referenced from ie. GameObjects
Refreshing native plugins compatible for Editor in 4.38 ms, found 10 plugins.
Native extension for OSXStandalone target not found
[Package Manager] Failed to launch server process. Reason: Unity was launched with the -noUpm command-line argument
[Package Manager] Unable to send message (not connected to server process).
[Package Manager] Cannot connect to Unity Package Manager local server
[MODES] ModeService[none].Initialize
[MODES] ModeService[none].LoadModes
Mono: successfully reloaded assembly
[Package Manager] Failed to launch server process. Reason: Unity was launched with the -noUpm command-line argument
[Package Manager] Unable to send message (not connected to server process).
[Package Manager] Cannot connect to Unity Package Manager local server
- Finished resetting the current domain, in  1.352 seconds
Domain Reload Profiling: 2379ms
	BeginReloadAssembly (256ms)
		ExecutionOrderSort (0ms)
		DisableScriptedObjects (7ms)
		BackupInstance (0ms)
		ReleaseScriptingObjects (0ms)
		CreateAndSetChildDomain (82ms)
	RebuildCommonClasses (34ms)
	RebuildNativeTypeToScriptingClass (16ms)
	initialDomainReloadingComplete (30ms)
	LoadAllAssembliesAndSetupDomain (688ms)
		LoadAssemblies (408ms)
		RebuildTransferFunctionScriptingTraits (0ms)
		AnalyzeDomain (360ms)
			TypeCache.Refresh (43ms)
				TypeCache.ScanAssembly (0ms)
			BuildScriptInfoCaches (299ms)
			ResolveRequiredComponents (12ms)
	FinalizeReload (1354ms)
		ReleaseScriptCaches (0ms)
		RebuildScriptCaches (0ms)
		SetupLoadedEditorAssemblies (1175ms)
			LogAssemblyErrors (0ms)
			InitializePlatformSupportModulesInManaged (2ms)
			SetLoadedEditorAssemblies (6ms)
			BeforeProcessingInitializeOnLoad (137ms)
			ProcessInitializeOnLoadAttributes (655ms)
			ProcessInitializeOnLoadMethodAttributes (373ms)
			AfterProcessingInitializeOnLoad (1ms)
			EditorAssembliesLoaded (1ms)
		ExecutionOrderSort2 (0ms)
		AwakeInstancesAfterBackupRestoration (18ms)
WARNING: Shader Unsupported: 'HDRP/TerrainLit' - All subshaders removed
WARNING: Shader Did you use #pragma only_renderers and omit this platform?
WARNING: Shader If subshaders removal was intentional, you may have forgotten turning Fallback off?
WARNING: Shader Unsupported: 'HDRP/TerrainLit' - All subshaders removed
WARNING: Shader Did you use #pragma only_renderers and omit this platform?
WARNING: Shader If subshaders removal was intentional, you may have forgotten turning Fallback off?
WARNING: Shader Unsupported: 'Universal Render Pipeline/VR/SpatialMapping/Wireframe' - All subshaders removed
WARNING: Shader Did you use #pragma only_renderers and omit this platform?
WARNING: Shader If subshaders removal was intentional, you may have forgotten turning Fallback off?
WARNING: Shader Unsupported: 'Universal Render Pipeline/VR/SpatialMapping/Wireframe' - All subshaders removed
WARNING: Shader Did you use #pragma only_renderers and omit this platform?
WARNING: Shader If subshaders removal was intentional, you may have forgotten turning Fallback off?
Refreshing native plugins compatible for Editor in 3.35 ms, found 10 plugins.
Preloading 1 native plugins for Editor in 0.34 ms.
Unloading 169 Unused Serialized files (Serialized files now loaded: 0)
Unloading 9396 unused Assets / (19.1 MB). Loaded Objects now: 10300.
Memory consumption went from 271.2 MB to 252.0 MB.
Total: 41.156792 ms (FindLiveObjects: 2.361542 ms CreateObjectMapping: 1.006625 ms MarkObjects: 27.313000 ms  DeleteObjects: 10.474500 ms)

Prepare: number of updated asset objects reloaded= 0
