Unity Editor version:    6000.0.59f2 (ef281c76c3c1)
Branch:                  6000.0/respin/6000.0.59f1-063c55f2fd0f
Build type:              Release
Batch mode:              YES
macOS version:           Version 26.0.1 (Build 25A362)
Darwin version:          25.0.0
Architecture:            arm64
Running under Rosetta:   NO
Available memory:        8192 MB
Using pre-set license

COMMAND LINE ARGUMENTS:
/Applications/Unity/Hub/Editor/6000.0.59f2/Unity.app/Contents/MacOS/Unity
-adb2
-batchMode
-noUpm
-name
AssetImportWorker14
-projectPath
/Users/mariusss/Coding/IMR_RAFTING_2025/RaftingProject
-logFile
Logs/AssetImportWorker14.log
-srvPort
59329
-job-worker-count
3
-background-job-worker-count
8
-gc-helper-count
1
-name AssetImport
Successfully changed project path to: /Users/mariusss/Coding/IMR_RAFTING_2025/RaftingProject
/Users/mariusss/Coding/IMR_RAFTING_2025/RaftingProject
[UnityMemory] Configuration Parameters - Can be set up in boot.config
    "memorysetup-bucket-allocator-granularity=16"
    "memorysetup-bucket-allocator-bucket-count=8"
    "memorysetup-bucket-allocator-block-size=33554432"
    "memorysetup-bucket-allocator-block-count=8"
    "memorysetup-main-allocator-block-size=16777216"
    "memorysetup-thread-allocator-block-size=16777216"
    "memorysetup-gfx-main-allocator-block-size=16777216"
    "memorysetup-gfx-thread-allocator-block-size=16777216"
    "memorysetup-cache-allocator-block-size=4194304"
    "memorysetup-typetree-allocator-block-size=2097152"
    "memorysetup-profiler-bucket-allocator-granularity=16"
    "memorysetup-profiler-bucket-allocator-bucket-count=8"
    "memorysetup-profiler-bucket-allocator-block-size=33554432"
    "memorysetup-profiler-bucket-allocator-block-count=8"
    "memorysetup-profiler-allocator-block-size=16777216"
    "memorysetup-profiler-editor-allocator-block-size=1048576"
    "memorysetup-temp-allocator-size-main=16777216"
    "memorysetup-job-temp-allocator-block-size=2097152"
    "memorysetup-job-temp-allocator-block-size-background=1048576"
    "memorysetup-job-temp-allocator-reduction-small-platforms=262144"
    "memorysetup-allocator-temp-initial-block-size-main=262144"
    "memorysetup-allocator-temp-initial-block-size-worker=262144"
    "memorysetup-temp-allocator-size-background-worker=32768"
    "memorysetup-temp-allocator-size-job-worker=262144"
    "memorysetup-temp-allocator-size-preload-manager=33554432"
    "memorysetup-temp-allocator-size-nav-mesh-worker=65536"
    "memorysetup-temp-allocator-size-audio-worker=65536"
    "memorysetup-temp-allocator-size-cloud-worker=32768"
    "memorysetup-temp-allocator-size-gi-baking-worker=262144"
    "memorysetup-temp-allocator-size-gi-baking-worker=262144"
    "memorysetup-temp-allocator-size-gi-baking-worker=262144"
    "memorysetup-temp-allocator-size-gi-baking-worker=262144"
    "memorysetup-temp-allocator-size-gi-baking-worker=262144"
    "memorysetup-temp-allocator-size-gfx=262144"
Player connection [8668137472]  Target information:

Player connection [8668137472]  * "[IP] 192.168.0.133 [Port] 0 [Flags] 2 [Guid] 922143111 [EditorId] 922143111 [Version] 1048832 [Id] OSXEditor(0,Mariuss-MARVELOUS-MacBook-Pro.local) [Debug] 1 [PackageName] OSXEditor [ProjectName] Editor" 

Player connection [8668137472]  * "[IP] 10.211.55.2 [Port] 0 [Flags] 2 [Guid] 922143111 [EditorId] 922143111 [Version] 1048832 [Id] OSXEditor(0,Mariuss-MARVELOUS-MacBook-Pro.local) [Debug] 1 [PackageName] OSXEditor [ProjectName] Editor" 

Player connection [8668137472]  * "[IP] 10.37.129.2 [Port] 0 [Flags] 2 [Guid] 922143111 [EditorId] 922143111 [Version] 1048832 [Id] OSXEditor(0,Mariuss-MARVELOUS-MacBook-Pro.local) [Debug] 1 [PackageName] OSXEditor [ProjectName] Editor" 

Player connection [8668137472] Host joined multi-casting on [225.0.0.222:54997]...
Player connection [8668137472] Host joined alternative multi-casting on [225.0.0.222:34997]...
JobSystem: Creating JobQueue using job-worker-count value 3
Input System module state changed to: Initialized.
[Physics::Module] Initialized fallback backend.
[Physics::Module] Id: 0xdecafbad
Library Redirect Path: Library/
[Physics::Module] Selected backend.
[Physics::Module] Name: PhysX
[Physics::Module] Id: 0xf2b8ea05
[Physics::Module] SDK Version: 4.1.2
[Physics::Module] Integration Version: 1.0.0
[Physics::Module] Threading Mode: Multi-Threaded
Refreshing native plugins compatible for Editor in 45.18 ms, found 11 plugins.
Preloading 1 native plugins for Editor in 14.13 ms.
Initialize engine version: 6000.0.59f2 (ef281c76c3c1)
[Subsystems] Discovering subsystems at path /Applications/Unity/Hub/Editor/6000.0.59f2/Unity.app/Contents/Resources/UnitySubsystems
[Subsystems] Discovering subsystems at path /Users/mariusss/Coding/IMR_RAFTING_2025/RaftingProject/Assets
GfxDevice: creating device client; kGfxThreadingModeNonThreaded
 preferred device: Apple M1 (high power)
Metal devices available: 1
0: Apple M1 (high power)
Using device Apple M1 (high power)
Initializing Metal device caps: Apple M1
Initialize mono
Mono path[0] = '/Applications/Unity/Hub/Editor/6000.0.59f2/Unity.app/Contents/Managed'
Mono path[1] = '/Applications/Unity/Hub/Editor/6000.0.59f2/Unity.app/Contents/MonoBleedingEdge/lib/mono/unityjit-macos'
Mono config path = '/Applications/Unity/Hub/Editor/6000.0.59f2/Unity.app/Contents/MonoBleedingEdge/etc'
Using monoOptions --debugger-agent=transport=dt_socket,embedding=1,server=y,suspend=n,address=127.0.0.1:56016
Begin MonoManager ReloadAssembly
Registering precompiled unity dll's ...
Register platform support module: /Applications/Unity/Hub/Editor/6000.0.59f2/Unity.app/Contents/PlaybackEngines/MacStandaloneSupport/UnityEditor.OSXStandalone.Extensions.dll
Register platform support module: /Applications/Unity/Hub/Editor/6000.0.59f2/PlaybackEngines/AndroidPlayer/UnityEditor.Android.Extensions.dll
Register platform support module: /Applications/Unity/Hub/Editor/6000.0.59f2/PlaybackEngines/iOSSupport/UnityEditor.iOS.Extensions.dll
Registered in 0.006704 seconds.
- Loaded All Assemblies, in  0.699 seconds
[usbmuxd] Start listen thread
[usbmuxd] Listen thread started
[usbmuxd] Send listen message
Native extension for iOS target not found
Native extension for Android target not found
Android Extension - Scanning For ADB Devices 426 ms
Native extension for OSXStandalone target not found
Mono: successfully reloaded assembly
- Finished resetting the current domain, in  1.640 seconds
Domain Reload Profiling: 2339ms
	BeginReloadAssembly (274ms)
		ExecutionOrderSort (0ms)
		DisableScriptedObjects (0ms)
		BackupInstance (0ms)
		ReleaseScriptingObjects (0ms)
		CreateAndSetChildDomain (1ms)
	RebuildCommonClasses (73ms)
	RebuildNativeTypeToScriptingClass (19ms)
	initialDomainReloadingComplete (92ms)
	LoadAllAssembliesAndSetupDomain (240ms)
		LoadAssemblies (276ms)
		RebuildTransferFunctionScriptingTraits (0ms)
		AnalyzeDomain (230ms)
			TypeCache.Refresh (227ms)
				TypeCache.ScanAssembly (192ms)
			BuildScriptInfoCaches (0ms)
			ResolveRequiredComponents (1ms)
	FinalizeReload (1640ms)
		ReleaseScriptCaches (0ms)
		RebuildScriptCaches (0ms)
		SetupLoadedEditorAssemblies (1563ms)
			LogAssemblyErrors (0ms)
			InitializePlatformSupportModulesInManaged (1242ms)
			SetLoadedEditorAssemblies (7ms)
			BeforeProcessingInitializeOnLoad (95ms)
			ProcessInitializeOnLoadAttributes (133ms)
			ProcessInitializeOnLoadMethodAttributes (86ms)
			AfterProcessingInitializeOnLoad (0ms)
			EditorAssembliesLoaded (0ms)
		ExecutionOrderSort2 (0ms)
		AwakeInstancesAfterBackupRestoration (0ms)
========================================================================
Worker process is ready to serve import requests
Import Worker Mode flag is 0x00
Begin MonoManager ReloadAssembly
- Loaded All Assemblies, in  1.409 seconds
'Packages/com.unity.render-pipelines.high-definition/Editor/Wizard/HDWizard.UIElement.cs' contains partial class of Unity.Object, exactly 1 of the partial classes needs to be in a file with the same filename. This is to know the one that can be referenced from ie. GameObjects
'Packages/com.unity.render-pipelines.high-definition/Editor/Wizard/HDWizard.Configuration.cs' contains partial class of Unity.Object, exactly 1 of the partial classes needs to be in a file with the same filename. This is to know the one that can be referenced from ie. GameObjects
'Packages/com.unity.render-pipelines.high-definition/Editor/Wizard/HDWizard.Window.cs' contains partial class of Unity.Object, exactly 1 of the partial classes needs to be in a file with the same filename. This is to know the one that can be referenced from ie. GameObjects
Refreshing native plugins compatible for Editor in 15.50 ms, found 11 plugins.
Native extension for iOS target not found
Native extension for Android target not found
Native extension for OSXStandalone target not found
Package Manager log level set to [2]
[Package Manager] Failed to launch server process. Reason: Unity was launched with the -noUpm command-line argument
[Package Manager] Unable to send message (not connected to server process).
[Package Manager] Cannot connect to Unity Package Manager local server
[MODES] ModeService[none].Initialize
[MODES] ModeService[none].LoadModes
[MODES] Loading mode Default (0) for mode-current-id-RaftingProject
Mono: successfully reloaded assembly
[Package Manager] Failed to launch server process. Reason: Unity was launched with the -noUpm command-line argument
[Package Manager] Unable to send message (not connected to server process).
[Package Manager] Cannot connect to Unity Package Manager local server
[Package Manager] Failed to launch server process. Reason: Unity was launched with the -noUpm command-line argument
[Package Manager] Unable to send message (not connected to server process).
[Package Manager] Cannot connect to Unity Package Manager local server
- Finished resetting the current domain, in  1.520 seconds
Domain Reload Profiling: 2923ms
	BeginReloadAssembly (185ms)
		ExecutionOrderSort (0ms)
		DisableScriptedObjects (8ms)
		BackupInstance (0ms)
		ReleaseScriptingObjects (0ms)
		CreateAndSetChildDomain (40ms)
	RebuildCommonClasses (45ms)
	RebuildNativeTypeToScriptingClass (13ms)
	initialDomainReloadingComplete (47ms)
	LoadAllAssembliesAndSetupDomain (1113ms)
		LoadAssemblies (629ms)
		RebuildTransferFunctionScriptingTraits (0ms)
		AnalyzeDomain (568ms)
			TypeCache.Refresh (421ms)
				TypeCache.ScanAssembly (373ms)
			BuildScriptInfoCaches (112ms)
			ResolveRequiredComponents (20ms)
	FinalizeReload (1520ms)
		ReleaseScriptCaches (0ms)
		RebuildScriptCaches (0ms)
		SetupLoadedEditorAssemblies (1060ms)
			LogAssemblyErrors (0ms)
			InitializePlatformSupportModulesInManaged (32ms)
			SetLoadedEditorAssemblies (12ms)
			BeforeProcessingInitializeOnLoad (214ms)
			ProcessInitializeOnLoadAttributes (441ms)
			ProcessInitializeOnLoadMethodAttributes (360ms)
			AfterProcessingInitializeOnLoad (1ms)
			EditorAssembliesLoaded (0ms)
		ExecutionOrderSort2 (0ms)
		AwakeInstancesAfterBackupRestoration (2ms)
WARNING: Shader Unsupported: 'HDRP/TerrainLit' - All subshaders removed
WARNING: Shader Did you use #pragma only_renderers and omit this platform?
WARNING: Shader If subshaders removal was intentional, you may have forgotten turning Fallback off?
WARNING: Shader Unsupported: 'HDRP/TerrainLit' - All subshaders removed
WARNING: Shader Did you use #pragma only_renderers and omit this platform?
WARNING: Shader If subshaders removal was intentional, you may have forgotten turning Fallback off?
WARNING: Shader Unsupported: 'Universal Render Pipeline/VR/SpatialMapping/Wireframe' - All subshaders removed
WARNING: Shader Did you use #pragma only_renderers and omit this platform?
WARNING: Shader If subshaders removal was intentional, you may have forgotten turning Fallback off?
WARNING: Shader Unsupported: 'Universal Render Pipeline/VR/SpatialMapping/Wireframe' - All subshaders removed
WARNING: Shader Did you use #pragma only_renderers and omit this platform?
WARNING: Shader If subshaders removal was intentional, you may have forgotten turning Fallback off?
Launching external process: /Applications/Unity/Hub/Editor/6000.0.59f2/Unity.app/Contents/Tools/UnityShaderCompiler
Launched and connected shader compiler UnityShaderCompiler after 0.18 seconds
Refreshing native plugins compatible for Editor in 29.34 ms, found 11 plugins.
Preloading 1 native plugins for Editor in 10.17 ms.
Unloading 172 Unused Serialized files (Serialized files now loaded: 0)
Unloading 9115 unused Assets / (12.5 MB). Loaded Objects now: 9818.
Memory consumption went from 196.5 MB to 184.0 MB.
Total: 242.455583 ms (FindLiveObjects: 89.965667 ms CreateObjectMapping: 4.296541 ms MarkObjects: 96.551042 ms  DeleteObjects: 51.640583 ms)

========================================================================
Received Import Request.
  Time since last request: 463180.278372 seconds.
  path: Assets/TerrainSampleAssets/Prefabs/Grass_B.prefab
  artifactKey: Guid(7b3e6db10d22f504dbc606110b2cb5e7) Importer(815301076,1909f56bfc062723c751e8b465ee728b)
Start importing Assets/TerrainSampleAssets/Prefabs/Grass_B.prefab using Guid(7b3e6db10d22f504dbc606110b2cb5e7) Importer(815301076,1909f56bfc062723c751e8b465ee728b) (PreviewImporter) -> (artifact id: 'b03cae6e95a47da43981188fd26b5d47') in 6.297460125 seconds
Number of updated asset objects reloaded before import = 0Number of asset objects unloaded after import = 353

========================================================================
Received Import Request.
  Time since last request: 1311.726581 seconds.
  path: Assets/Low Poly Environment Starter Kit/Prefabs/Standard/Other/Bush 1.prefab
  artifactKey: Guid(af8e7fff1d09a4c4bbc10efbbef7a446) Importer(815301076,1909f56bfc062723c751e8b465ee728b)
Start importing Assets/Low Poly Environment Starter Kit/Prefabs/Standard/Other/Bush 1.prefab using Guid(af8e7fff1d09a4c4bbc10efbbef7a446) Importer(815301076,1909f56bfc062723c751e8b465ee728b) (PreviewImporter) -> (artifact id: 'dcc03ea1559b1b82ef334f1335bd83dd') in 0.532666959 seconds
Number of updated asset objects reloaded before import = 0Number of asset objects unloaded after import = 17

========================================================================
Received Import Request.
  Time since last request: 0.000448 seconds.
  path: Assets/Low Poly Environment Starter Kit/Prefabs/Standard/Other/Bush 2.prefab
  artifactKey: Guid(4c32b86ac0befb141b59d1c3e8979a41) Importer(815301076,1909f56bfc062723c751e8b465ee728b)
Start importing Assets/Low Poly Environment Starter Kit/Prefabs/Standard/Other/Bush 2.prefab using Guid(4c32b86ac0befb141b59d1c3e8979a41) Importer(815301076,1909f56bfc062723c751e8b465ee728b) (PreviewImporter) -> (artifact id: '74d0aa2c776d2acd8795ab005b2ad278') in 0.039160083 seconds
Number of updated asset objects reloaded before import = 0Number of asset objects unloaded after import = 17

========================================================================
Received Import Request.
  Time since last request: 0.000130 seconds.
  path: Assets/Low Poly Environment Starter Kit/Prefabs/Standard/Other/Bush 3.prefab
  artifactKey: Guid(d1c9eee96e188b04a8d4a659abe4c24b) Importer(815301076,1909f56bfc062723c751e8b465ee728b)
Start importing Assets/Low Poly Environment Starter Kit/Prefabs/Standard/Other/Bush 3.prefab using Guid(d1c9eee96e188b04a8d4a659abe4c24b) Importer(815301076,1909f56bfc062723c751e8b465ee728b) (PreviewImporter) -> (artifact id: '306aac61494df2d13d19b9cc432fb915') in 0.030344417 seconds
Number of updated asset objects reloaded before import = 0Number of asset objects unloaded after import = 17

========================================================================
Received Import Request.
  Time since last request: 0.000047 seconds.
  path: Assets/Low Poly Environment Starter Kit/Prefabs/URP/Other/Bush 1.prefab
  artifactKey: Guid(e361bee9715c4aa4980bb005ac60d7e9) Importer(815301076,1909f56bfc062723c751e8b465ee728b)
Start importing Assets/Low Poly Environment Starter Kit/Prefabs/URP/Other/Bush 1.prefab using Guid(e361bee9715c4aa4980bb005ac60d7e9) Importer(815301076,1909f56bfc062723c751e8b465ee728b) (PreviewImporter) -> (artifact id: 'bd0874ebf6172697b521faf3eb51f9b4') in 19.478092292 seconds
Number of updated asset objects reloaded before import = 0Number of asset objects unloaded after import = 22

========================================================================
Received Import Request.
  Time since last request: 0.005218 seconds.
  path: Assets/Low Poly Environment Starter Kit/Prefabs/HDRP/Other/Grass 4.prefab
  artifactKey: Guid(cdbcecdf7009f4448899c0a3531aee2b) Importer(815301076,1909f56bfc062723c751e8b465ee728b)
Start importing Assets/Low Poly Environment Starter Kit/Prefabs/HDRP/Other/Grass 4.prefab using Guid(cdbcecdf7009f4448899c0a3531aee2b) Importer(815301076,1909f56bfc062723c751e8b465ee728b) (PreviewImporter) -> (artifact id: 'e3452a22a983f53bb05b44d5862d246c') in 11.807559334 seconds
Number of updated asset objects reloaded before import = 0Number of asset objects unloaded after import = 24

========================================================================
Received Import Request.
  Time since last request: 0.001139 seconds.
  path: Assets/TerrainSampleAssets/Prefabs/Plant_C.prefab
  artifactKey: Guid(d9246f89c4014f749b69f6e963372434) Importer(815301076,1909f56bfc062723c751e8b465ee728b)
Start importing Assets/TerrainSampleAssets/Prefabs/Plant_C.prefab using Guid(d9246f89c4014f749b69f6e963372434) Importer(815301076,1909f56bfc062723c751e8b465ee728b) (PreviewImporter) -> (artifact id: 'f76ce961a29c04f186ba222477268c20') in 0.253443375 seconds
Number of updated asset objects reloaded before import = 0Number of asset objects unloaded after import = 23

========================================================================
Received Import Request.
  Time since last request: 0.000103 seconds.
  path: Assets/Low Poly Environment Starter Kit/Prefabs/URP/Other/Bush 3.prefab
  artifactKey: Guid(b1819af2bf9a9d14a935d8e7fd7b7cbc) Importer(815301076,1909f56bfc062723c751e8b465ee728b)
Start importing Assets/Low Poly Environment Starter Kit/Prefabs/URP/Other/Bush 3.prefab using Guid(b1819af2bf9a9d14a935d8e7fd7b7cbc) Importer(815301076,1909f56bfc062723c751e8b465ee728b) (PreviewImporter) -> (artifact id: '07443ee74c46fc7798009c6b9b5bac9c') in 0.05682475 seconds
Number of updated asset objects reloaded before import = 0Number of asset objects unloaded after import = 22

========================================================================
Received Import Request.
  Time since last request: 0.000078 seconds.
  path: Assets/Low Poly Environment Starter Kit/Prefabs/HDRP/Trees/Pine 2.prefab
  artifactKey: Guid(7afd978917ba8d544aed52a49e3e202a) Importer(815301076,1909f56bfc062723c751e8b465ee728b)
Start importing Assets/Low Poly Environment Starter Kit/Prefabs/HDRP/Trees/Pine 2.prefab using Guid(7afd978917ba8d544aed52a49e3e202a) Importer(815301076,1909f56bfc062723c751e8b465ee728b) (PreviewImporter) -> (artifact id: '3b0c1c14435e8273a843f6712a78b800') in 0.08923 seconds
Number of updated asset objects reloaded before import = 0Number of asset objects unloaded after import = 38

========================================================================
Received Import Request.
  Time since last request: 0.000061 seconds.
  path: Assets/Low Poly Environment Starter Kit/Prefabs/HDRP/Rocks/Rock 7.prefab
  artifactKey: Guid(f971cd7b222bb714d8d9b4ebc0474293) Importer(815301076,1909f56bfc062723c751e8b465ee728b)
Start importing Assets/Low Poly Environment Starter Kit/Prefabs/HDRP/Rocks/Rock 7.prefab using Guid(f971cd7b222bb714d8d9b4ebc0474293) Importer(815301076,1909f56bfc062723c751e8b465ee728b) (PreviewImporter) -> (artifact id: 'b861db1d83d7e57248f01b8919fbeffe') in 0.020924834 seconds
Number of updated asset objects reloaded before import = 0Number of asset objects unloaded after import = 24

========================================================================
Received Import Request.
  Time since last request: 0.000082 seconds.
  path: Assets/Low Poly Environment Starter Kit/Prefabs/URP/Trees/Pine 4.prefab
  artifactKey: Guid(9c62758f974dbcb409d18cf6eea7e71a) Importer(815301076,1909f56bfc062723c751e8b465ee728b)
Start importing Assets/Low Poly Environment Starter Kit/Prefabs/URP/Trees/Pine 4.prefab using Guid(9c62758f974dbcb409d18cf6eea7e71a) Importer(815301076,1909f56bfc062723c751e8b465ee728b) (PreviewImporter) -> (artifact id: 'e4ee18d1f2661a5edb26169dcdc2aa3b') in 0.02485425 seconds
Number of updated asset objects reloaded before import = 0Number of asset objects unloaded after import = 37

========================================================================
Received Import Request.
  Time since last request: 0.000066 seconds.
  path: Assets/Low Poly Environment Starter Kit/Prefabs/Standard/Rocks/Rock Pile 2.prefab
  artifactKey: Guid(d2f665b7036709b4ea1c58074942c454) Importer(815301076,1909f56bfc062723c751e8b465ee728b)
Start importing Assets/Low Poly Environment Starter Kit/Prefabs/Standard/Rocks/Rock Pile 2.prefab using Guid(d2f665b7036709b4ea1c58074942c454) Importer(815301076,1909f56bfc062723c751e8b465ee728b) (PreviewImporter) -> (artifact id: 'abadef86ec426a57b5cbc76731bcbd01') in 0.014292125 seconds
Number of updated asset objects reloaded before import = 0Number of asset objects unloaded after import = 18

========================================================================
Received Import Request.
  Time since last request: 0.000052 seconds.
  path: Assets/Low Poly Environment Starter Kit/Prefabs/HDRP/Terrains/Mountain 2.prefab
  artifactKey: Guid(e22c4e3d6b5c63b408d516ca348a5e97) Importer(815301076,1909f56bfc062723c751e8b465ee728b)
Start importing Assets/Low Poly Environment Starter Kit/Prefabs/HDRP/Terrains/Mountain 2.prefab using Guid(e22c4e3d6b5c63b408d516ca348a5e97) Importer(815301076,1909f56bfc062723c751e8b465ee728b) (PreviewImporter) -> (artifact id: '3e333b92f395dd6e44c6eab36984f460') in 0.321888041 seconds
Number of updated asset objects reloaded before import = 0Number of asset objects unloaded after import = 24

========================================================================
Received Import Request.
  Time since last request: 0.000528 seconds.
  path: Assets/Low Poly Environment Starter Kit/Prefabs/URP/Rocks/Rock 6.prefab
  artifactKey: Guid(873df5bb50a2df04c9c3d7abfe84c10a) Importer(815301076,1909f56bfc062723c751e8b465ee728b)
Start importing Assets/Low Poly Environment Starter Kit/Prefabs/URP/Rocks/Rock 6.prefab using Guid(873df5bb50a2df04c9c3d7abfe84c10a) Importer(815301076,1909f56bfc062723c751e8b465ee728b) (PreviewImporter) -> (artifact id: 'ff79e7cb025a1464dcb02be1fac9802a') in 0.021000333 seconds
Number of updated asset objects reloaded before import = 0Number of asset objects unloaded after import = 23

========================================================================
Received Import Request.
  Time since last request: 0.000045 seconds.
  path: Assets/Low Poly Environment Starter Kit/Prefabs/Standard/Rocks/Rock 12.prefab
  artifactKey: Guid(bbc46a8efcf46a2459b48a84ee343f41) Importer(815301076,1909f56bfc062723c751e8b465ee728b)
Start importing Assets/Low Poly Environment Starter Kit/Prefabs/Standard/Rocks/Rock 12.prefab using Guid(bbc46a8efcf46a2459b48a84ee343f41) Importer(815301076,1909f56bfc062723c751e8b465ee728b) (PreviewImporter) -> (artifact id: '47afa2e0dfc888464ab636a766903333') in 0.01442975 seconds
Number of updated asset objects reloaded before import = 0Number of asset objects unloaded after import = 17

========================================================================
Received Import Request.
  Time since last request: 0.000175 seconds.
  path: Assets/Low Poly Environment Starter Kit/Prefabs/Standard/Terrains/Lake.prefab
  artifactKey: Guid(52b913ae760450748b3689351167e95d) Importer(815301076,1909f56bfc062723c751e8b465ee728b)
Start importing Assets/Low Poly Environment Starter Kit/Prefabs/Standard/Terrains/Lake.prefab using Guid(52b913ae760450748b3689351167e95d) Importer(815301076,1909f56bfc062723c751e8b465ee728b) (PreviewImporter) -> (artifact id: '3fa0e95fd214a5cac494517854d52984') in 0.159678292 seconds
Number of updated asset objects reloaded before import = 0Number of asset objects unloaded after import = 70

========================================================================
Received Import Request.
  Time since last request: 0.000084 seconds.
  path: Assets/Low Poly Environment Starter Kit/Source/Meshes/Rocks/Stone_2.fbx
  artifactKey: Guid(96f89d1f29790d6419ad95ae2cb60fd1) Importer(815301076,1909f56bfc062723c751e8b465ee728b)
Start importing Assets/Low Poly Environment Starter Kit/Source/Meshes/Rocks/Stone_2.fbx using Guid(96f89d1f29790d6419ad95ae2cb60fd1) Importer(815301076,1909f56bfc062723c751e8b465ee728b) (PreviewImporter) -> (artifact id: '1b1cdc7ec9c9338f54064e9044271eaa') in 0.207381334 seconds
Number of updated asset objects reloaded before import = 0Number of asset objects unloaded after import = 8

========================================================================
Received Import Request.
  Time since last request: 0.000069 seconds.
  path: Assets/Low Poly Environment Starter Kit/Prefabs/URP/Other/Grass 3.prefab
  artifactKey: Guid(fe4ddc300bb879c4f860a9a1954689fb) Importer(815301076,1909f56bfc062723c751e8b465ee728b)
Start importing Assets/Low Poly Environment Starter Kit/Prefabs/URP/Other/Grass 3.prefab using Guid(fe4ddc300bb879c4f860a9a1954689fb) Importer(815301076,1909f56bfc062723c751e8b465ee728b) (PreviewImporter) -> (artifact id: '65318bc1b0ea12a9f3ec1e94a0108139') in 0.02298575 seconds
Number of updated asset objects reloaded before import = 0Number of asset objects unloaded after import = 23

========================================================================
Received Import Request.
  Time since last request: 0.000061 seconds.
  path: Assets/Low Poly Environment Starter Kit/Prefabs/URP/Rocks/Rock Pile 2.prefab
  artifactKey: Guid(f7315e96585d195459d4d5634481e773) Importer(815301076,1909f56bfc062723c751e8b465ee728b)
Start importing Assets/Low Poly Environment Starter Kit/Prefabs/URP/Rocks/Rock Pile 2.prefab using Guid(f7315e96585d195459d4d5634481e773) Importer(815301076,1909f56bfc062723c751e8b465ee728b) (PreviewImporter) -> (artifact id: '9e07f578ab30967c674694796e933b92') in 0.015586459 seconds
Number of updated asset objects reloaded before import = 0Number of asset objects unloaded after import = 23

========================================================================
Received Import Request.
  Time since last request: 0.000082 seconds.
  path: Assets/Low Poly Environment Starter Kit/Prefabs/HDRP/Trees/Pine 1.prefab
  artifactKey: Guid(6a76598997f84da4fbdb95922f367eff) Importer(815301076,1909f56bfc062723c751e8b465ee728b)
Start importing Assets/Low Poly Environment Starter Kit/Prefabs/HDRP/Trees/Pine 1.prefab using Guid(6a76598997f84da4fbdb95922f367eff) Importer(815301076,1909f56bfc062723c751e8b465ee728b) (PreviewImporter) -> (artifact id: '42ab791a95955193adc9ccce8db8ea62') in 0.031757166 seconds
Number of updated asset objects reloaded before import = 0Number of asset objects unloaded after import = 39

========================================================================
Received Import Request.
  Time since last request: 0.000063 seconds.
  path: Assets/Low Poly Environment Starter Kit/Source/Meshes/Trees/Pine4.fbx
  artifactKey: Guid(ffdddb468ae8cbb4eb2af2865d16caf9) Importer(815301076,1909f56bfc062723c751e8b465ee728b)
Start importing Assets/Low Poly Environment Starter Kit/Source/Meshes/Trees/Pine4.fbx using Guid(ffdddb468ae8cbb4eb2af2865d16caf9) Importer(815301076,1909f56bfc062723c751e8b465ee728b) (PreviewImporter) -> (artifact id: 'e61d73ea4dfce98f54df00ed726f5cca') in 0.028909375 seconds
Number of updated asset objects reloaded before import = 0Number of asset objects unloaded after import = 14

========================================================================
Received Import Request.
  Time since last request: 0.000073 seconds.
  path: Assets/Low Poly Environment Starter Kit/Prefabs/URP/Trees/Tree 6.prefab
  artifactKey: Guid(b0481f62b0d3d084db3f82bab4650c50) Importer(815301076,1909f56bfc062723c751e8b465ee728b)
Start importing Assets/Low Poly Environment Starter Kit/Prefabs/URP/Trees/Tree 6.prefab using Guid(b0481f62b0d3d084db3f82bab4650c50) Importer(815301076,1909f56bfc062723c751e8b465ee728b) (PreviewImporter) -> (artifact id: 'a548f3c9dacd8e6ae09fb72d631a8902') in 0.014847208 seconds
Number of updated asset objects reloaded before import = 0Number of asset objects unloaded after import = 37

========================================================================
Received Import Request.
  Time since last request: 0.000060 seconds.
  path: Assets/Low Poly Environment Starter Kit/Prefabs/Standard/Other/Grass 1.prefab
  artifactKey: Guid(21774f6ef1e733d45bdd82cb135ff7d4) Importer(815301076,1909f56bfc062723c751e8b465ee728b)
Start importing Assets/Low Poly Environment Starter Kit/Prefabs/Standard/Other/Grass 1.prefab using Guid(21774f6ef1e733d45bdd82cb135ff7d4) Importer(815301076,1909f56bfc062723c751e8b465ee728b) (PreviewImporter) -> (artifact id: 'aaa9a601f829a7b1dcb84f0df2613bd6') in 0.012583125 seconds
Number of updated asset objects reloaded before import = 0Number of asset objects unloaded after import = 18

========================================================================
Received Import Request.
  Time since last request: 0.000072 seconds.
  path: Assets/Low Poly Environment Starter Kit/Prefabs/Standard/Rocks/Rock 2.prefab
  artifactKey: Guid(57ed58afc8891834b9b6c7ad9b867e4b) Importer(815301076,1909f56bfc062723c751e8b465ee728b)
Start importing Assets/Low Poly Environment Starter Kit/Prefabs/Standard/Rocks/Rock 2.prefab using Guid(57ed58afc8891834b9b6c7ad9b867e4b) Importer(815301076,1909f56bfc062723c751e8b465ee728b) (PreviewImporter) -> (artifact id: '228874d2a8b113e931de49c9553a2aeb') in 0.009678458 seconds
Number of updated asset objects reloaded before import = 0Number of asset objects unloaded after import = 18

========================================================================
Received Import Request.
  Time since last request: 0.000049 seconds.
  path: Assets/Low Poly Environment Starter Kit/Source/Meshes/Trees/Pine3.fbx
  artifactKey: Guid(24aed17ebf0551f45b2468cfa926d28a) Importer(815301076,1909f56bfc062723c751e8b465ee728b)
Start importing Assets/Low Poly Environment Starter Kit/Source/Meshes/Trees/Pine3.fbx using Guid(24aed17ebf0551f45b2468cfa926d28a) Importer(815301076,1909f56bfc062723c751e8b465ee728b) (PreviewImporter) -> (artifact id: '79ad5537b7123122dfc48059b0eaab93') in 0.031397125 seconds
Number of updated asset objects reloaded before import = 0Number of asset objects unloaded after import = 14

========================================================================
Received Import Request.
  Time since last request: 0.000065 seconds.
  path: Assets/Low Poly Environment Starter Kit/Source/Meshes/Other/Bush_2.fbx
  artifactKey: Guid(45aa7baacf3cc6442be13c43f5a6349e) Importer(815301076,1909f56bfc062723c751e8b465ee728b)
Start importing Assets/Low Poly Environment Starter Kit/Source/Meshes/Other/Bush_2.fbx using Guid(45aa7baacf3cc6442be13c43f5a6349e) Importer(815301076,1909f56bfc062723c751e8b465ee728b) (PreviewImporter) -> (artifact id: '32bc971f81a40c8f00148cbc605b8bf4') in 0.019410208 seconds
Number of updated asset objects reloaded before import = 0Number of asset objects unloaded after import = 7

========================================================================
Received Import Request.
  Time since last request: 0.000054 seconds.
  path: Assets/Low Poly Environment Starter Kit/Prefabs/URP/Trees/Tree 7.prefab
  artifactKey: Guid(317cef7c4ec02cb4685127dd7da56834) Importer(815301076,1909f56bfc062723c751e8b465ee728b)
Start importing Assets/Low Poly Environment Starter Kit/Prefabs/URP/Trees/Tree 7.prefab using Guid(317cef7c4ec02cb4685127dd7da56834) Importer(815301076,1909f56bfc062723c751e8b465ee728b) (PreviewImporter) -> (artifact id: 'e558257a4e9548481a89acd3a9fb26a0') in 0.022401042 seconds
Number of updated asset objects reloaded before import = 0Number of asset objects unloaded after import = 37

========================================================================
Received Import Request.
  Time since last request: 0.000052 seconds.
  path: Assets/Low Poly Environment Starter Kit/Prefabs/URP/Rocks/Rock 5.prefab
  artifactKey: Guid(b0af5191633fdd346a14b66abe9748f2) Importer(815301076,1909f56bfc062723c751e8b465ee728b)
Start importing Assets/Low Poly Environment Starter Kit/Prefabs/URP/Rocks/Rock 5.prefab using Guid(b0af5191633fdd346a14b66abe9748f2) Importer(815301076,1909f56bfc062723c751e8b465ee728b) (PreviewImporter) -> (artifact id: '7778a34c0d5149a1a5df9cc8d1f332a8') in 0.015196833 seconds
Number of updated asset objects reloaded before import = 0Number of asset objects unloaded after import = 23

========================================================================
Received Import Request.
  Time since last request: 0.000064 seconds.
  path: Assets/Low Poly Environment Starter Kit/Prefabs/URP/Terrains/Field.prefab
  artifactKey: Guid(2910a5ffd7e6fa64bbb7b4a2e255603e) Importer(815301076,1909f56bfc062723c751e8b465ee728b)
Start importing Assets/Low Poly Environment Starter Kit/Prefabs/URP/Terrains/Field.prefab using Guid(2910a5ffd7e6fa64bbb7b4a2e255603e) Importer(815301076,1909f56bfc062723c751e8b465ee728b) (PreviewImporter) -> (artifact id: '97fe5da0f1f8c8da018002ff9555ed1c') in 0.045736292 seconds
Number of updated asset objects reloaded before import = 0Number of asset objects unloaded after import = 69

========================================================================
Received Import Request.
  Time since last request: 0.000045 seconds.
  path: Assets/Low Poly Environment Starter Kit/Source/Meshes/Rocks/Stone_10.fbx
  artifactKey: Guid(110f2fa6038aaa44d8bfcdf03c83ad50) Importer(815301076,1909f56bfc062723c751e8b465ee728b)
Start importing Assets/Low Poly Environment Starter Kit/Source/Meshes/Rocks/Stone_10.fbx using Guid(110f2fa6038aaa44d8bfcdf03c83ad50) Importer(815301076,1909f56bfc062723c751e8b465ee728b) (PreviewImporter) -> (artifact id: '6c764898c8c9aa23d42a6d0f06f7e2d8') in 0.02936225 seconds
Number of updated asset objects reloaded before import = 0Number of asset objects unloaded after import = 8

========================================================================
Received Import Request.
  Time since last request: 0.000099 seconds.
  path: Assets/Low Poly Environment Starter Kit/Prefabs/Standard/Trees/Pine 4.prefab
  artifactKey: Guid(efad0e27c216ffe46a97c381d7e1144b) Importer(815301076,1909f56bfc062723c751e8b465ee728b)
Start importing Assets/Low Poly Environment Starter Kit/Prefabs/Standard/Trees/Pine 4.prefab using Guid(efad0e27c216ffe46a97c381d7e1144b) Importer(815301076,1909f56bfc062723c751e8b465ee728b) (PreviewImporter) -> (artifact id: '25681d84221acfa437b07bbe9b8d1e64') in 0.012577375 seconds
Number of updated asset objects reloaded before import = 0Number of asset objects unloaded after import = 32

========================================================================
Received Import Request.
  Time since last request: 0.000096 seconds.
  path: Assets/Low Poly Environment Starter Kit/Prefabs/HDRP/Rocks/Rock 8.prefab
  artifactKey: Guid(fb578c961e8c1494fa68664f73879319) Importer(815301076,1909f56bfc062723c751e8b465ee728b)
Start importing Assets/Low Poly Environment Starter Kit/Prefabs/HDRP/Rocks/Rock 8.prefab using Guid(fb578c961e8c1494fa68664f73879319) Importer(815301076,1909f56bfc062723c751e8b465ee728b) (PreviewImporter) -> (artifact id: '43a48fb51dc539b7c4a4672776be0dba') in 0.016658209 seconds
Number of updated asset objects reloaded before import = 0Number of asset objects unloaded after import = 24

========================================================================
Received Import Request.
  Time since last request: 0.000065 seconds.
  path: Assets/Low Poly Environment Starter Kit/Prefabs/URP/Trees/Pine 1.prefab
  artifactKey: Guid(cae27e3850d0c804290a044c9e70d6f0) Importer(815301076,1909f56bfc062723c751e8b465ee728b)
Start importing Assets/Low Poly Environment Starter Kit/Prefabs/URP/Trees/Pine 1.prefab using Guid(cae27e3850d0c804290a044c9e70d6f0) Importer(815301076,1909f56bfc062723c751e8b465ee728b) (PreviewImporter) -> (artifact id: '533fc48f13fd001d29669c7c593ca9e9') in 0.016725708 seconds
Number of updated asset objects reloaded before import = 0Number of asset objects unloaded after import = 38

========================================================================
Received Import Request.
  Time since last request: 0.000052 seconds.
  path: Assets/Low Poly Environment Starter Kit/Source/Meshes/Terrains/Lake.fbx
  artifactKey: Guid(f6559997c419d0e40a337dbfcdf6bbd9) Importer(815301076,1909f56bfc062723c751e8b465ee728b)
Start importing Assets/Low Poly Environment Starter Kit/Source/Meshes/Terrains/Lake.fbx using Guid(f6559997c419d0e40a337dbfcdf6bbd9) Importer(815301076,1909f56bfc062723c751e8b465ee728b) (PreviewImporter) -> (artifact id: 'ec3bb22e00ccb1d242d97f7cff3430e4') in 0.110762708 seconds
Number of updated asset objects reloaded before import = 0Number of asset objects unloaded after import = 24

========================================================================
Received Import Request.
  Time since last request: 0.000073 seconds.
  path: Assets/Low Poly Environment Starter Kit/Prefabs/URP/Trees/Tree 2.prefab
  artifactKey: Guid(855ad926227c2c646847b5a3be7482cf) Importer(815301076,1909f56bfc062723c751e8b465ee728b)
Start importing Assets/Low Poly Environment Starter Kit/Prefabs/URP/Trees/Tree 2.prefab using Guid(855ad926227c2c646847b5a3be7482cf) Importer(815301076,1909f56bfc062723c751e8b465ee728b) (PreviewImporter) -> (artifact id: '9997606d45a177392d9e54968a2c4019') in 0.015917917 seconds
Number of updated asset objects reloaded before import = 0Number of asset objects unloaded after import = 37

========================================================================
Received Import Request.
  Time since last request: 0.000050 seconds.
  path: Assets/Low Poly Environment Starter Kit/Prefabs/URP/Other/Grass 1.prefab
  artifactKey: Guid(c87c42a049fe9264587bca3da74325ba) Importer(815301076,1909f56bfc062723c751e8b465ee728b)
Start importing Assets/Low Poly Environment Starter Kit/Prefabs/URP/Other/Grass 1.prefab using Guid(c87c42a049fe9264587bca3da74325ba) Importer(815301076,1909f56bfc062723c751e8b465ee728b) (PreviewImporter) -> (artifact id: '472b631839398a0982d4b2ac5b24e078') in 0.013517583 seconds
Number of updated asset objects reloaded before import = 0Number of asset objects unloaded after import = 23

========================================================================
Received Import Request.
  Time since last request: 0.000075 seconds.
  path: Assets/Low Poly Environment Starter Kit/Source/Meshes/Rocks/Rock_Pile_1.fbx
  artifactKey: Guid(7b6d364608a8b544d8da278812e75ff0) Importer(815301076,1909f56bfc062723c751e8b465ee728b)
Start importing Assets/Low Poly Environment Starter Kit/Source/Meshes/Rocks/Rock_Pile_1.fbx using Guid(7b6d364608a8b544d8da278812e75ff0) Importer(815301076,1909f56bfc062723c751e8b465ee728b) (PreviewImporter) -> (artifact id: '5f9c58c83d3a9046c4a8142e5027f80c') in 0.021283542 seconds
Number of updated asset objects reloaded before import = 0Number of asset objects unloaded after import = 8

========================================================================
Received Import Request.
  Time since last request: 0.000053 seconds.
  path: Assets/Low Poly Environment Starter Kit/Prefabs/HDRP/Terrains/Lake.prefab
  artifactKey: Guid(c3d1568b5301c864da44c88b4550c420) Importer(815301076,1909f56bfc062723c751e8b465ee728b)
Start importing Assets/Low Poly Environment Starter Kit/Prefabs/HDRP/Terrains/Lake.prefab using Guid(c3d1568b5301c864da44c88b4550c420) Importer(815301076,1909f56bfc062723c751e8b465ee728b) (PreviewImporter) -> (artifact id: '3b4ed5108f19bd67bf1bf3659456e463') in 7.355104375 seconds
Number of updated asset objects reloaded before import = 0Number of asset objects unloaded after import = 81

========================================================================
Received Import Request.
  Time since last request: 176.084789 seconds.
  path: Assets/HDRPDefaultResources/DefaultSettingsVolumeProfile.asset
  artifactKey: Guid(7f0cd8e8935fb48d5ada2897089459b4) Importer(815301076,1909f56bfc062723c751e8b465ee728b)
Start importing Assets/HDRPDefaultResources/DefaultSettingsVolumeProfile.asset using Guid(7f0cd8e8935fb48d5ada2897089459b4) Importer(815301076,1909f56bfc062723c751e8b465ee728b) (PreviewImporter) -> (artifact id: '901887dbfa02e45faf9f7684a75cbc35') in 0.077367334 seconds
Number of updated asset objects reloaded before import = 0Number of asset objects unloaded after import = 19

========================================================================
Received Prepare
Begin MonoManager ReloadAssembly
Thread 0x172e9f000 may have been prematurely finalized
- Loaded All Assemblies, in  2.559 seconds
'Packages/com.unity.render-pipelines.high-definition/Editor/Wizard/HDWizard.UIElement.cs' contains partial class of Unity.Object, exactly 1 of the partial classes needs to be in a file with the same filename. This is to know the one that can be referenced from ie. GameObjects
'Packages/com.unity.render-pipelines.high-definition/Editor/Wizard/HDWizard.Configuration.cs' contains partial class of Unity.Object, exactly 1 of the partial classes needs to be in a file with the same filename. This is to know the one that can be referenced from ie. GameObjects
'Packages/com.unity.render-pipelines.high-definition/Editor/Wizard/HDWizard.Window.cs' contains partial class of Unity.Object, exactly 1 of the partial classes needs to be in a file with the same filename. This is to know the one that can be referenced from ie. GameObjects
Refreshing native plugins compatible for Editor in 19.84 ms, found 11 plugins.
Native extension for iOS target not found
Native extension for Android target not found
Native extension for OSXStandalone target not found
[Package Manager] Failed to launch server process. Reason: Unity was launched with the -noUpm command-line argument
[Package Manager] Unable to send message (not connected to server process).
[Package Manager] Cannot connect to Unity Package Manager local server
[MODES] ModeService[none].Initialize
[MODES] ModeService[none].LoadModes
Mono: successfully reloaded assembly
[Package Manager] Failed to launch server process. Reason: Unity was launched with the -noUpm command-line argument
[Package Manager] Unable to send message (not connected to server process).
[Package Manager] Cannot connect to Unity Package Manager local server
- Finished resetting the current domain, in  1.651 seconds
Domain Reload Profiling: 4222ms
	BeginReloadAssembly (1284ms)
		ExecutionOrderSort (7ms)
		DisableScriptedObjects (168ms)
		BackupInstance (0ms)
		ReleaseScriptingObjects (3ms)
		CreateAndSetChildDomain (323ms)
	RebuildCommonClasses (42ms)
	RebuildNativeTypeToScriptingClass (11ms)
	initialDomainReloadingComplete (31ms)
	LoadAllAssembliesAndSetupDomain (1203ms)
		LoadAssemblies (1032ms)
		RebuildTransferFunctionScriptingTraits (0ms)
		AnalyzeDomain (537ms)
			TypeCache.Refresh (97ms)
				TypeCache.ScanAssembly (3ms)
			BuildScriptInfoCaches (406ms)
			ResolveRequiredComponents (16ms)
	FinalizeReload (1651ms)
		ReleaseScriptCaches (0ms)
		RebuildScriptCaches (0ms)
		SetupLoadedEditorAssemblies (1364ms)
			LogAssemblyErrors (0ms)
			InitializePlatformSupportModulesInManaged (536ms)
			SetLoadedEditorAssemblies (7ms)
			BeforeProcessingInitializeOnLoad (116ms)
			ProcessInitializeOnLoadAttributes (382ms)
			ProcessInitializeOnLoadMethodAttributes (320ms)
			AfterProcessingInitializeOnLoad (1ms)
			EditorAssembliesLoaded (2ms)
		ExecutionOrderSort2 (0ms)
		AwakeInstancesAfterBackupRestoration (12ms)
WARNING: Shader Unsupported: 'HDRP/TerrainLit' - All subshaders removed
WARNING: Shader Did you use #pragma only_renderers and omit this platform?
WARNING: Shader If subshaders removal was intentional, you may have forgotten turning Fallback off?
WARNING: Shader Unsupported: 'HDRP/TerrainLit' - All subshaders removed
WARNING: Shader Did you use #pragma only_renderers and omit this platform?
WARNING: Shader If subshaders removal was intentional, you may have forgotten turning Fallback off?
WARNING: Shader Unsupported: 'Universal Render Pipeline/VR/SpatialMapping/Wireframe' - All subshaders removed
WARNING: Shader Did you use #pragma only_renderers and omit this platform?
WARNING: Shader If subshaders removal was intentional, you may have forgotten turning Fallback off?
WARNING: Shader Unsupported: 'Universal Render Pipeline/VR/SpatialMapping/Wireframe' - All subshaders removed
WARNING: Shader Did you use #pragma only_renderers and omit this platform?
WARNING: Shader If subshaders removal was intentional, you may have forgotten turning Fallback off?
Refreshing native plugins compatible for Editor in 5.00 ms, found 11 plugins.
Preloading 1 native plugins for Editor in 0.29 ms.
Unloading 182 Unused Serialized files (Serialized files now loaded: 0)
Unloading 9128 unused Assets / (16.6 MB). Loaded Objects now: 9906.
Memory consumption went from 230.0 MB to 213.3 MB.
Total: 39.292084 ms (FindLiveObjects: 2.959791 ms CreateObjectMapping: 0.608542 ms MarkObjects: 22.053416 ms  DeleteObjects: 13.669167 ms)

Prepare: number of updated asset objects reloaded= 0
========================================================================
Received Import Request.
  Time since last request: 723.919309 seconds.
  path: Assets/TerrainDemoScene_URP/Prefabs/Bookmarks/Bookmarks.prefab
  artifactKey: Guid(8067cb133919b42a3b9dac88315a0c4e) Importer(815301076,1909f56bfc062723c751e8b465ee728b)
Start importing Assets/TerrainDemoScene_URP/Prefabs/Bookmarks/Bookmarks.prefab using Guid(8067cb133919b42a3b9dac88315a0c4e) Importer(815301076,1909f56bfc062723c751e8b465ee728b) (PreviewImporter) -> (artifact id: '48ccfc6013affabf46f741972f501d8c') in 0.380494292 seconds
Number of updated asset objects reloaded before import = 0Number of asset objects unloaded after import = 52

========================================================================
Received Import Request.
  Time since last request: 0.000315 seconds.
  path: Assets/TerrainDemoScene_URP/Prefabs/Details/Bush_Red.prefab
  artifactKey: Guid(a18ae5a380cefaa42984dd62c858aa2b) Importer(815301076,1909f56bfc062723c751e8b465ee728b)
Start importing Assets/TerrainDemoScene_URP/Prefabs/Details/Bush_Red.prefab using Guid(a18ae5a380cefaa42984dd62c858aa2b) Importer(815301076,1909f56bfc062723c751e8b465ee728b) (PreviewImporter) -> (artifact id: '4760c7d1be8cc6b89f873bd643a49390') in 18.553046959 seconds
Number of updated asset objects reloaded before import = 0Number of asset objects unloaded after import = 355

========================================================================
Received Import Request.
  Time since last request: 0.011632 seconds.
  path: Assets/TerrainDemoScene_URP/Prefabs/Rocks/Models/Rock_Overgrown_C.FBX
  artifactKey: Guid(28e5b3b349d66c24486540309217e20d) Importer(815301076,1909f56bfc062723c751e8b465ee728b)
Start importing Assets/TerrainDemoScene_URP/Prefabs/Rocks/Models/Rock_Overgrown_C.FBX using Guid(28e5b3b349d66c24486540309217e20d) Importer(815301076,1909f56bfc062723c751e8b465ee728b) (PreviewImporter) -> (artifact id: 'd69530822dd5ac2275f42167fd52d0d2') in 0.823187958 seconds
Number of updated asset objects reloaded before import = 0Number of asset objects unloaded after import = 21

========================================================================
Received Import Request.
  Time since last request: 0.000347 seconds.
  path: Assets/TerrainDemoScene_URP/Prefabs/Rocks/Models/Rock_A_01.fbx
  artifactKey: Guid(3bb55b9dc42e34c47b35dea94575a162) Importer(815301076,1909f56bfc062723c751e8b465ee728b)
Start importing Assets/TerrainDemoScene_URP/Prefabs/Rocks/Models/Rock_A_01.fbx using Guid(3bb55b9dc42e34c47b35dea94575a162) Importer(815301076,1909f56bfc062723c751e8b465ee728b) (PreviewImporter) -> (artifact id: 'f3e888d99db0242b1e8d5a8d094583e4') in 12.433427875 seconds
Number of updated asset objects reloaded before import = 0Number of asset objects unloaded after import = 34

========================================================================
Received Import Request.
  Time since last request: 0.000553 seconds.
  path: Assets/TerrainDemoScene_URP/Prefabs/Rocks/Rock_Overgrown_A.prefab
  artifactKey: Guid(957579ed33eb22040bb203c8100f624f) Importer(815301076,1909f56bfc062723c751e8b465ee728b)
Start importing Assets/TerrainDemoScene_URP/Prefabs/Rocks/Rock_Overgrown_A.prefab using Guid(957579ed33eb22040bb203c8100f624f) Importer(815301076,1909f56bfc062723c751e8b465ee728b) (PreviewImporter) -> (artifact id: '8002c5ab6b3a46504e6327fd55a26127') in 12.909275458 seconds
Number of updated asset objects reloaded before import = 0Number of asset objects unloaded after import = 72

========================================================================
Received Import Request.
  Time since last request: 0.000215 seconds.
  path: Assets/TerrainDemoScene_URP/Prefabs/Rocks/Rock_Overgrown_B.prefab
  artifactKey: Guid(5e1b58f75618fc340baeccee09741a0e) Importer(815301076,1909f56bfc062723c751e8b465ee728b)
Start importing Assets/TerrainDemoScene_URP/Prefabs/Rocks/Rock_Overgrown_B.prefab using Guid(5e1b58f75618fc340baeccee09741a0e) Importer(815301076,1909f56bfc062723c751e8b465ee728b) (PreviewImporter) -> (artifact id: 'babb56e092d2b899f2792d6bef8de788') in 0.168981166 seconds
Number of updated asset objects reloaded before import = 0Number of asset objects unloaded after import = 74

========================================================================
Received Import Request.
  Time since last request: 0.000058 seconds.
  path: Assets/TerrainDemoScene_URP/Prefabs/Rocks/Models/Rock_Overgrown_B.FBX
  artifactKey: Guid(b2c98a43e7a97e94280599e0429f11b3) Importer(815301076,1909f56bfc062723c751e8b465ee728b)
Start importing Assets/TerrainDemoScene_URP/Prefabs/Rocks/Models/Rock_Overgrown_B.FBX using Guid(b2c98a43e7a97e94280599e0429f11b3) Importer(815301076,1909f56bfc062723c751e8b465ee728b) (PreviewImporter) -> (artifact id: '7063214b7d295c56ab8138bd48e2e21c') in 0.065855916 seconds
Number of updated asset objects reloaded before import = 0Number of asset objects unloaded after import = 21

========================================================================
Received Import Request.
  Time since last request: 0.000062 seconds.
  path: Assets/TerrainDemoScene_URP/Prefabs/Details/Fern_C.prefab
  artifactKey: Guid(4786e2698ac97a949a9209febfcbd49b) Importer(815301076,1909f56bfc062723c751e8b465ee728b)
Start importing Assets/TerrainDemoScene_URP/Prefabs/Details/Fern_C.prefab using Guid(4786e2698ac97a949a9209febfcbd49b) Importer(815301076,1909f56bfc062723c751e8b465ee728b) (PreviewImporter) -> (artifact id: '89a95746b6edae397a866b6f603fbb31') in 0.019447208 seconds
Number of updated asset objects reloaded before import = 0Number of asset objects unloaded after import = 24

========================================================================
Received Import Request.
  Time since last request: 0.000059 seconds.
  path: Assets/TerrainDemoScene_URP/Prefabs/Details/Bush_B.prefab
  artifactKey: Guid(b273de0d6e5818a4cb3195ce4f376ccb) Importer(815301076,1909f56bfc062723c751e8b465ee728b)
Start importing Assets/TerrainDemoScene_URP/Prefabs/Details/Bush_B.prefab using Guid(b273de0d6e5818a4cb3195ce4f376ccb) Importer(815301076,1909f56bfc062723c751e8b465ee728b) (PreviewImporter) -> (artifact id: 'eb876d2abb945b4176773bc23f4813fb') in 0.020573917 seconds
Number of updated asset objects reloaded before import = 0Number of asset objects unloaded after import = 23

========================================================================
Received Import Request.
  Time since last request: 0.000104 seconds.
  path: Assets/TerrainDemoScene_URP/Prefabs/Shots/OxbowShot.prefab
  artifactKey: Guid(a0e93c0dd1c8f414d9b3df8d239794ce) Importer(815301076,1909f56bfc062723c751e8b465ee728b)
Start importing Assets/TerrainDemoScene_URP/Prefabs/Shots/OxbowShot.prefab using Guid(a0e93c0dd1c8f414d9b3df8d239794ce) Importer(815301076,1909f56bfc062723c751e8b465ee728b) (PreviewImporter) -> (artifact id: '1e24e928f6932622b4d2392d2da93118') in 0.013404875 seconds
Number of updated asset objects reloaded before import = 0Number of asset objects unloaded after import = 38

========================================================================
Received Import Request.
  Time since last request: 0.000050 seconds.
  path: Assets/TerrainDemoScene_URP/Prefabs/Volumes/GlobalVolume.prefab
  artifactKey: Guid(930ec9e5bd4e2794ebb443cff6b18f5d) Importer(815301076,1909f56bfc062723c751e8b465ee728b)
Start importing Assets/TerrainDemoScene_URP/Prefabs/Volumes/GlobalVolume.prefab using Guid(930ec9e5bd4e2794ebb443cff6b18f5d) Importer(815301076,1909f56bfc062723c751e8b465ee728b) (PreviewImporter) -> (artifact id: 'b8407f57d3069874560c2abfb8950ecc') in 0.011963 seconds
Number of updated asset objects reloaded before import = 0Number of asset objects unloaded after import = 14

========================================================================
Received Import Request.
  Time since last request: 0.000063 seconds.
  path: Assets/TerrainDemoScene_URP/Prefabs/Rocks/Rock_B_02.prefab
  artifactKey: Guid(0d60a9157fc09ee4f9c059a176c8d1da) Importer(815301076,1909f56bfc062723c751e8b465ee728b)
Start importing Assets/TerrainDemoScene_URP/Prefabs/Rocks/Rock_B_02.prefab using Guid(0d60a9157fc09ee4f9c059a176c8d1da) Importer(815301076,1909f56bfc062723c751e8b465ee728b) (PreviewImporter) -> (artifact id: '57e1139486759850d6432cb5070b526c') in 0.013325917 seconds
Number of updated asset objects reloaded before import = 0Number of asset objects unloaded after import = 62

========================================================================
Received Import Request.
  Time since last request: 0.000053 seconds.
  path: Assets/TerrainDemoScene_URP/Prefabs/Trees/Pines/Pine_B/Pine_B.st
  artifactKey: Guid(b8aa0ccd1fb79294da6b8f03791e27f2) Importer(815301076,1909f56bfc062723c751e8b465ee728b)
Start importing Assets/TerrainDemoScene_URP/Prefabs/Trees/Pines/Pine_B/Pine_B.st using Guid(b8aa0ccd1fb79294da6b8f03791e27f2) Importer(815301076,1909f56bfc062723c751e8b465ee728b) (PreviewImporter) -> (artifact id: '01d7607a2d10a6c369d0c0b69f3fb693') in 48.338090083 seconds
Number of updated asset objects reloaded before import = 0Number of asset objects unloaded after import = 64

========================================================================
Received Import Request.
  Time since last request: 0.000227 seconds.
  path: Assets/TerrainDemoScene_URP/Prefabs/Trees/Pines/Pine_D/Pine_D.prefab
  artifactKey: Guid(35e087cfaa0f57244b67615777188d3e) Importer(815301076,1909f56bfc062723c751e8b465ee728b)
Start importing Assets/TerrainDemoScene_URP/Prefabs/Trees/Pines/Pine_D/Pine_D.prefab using Guid(35e087cfaa0f57244b67615777188d3e) Importer(815301076,1909f56bfc062723c751e8b465ee728b) (PreviewImporter) -> (artifact id: 'e5d1a5b045881f7d5d227c7d49418932') in 0.186244542 seconds
Number of updated asset objects reloaded before import = 0Number of asset objects unloaded after import = 60

========================================================================
Received Import Request.
  Time since last request: 0.000125 seconds.
  path: Assets/TerrainDemoScene_URP/Prefabs/Shots/GladeShot.prefab
  artifactKey: Guid(c49f73229e44c4a5da13603f9754593b) Importer(815301076,1909f56bfc062723c751e8b465ee728b)
Start importing Assets/TerrainDemoScene_URP/Prefabs/Shots/GladeShot.prefab using Guid(c49f73229e44c4a5da13603f9754593b) Importer(815301076,1909f56bfc062723c751e8b465ee728b) (PreviewImporter) -> (artifact id: 'f6fa9429760e9faa367e31ac22a71467') in 0.013877667 seconds
Number of updated asset objects reloaded before import = 0Number of asset objects unloaded after import = 30

========================================================================
Received Import Request.
  Time since last request: 0.000076 seconds.
  path: Assets/TerrainDemoScene_URP/Prefabs/Shots/GulleyShot.prefab
  artifactKey: Guid(a6a134db39c954e45b14678328cb897b) Importer(815301076,1909f56bfc062723c751e8b465ee728b)
Start importing Assets/TerrainDemoScene_URP/Prefabs/Shots/GulleyShot.prefab using Guid(a6a134db39c954e45b14678328cb897b) Importer(815301076,1909f56bfc062723c751e8b465ee728b) (PreviewImporter) -> (artifact id: 'd0d3ae518d45acc8eb44c54c523ce936') in 0.016083083 seconds
Number of updated asset objects reloaded before import = 0Number of asset objects unloaded after import = 36

========================================================================
Received Import Request.
  Time since last request: 0.000076 seconds.
  path: Assets/TerrainDemoScene_URP/Prefabs/Shots/ForestShot.prefab
  artifactKey: Guid(c06880acad686418fa27ce1fb2a02e57) Importer(815301076,1909f56bfc062723c751e8b465ee728b)
Start importing Assets/TerrainDemoScene_URP/Prefabs/Shots/ForestShot.prefab using Guid(c06880acad686418fa27ce1fb2a02e57) Importer(815301076,1909f56bfc062723c751e8b465ee728b) (PreviewImporter) -> (artifact id: '08c59b6246a2a2d627a7599ad4ecfce6') in 0.005729125 seconds
Number of updated asset objects reloaded before import = 0Number of asset objects unloaded after import = 30

========================================================================
Received Import Request.
  Time since last request: 0.000056 seconds.
  path: Assets/TerrainDemoScene_URP/Prefabs/Rocks/Models/Rock_B_01.fbx
  artifactKey: Guid(8d8873bd1f85c3942bf7f961cec01074) Importer(815301076,1909f56bfc062723c751e8b465ee728b)
Start importing Assets/TerrainDemoScene_URP/Prefabs/Rocks/Models/Rock_B_01.fbx using Guid(8d8873bd1f85c3942bf7f961cec01074) Importer(815301076,1909f56bfc062723c751e8b465ee728b) (PreviewImporter) -> (artifact id: 'edefbbbfa13b56b02ca16bd75b765012') in 0.110633208 seconds
Number of updated asset objects reloaded before import = 0Number of asset objects unloaded after import = 34

========================================================================
Received Import Request.
  Time since last request: 0.000056 seconds.
  path: Assets/TerrainDemoScene_URP/Prefabs/Details/Grass_C.prefab
  artifactKey: Guid(4c72217d56dcb6749a897a75cad1f34e) Importer(815301076,1909f56bfc062723c751e8b465ee728b)
Start importing Assets/TerrainDemoScene_URP/Prefabs/Details/Grass_C.prefab using Guid(4c72217d56dcb6749a897a75cad1f34e) Importer(815301076,1909f56bfc062723c751e8b465ee728b) (PreviewImporter) -> (artifact id: '256dd2bfec1356bd575876d00b62b1a6') in 0.037910916 seconds
Number of updated asset objects reloaded before import = 0Number of asset objects unloaded after import = 24

========================================================================
Received Import Request.
  Time since last request: 0.000176 seconds.
  path: Assets/TerrainDemoScene_URP/Prefabs/Details/Heather_A.prefab
  artifactKey: Guid(cce04f533c148314abf74aff71206ec7) Importer(815301076,1909f56bfc062723c751e8b465ee728b)
Start importing Assets/TerrainDemoScene_URP/Prefabs/Details/Heather_A.prefab using Guid(cce04f533c148314abf74aff71206ec7) Importer(815301076,1909f56bfc062723c751e8b465ee728b) (PreviewImporter) -> (artifact id: '7819aa16f0e3f9f2a3dd9736eae07a7c') in 0.027747292 seconds
Number of updated asset objects reloaded before import = 0Number of asset objects unloaded after import = 24

========================================================================
Received Import Request.
  Time since last request: 0.000061 seconds.
  path: Assets/TerrainDemoScene_URP/Prefabs/Rocks/Models/Rock_D.FBX
  artifactKey: Guid(b82f43319bb1242489563afe8c25f073) Importer(815301076,1909f56bfc062723c751e8b465ee728b)
Start importing Assets/TerrainDemoScene_URP/Prefabs/Rocks/Models/Rock_D.FBX using Guid(b82f43319bb1242489563afe8c25f073) Importer(815301076,1909f56bfc062723c751e8b465ee728b) (PreviewImporter) -> (artifact id: '163f4de15e4d9133b3130d1e3f21851d') in 0.079140333 seconds
Number of updated asset objects reloaded before import = 0Number of asset objects unloaded after import = 25

========================================================================
Received Import Request.
  Time since last request: 0.000067 seconds.
  path: Assets/TerrainDemoScene_URP/Prefabs/Foliage/Red_Bush/Models/Red_Bush.fbx
  artifactKey: Guid(5e76989194570e246acc05a8d2697af2) Importer(815301076,1909f56bfc062723c751e8b465ee728b)
Start importing Assets/TerrainDemoScene_URP/Prefabs/Foliage/Red_Bush/Models/Red_Bush.fbx using Guid(5e76989194570e246acc05a8d2697af2) Importer(815301076,1909f56bfc062723c751e8b465ee728b) (PreviewImporter) -> (artifact id: '0ac892f0f74d2df2bb40d4dae0d313ae') in 0.107986834 seconds
Number of updated asset objects reloaded before import = 0Number of asset objects unloaded after import = 36

========================================================================
Received Import Request.
  Time since last request: 0.000075 seconds.
  path: Assets/TerrainDemoScene_URP/Prefabs/Lighting/MorningSun.prefab
  artifactKey: Guid(d52abfc05749c4eeb92e7e9896a576c8) Importer(815301076,1909f56bfc062723c751e8b465ee728b)
Start importing Assets/TerrainDemoScene_URP/Prefabs/Lighting/MorningSun.prefab using Guid(d52abfc05749c4eeb92e7e9896a576c8) Importer(815301076,1909f56bfc062723c751e8b465ee728b) (PreviewImporter) -> (artifact id: 'f7ce1c6f1c4b2e0eca3eb9f0e3861a78') in 0.004677708 seconds
Number of updated asset objects reloaded before import = 0Number of asset objects unloaded after import = 6

========================================================================
Received Import Request.
  Time since last request: 0.000120 seconds.
  path: Assets/TerrainDemoScene_URP/Prefabs/Lighting/GlobalReflectionProbes.prefab
  artifactKey: Guid(047d05b007fe673408954aea465b4b30) Importer(815301076,1909f56bfc062723c751e8b465ee728b)
Start importing Assets/TerrainDemoScene_URP/Prefabs/Lighting/GlobalReflectionProbes.prefab using Guid(047d05b007fe673408954aea465b4b30) Importer(815301076,1909f56bfc062723c751e8b465ee728b) (PreviewImporter) -> (artifact id: 'dec6bd9c6a1f039d433bea1c57e7a99e') in 0.002746375 seconds
Number of updated asset objects reloaded before import = 0Number of asset objects unloaded after import = 7

========================================================================
Received Import Request.
  Time since last request: 0.000055 seconds.
  path: Assets/TerrainDemoScene_URP/Prefabs/Details/Grass_B.prefab
  artifactKey: Guid(7b3e6db10d22f504dbc606110b2cb5e7) Importer(815301076,1909f56bfc062723c751e8b465ee728b)
Start importing Assets/TerrainDemoScene_URP/Prefabs/Details/Grass_B.prefab using Guid(7b3e6db10d22f504dbc606110b2cb5e7) Importer(815301076,1909f56bfc062723c751e8b465ee728b) (PreviewImporter) -> (artifact id: 'ffec97c208f5db28be5efe40ff9a49b9') in 0.036723708 seconds
Number of updated asset objects reloaded before import = 0Number of asset objects unloaded after import = 24

========================================================================
Received Import Request.
  Time since last request: 0.000065 seconds.
  path: Assets/TerrainDemoScene_URP/Prefabs/Trees/Conifer/Conifer.prefab
  artifactKey: Guid(cce4d8667f2436a479759f07084d8ff4) Importer(815301076,1909f56bfc062723c751e8b465ee728b)
Start importing Assets/TerrainDemoScene_URP/Prefabs/Trees/Conifer/Conifer.prefab using Guid(cce4d8667f2436a479759f07084d8ff4) Importer(815301076,1909f56bfc062723c751e8b465ee728b) (PreviewImporter) -> (artifact id: '3c3b927641c16ed7fc74082cf26f0732') in 21.207453458 seconds
Number of updated asset objects reloaded before import = 0Number of asset objects unloaded after import = 62

========================================================================
Received Prepare
Begin MonoManager ReloadAssembly
Thread 0x16b54f000 may have been prematurely finalized
- Loaded All Assemblies, in  2.589 seconds
'Packages/com.unity.render-pipelines.high-definition/Editor/Wizard/HDWizard.UIElement.cs' contains partial class of Unity.Object, exactly 1 of the partial classes needs to be in a file with the same filename. This is to know the one that can be referenced from ie. GameObjects
'Packages/com.unity.render-pipelines.high-definition/Editor/Wizard/HDWizard.Configuration.cs' contains partial class of Unity.Object, exactly 1 of the partial classes needs to be in a file with the same filename. This is to know the one that can be referenced from ie. GameObjects
'Packages/com.unity.render-pipelines.high-definition/Editor/Wizard/HDWizard.Window.cs' contains partial class of Unity.Object, exactly 1 of the partial classes needs to be in a file with the same filename. This is to know the one that can be referenced from ie. GameObjects
Refreshing native plugins compatible for Editor in 6.48 ms, found 11 plugins.
Native extension for iOS target not found
Native extension for Android target not found
Native extension for OSXStandalone target not found
[Package Manager] Failed to launch server process. Reason: Unity was launched with the -noUpm command-line argument
[Package Manager] Unable to send message (not connected to server process).
[Package Manager] Cannot connect to Unity Package Manager local server
[MODES] ModeService[none].Initialize
[MODES] ModeService[none].LoadModes
Mono: successfully reloaded assembly
[Package Manager] Failed to launch server process. Reason: Unity was launched with the -noUpm command-line argument
[Package Manager] Unable to send message (not connected to server process).
[Package Manager] Cannot connect to Unity Package Manager local server
- Finished resetting the current domain, in  1.172 seconds
Domain Reload Profiling: 3775ms
	BeginReloadAssembly (1455ms)
		ExecutionOrderSort (4ms)
		DisableScriptedObjects (144ms)
		BackupInstance (0ms)
		ReleaseScriptingObjects (4ms)
		CreateAndSetChildDomain (471ms)
	RebuildCommonClasses (33ms)
	RebuildNativeTypeToScriptingClass (11ms)
	initialDomainReloadingComplete (29ms)
	LoadAllAssembliesAndSetupDomain (1075ms)
		LoadAssemblies (1094ms)
		RebuildTransferFunctionScriptingTraits (0ms)
		AnalyzeDomain (427ms)
			TypeCache.Refresh (38ms)
				TypeCache.ScanAssembly (0ms)
			BuildScriptInfoCaches (354ms)
			ResolveRequiredComponents (16ms)
	FinalizeReload (1173ms)
		ReleaseScriptCaches (0ms)
		RebuildScriptCaches (0ms)
		SetupLoadedEditorAssemblies (837ms)
			LogAssemblyErrors (0ms)
			InitializePlatformSupportModulesInManaged (53ms)
			SetLoadedEditorAssemblies (8ms)
			BeforeProcessingInitializeOnLoad (195ms)
			ProcessInitializeOnLoadAttributes (322ms)
			ProcessInitializeOnLoadMethodAttributes (257ms)
			AfterProcessingInitializeOnLoad (1ms)
			EditorAssembliesLoaded (2ms)
		ExecutionOrderSort2 (0ms)
		AwakeInstancesAfterBackupRestoration (12ms)
WARNING: Shader Unsupported: 'HDRP/TerrainLit' - All subshaders removed
WARNING: Shader Did you use #pragma only_renderers and omit this platform?
WARNING: Shader If subshaders removal was intentional, you may have forgotten turning Fallback off?
WARNING: Shader Unsupported: 'HDRP/TerrainLit' - All subshaders removed
WARNING: Shader Did you use #pragma only_renderers and omit this platform?
WARNING: Shader If subshaders removal was intentional, you may have forgotten turning Fallback off?
WARNING: Shader Unsupported: 'Universal Render Pipeline/VR/SpatialMapping/Wireframe' - All subshaders removed
WARNING: Shader Did you use #pragma only_renderers and omit this platform?
WARNING: Shader If subshaders removal was intentional, you may have forgotten turning Fallback off?
WARNING: Shader Unsupported: 'Universal Render Pipeline/VR/SpatialMapping/Wireframe' - All subshaders removed
WARNING: Shader Did you use #pragma only_renderers and omit this platform?
WARNING: Shader If subshaders removal was intentional, you may have forgotten turning Fallback off?
Refreshing native plugins compatible for Editor in 5.91 ms, found 11 plugins.
Preloading 1 native plugins for Editor in 7.17 ms.
Unloading 184 Unused Serialized files (Serialized files now loaded: 0)
Unloading 9133 unused Assets / (13.1 MB). Loaded Objects now: 9932.
Memory consumption went from 238.9 MB to 225.8 MB.
Total: 106.420875 ms (FindLiveObjects: 35.464500 ms CreateObjectMapping: 2.636833 ms MarkObjects: 38.356250 ms  DeleteObjects: 29.962125 ms)

Prepare: number of updated asset objects reloaded= 0
========================================================================
Received Prepare
Begin MonoManager ReloadAssembly
Thread 0x1738c3000 may have been prematurely finalized
- Loaded All Assemblies, in  2.362 seconds
'Packages/com.unity.render-pipelines.high-definition/Editor/Wizard/HDWizard.UIElement.cs' contains partial class of Unity.Object, exactly 1 of the partial classes needs to be in a file with the same filename. This is to know the one that can be referenced from ie. GameObjects
'Packages/com.unity.render-pipelines.high-definition/Editor/Wizard/HDWizard.Configuration.cs' contains partial class of Unity.Object, exactly 1 of the partial classes needs to be in a file with the same filename. This is to know the one that can be referenced from ie. GameObjects
'Packages/com.unity.render-pipelines.high-definition/Editor/Wizard/HDWizard.Window.cs' contains partial class of Unity.Object, exactly 1 of the partial classes needs to be in a file with the same filename. This is to know the one that can be referenced from ie. GameObjects
Refreshing native plugins compatible for Editor in 3.34 ms, found 11 plugins.
Native extension for iOS target not found
Native extension for Android target not found
Native extension for OSXStandalone target not found
[Package Manager] Failed to launch server process. Reason: Unity was launched with the -noUpm command-line argument
[Package Manager] Unable to send message (not connected to server process).
[Package Manager] Cannot connect to Unity Package Manager local server
[MODES] ModeService[none].Initialize
[MODES] ModeService[none].LoadModes
Mono: successfully reloaded assembly
[Package Manager] Failed to launch server process. Reason: Unity was launched with the -noUpm command-line argument
[Package Manager] Unable to send message (not connected to server process).
[Package Manager] Cannot connect to Unity Package Manager local server
- Finished resetting the current domain, in  1.275 seconds
Domain Reload Profiling: 3646ms
	BeginReloadAssembly (916ms)
		ExecutionOrderSort (5ms)
		DisableScriptedObjects (28ms)
		BackupInstance (0ms)
		ReleaseScriptingObjects (2ms)
		CreateAndSetChildDomain (203ms)
	RebuildCommonClasses (53ms)
	RebuildNativeTypeToScriptingClass (23ms)
	initialDomainReloadingComplete (60ms)
	LoadAllAssembliesAndSetupDomain (1318ms)
		LoadAssemblies (1342ms)
		RebuildTransferFunctionScriptingTraits (0ms)
		AnalyzeDomain (404ms)
			TypeCache.Refresh (35ms)
				TypeCache.ScanAssembly (0ms)
			BuildScriptInfoCaches (341ms)
			ResolveRequiredComponents (14ms)
	FinalizeReload (1277ms)
		ReleaseScriptCaches (0ms)
		RebuildScriptCaches (0ms)
		SetupLoadedEditorAssemblies (1072ms)
			LogAssemblyErrors (0ms)
			InitializePlatformSupportModulesInManaged (239ms)
			SetLoadedEditorAssemblies (7ms)
			BeforeProcessingInitializeOnLoad (156ms)
			ProcessInitializeOnLoadAttributes (369ms)
			ProcessInitializeOnLoadMethodAttributes (299ms)
			AfterProcessingInitializeOnLoad (1ms)
			EditorAssembliesLoaded (1ms)
		ExecutionOrderSort2 (0ms)
		AwakeInstancesAfterBackupRestoration (16ms)
WARNING: Shader Unsupported: 'HDRP/TerrainLit' - All subshaders removed
WARNING: Shader Did you use #pragma only_renderers and omit this platform?
WARNING: Shader If subshaders removal was intentional, you may have forgotten turning Fallback off?
WARNING: Shader Unsupported: 'HDRP/TerrainLit' - All subshaders removed
WARNING: Shader Did you use #pragma only_renderers and omit this platform?
WARNING: Shader If subshaders removal was intentional, you may have forgotten turning Fallback off?
WARNING: Shader Unsupported: 'Universal Render Pipeline/VR/SpatialMapping/Wireframe' - All subshaders removed
WARNING: Shader Did you use #pragma only_renderers and omit this platform?
WARNING: Shader If subshaders removal was intentional, you may have forgotten turning Fallback off?
WARNING: Shader Unsupported: 'Universal Render Pipeline/VR/SpatialMapping/Wireframe' - All subshaders removed
WARNING: Shader Did you use #pragma only_renderers and omit this platform?
WARNING: Shader If subshaders removal was intentional, you may have forgotten turning Fallback off?
Refreshing native plugins compatible for Editor in 4.58 ms, found 11 plugins.
Preloading 1 native plugins for Editor in 0.43 ms.
Unloading 181 Unused Serialized files (Serialized files now loaded: 0)
Unloading 9126 unused Assets / (16.9 MB). Loaded Objects now: 9935.
Memory consumption went from 235.0 MB to 218.1 MB.
Total: 64.072083 ms (FindLiveObjects: 7.447959 ms CreateObjectMapping: 0.581750 ms MarkObjects: 22.275416 ms  DeleteObjects: 33.766125 ms)

Prepare: number of updated asset objects reloaded= 0
========================================================================
Received Prepare
Begin MonoManager ReloadAssembly
Thread 0x171177000 may have been prematurely finalized
- Loaded All Assemblies, in  1.832 seconds
'Packages/com.unity.render-pipelines.high-definition/Editor/Wizard/HDWizard.UIElement.cs' contains partial class of Unity.Object, exactly 1 of the partial classes needs to be in a file with the same filename. This is to know the one that can be referenced from ie. GameObjects
'Packages/com.unity.render-pipelines.high-definition/Editor/Wizard/HDWizard.Configuration.cs' contains partial class of Unity.Object, exactly 1 of the partial classes needs to be in a file with the same filename. This is to know the one that can be referenced from ie. GameObjects
'Packages/com.unity.render-pipelines.high-definition/Editor/Wizard/HDWizard.Window.cs' contains partial class of Unity.Object, exactly 1 of the partial classes needs to be in a file with the same filename. This is to know the one that can be referenced from ie. GameObjects
Refreshing native plugins compatible for Editor in 7.07 ms, found 11 plugins.
Native extension for iOS target not found
Native extension for Android target not found
Native extension for OSXStandalone target not found
[Package Manager] Failed to launch server process. Reason: Unity was launched with the -noUpm command-line argument
[Package Manager] Unable to send message (not connected to server process).
[Package Manager] Cannot connect to Unity Package Manager local server
[MODES] ModeService[none].Initialize
[MODES] ModeService[none].LoadModes
Mono: successfully reloaded assembly
[Package Manager] Failed to launch server process. Reason: Unity was launched with the -noUpm command-line argument
[Package Manager] Unable to send message (not connected to server process).
[Package Manager] Cannot connect to Unity Package Manager local server
- Finished resetting the current domain, in  1.301 seconds
Domain Reload Profiling: 3140ms
	BeginReloadAssembly (700ms)
		ExecutionOrderSort (1ms)
		DisableScriptedObjects (30ms)
		BackupInstance (0ms)
		ReleaseScriptingObjects (1ms)
		CreateAndSetChildDomain (167ms)
	RebuildCommonClasses (29ms)
	RebuildNativeTypeToScriptingClass (11ms)
	initialDomainReloadingComplete (22ms)
	LoadAllAssembliesAndSetupDomain (1077ms)
		LoadAssemblies (1010ms)
		RebuildTransferFunctionScriptingTraits (0ms)
		AnalyzeDomain (369ms)
			TypeCache.Refresh (46ms)
				TypeCache.ScanAssembly (0ms)
			BuildScriptInfoCaches (295ms)
			ResolveRequiredComponents (13ms)
	FinalizeReload (1301ms)
		ReleaseScriptCaches (0ms)
		RebuildScriptCaches (0ms)
		SetupLoadedEditorAssemblies (1055ms)
			LogAssemblyErrors (0ms)
			InitializePlatformSupportModulesInManaged (55ms)
			SetLoadedEditorAssemblies (6ms)
			BeforeProcessingInitializeOnLoad (225ms)
			ProcessInitializeOnLoadAttributes (541ms)
			ProcessInitializeOnLoadMethodAttributes (226ms)
			AfterProcessingInitializeOnLoad (1ms)
			EditorAssembliesLoaded (1ms)
		ExecutionOrderSort2 (0ms)
		AwakeInstancesAfterBackupRestoration (12ms)
WARNING: Shader Unsupported: 'HDRP/TerrainLit' - All subshaders removed
WARNING: Shader Did you use #pragma only_renderers and omit this platform?
WARNING: Shader If subshaders removal was intentional, you may have forgotten turning Fallback off?
WARNING: Shader Unsupported: 'HDRP/TerrainLit' - All subshaders removed
WARNING: Shader Did you use #pragma only_renderers and omit this platform?
WARNING: Shader If subshaders removal was intentional, you may have forgotten turning Fallback off?
WARNING: Shader Unsupported: 'Universal Render Pipeline/VR/SpatialMapping/Wireframe' - All subshaders removed
WARNING: Shader Did you use #pragma only_renderers and omit this platform?
WARNING: Shader If subshaders removal was intentional, you may have forgotten turning Fallback off?
WARNING: Shader Unsupported: 'Universal Render Pipeline/VR/SpatialMapping/Wireframe' - All subshaders removed
WARNING: Shader Did you use #pragma only_renderers and omit this platform?
WARNING: Shader If subshaders removal was intentional, you may have forgotten turning Fallback off?
Refreshing native plugins compatible for Editor in 3.30 ms, found 11 plugins.
Preloading 1 native plugins for Editor in 0.32 ms.
Unloading 181 Unused Serialized files (Serialized files now loaded: 0)
Unloading 9126 unused Assets / (14.5 MB). Loaded Objects now: 9938.
Memory consumption went from 232.4 MB to 217.9 MB.
Total: 93.000334 ms (FindLiveObjects: 5.396333 ms CreateObjectMapping: 0.759292 ms MarkObjects: 33.248750 ms  DeleteObjects: 53.595333 ms)

Prepare: number of updated asset objects reloaded= 0
========================================================================
Received Import Request.
  Time since last request: 1765.126583 seconds.
  path: Assets/TerrainDemoScene_URP/Readme.asset
  artifactKey: Guid(83c2ed844a8c74b779a4c823d16594b1) Importer(815301076,1909f56bfc062723c751e8b465ee728b)
Start importing Assets/TerrainDemoScene_URP/Readme.asset using Guid(83c2ed844a8c74b779a4c823d16594b1) Importer(815301076,1909f56bfc062723c751e8b465ee728b) (PreviewImporter) -> (artifact id: '40a72033131dfff8f3abe27e9dfb72c0') in 0.72580925 seconds
Number of updated asset objects reloaded before import = 0Number of asset objects unloaded after import = 2

========================================================================
Received Import Request.
  Time since last request: 15.917042 seconds.
  path: Assets/TerrainDemoScene_URP/Terrain/Textures/Grass_A/Grass_A_Height.tif
  artifactKey: Guid(ead3bd7836962e743855a9128fa46c0b) Importer(815301076,1909f56bfc062723c751e8b465ee728b)
Start importing Assets/TerrainDemoScene_URP/Terrain/Textures/Grass_A/Grass_A_Height.tif using Guid(ead3bd7836962e743855a9128fa46c0b) Importer(815301076,1909f56bfc062723c751e8b465ee728b) (PreviewImporter) -> (artifact id: '34e152b83667555b32ae74f19b706b5d') in 0.523562291 seconds
Number of updated asset objects reloaded before import = 0Number of asset objects unloaded after import = 2

========================================================================
Received Import Request.
  Time since last request: 0.000157 seconds.
  path: Assets/TerrainDemoScene_URP/Terrain/Textures/Grass_A/Grass_A_MaskMap.tif
  artifactKey: Guid(87880352f37bcc74aa75c12321325d0c) Importer(815301076,1909f56bfc062723c751e8b465ee728b)
Start importing Assets/TerrainDemoScene_URP/Terrain/Textures/Grass_A/Grass_A_MaskMap.tif using Guid(87880352f37bcc74aa75c12321325d0c) Importer(815301076,1909f56bfc062723c751e8b465ee728b) (PreviewImporter) -> (artifact id: '067dfc53ce49e8d906b45e4acafa75c7') in 0.060921708 seconds
Number of updated asset objects reloaded before import = 0Number of asset objects unloaded after import = 2

========================================================================
Received Import Request.
  Time since last request: 38.432998 seconds.
  path: Assets/TerrainDemoScene_URP/Prefabs/Lighting/ValleyReflectionProbes.prefab
  artifactKey: Guid(3d2422e4019c11948b6cfd8a1fe9e232) Importer(2089858483,192608db42251d675da83286b1cce702)
Start importing Assets/TerrainDemoScene_URP/Prefabs/Lighting/ValleyReflectionProbes.prefab using Guid(3d2422e4019c11948b6cfd8a1fe9e232) Importer(2089858483,192608db42251d675da83286b1cce702) (ScriptedImporter) -> (artifact id: 'c285b4a907a17829dc1acc598c9ec142') in 1.017814041 seconds
Number of updated asset objects reloaded before import = 0Number of asset objects unloaded after import = 10

========================================================================
Received Import Request.
  Time since last request: 0.002757 seconds.
  path: Assets/TerrainDemoScene_URP/Prefabs/Details/Materials/Bush_Twig.asset
  artifactKey: Guid(8e65580a6b5070f499f845032764a4d3) Importer(2089858483,192608db42251d675da83286b1cce702)
Start importing Assets/TerrainDemoScene_URP/Prefabs/Details/Materials/Bush_Twig.asset using Guid(8e65580a6b5070f499f845032764a4d3) Importer(2089858483,192608db42251d675da83286b1cce702) (ScriptedImporter) -> (artifact id: '0e37f070f0e8d63f1670c994fe1b6e9f') in 0.203563833 seconds
Number of updated asset objects reloaded before import = 0Number of asset objects unloaded after import = 15

========================================================================
Received Import Request.
  Time since last request: 0.000313 seconds.
  path: Assets/TerrainDemoScene_URP/Prefabs/UI/Sprites/GradientFill_Sprite.tif
  artifactKey: Guid(7fe06966e665a4c0eaf55777cb9bedbf) Importer(2089858483,192608db42251d675da83286b1cce702)
Start importing Assets/TerrainDemoScene_URP/Prefabs/UI/Sprites/GradientFill_Sprite.tif using Guid(7fe06966e665a4c0eaf55777cb9bedbf) Importer(2089858483,192608db42251d675da83286b1cce702) (ScriptedImporter) -> (artifact id: '2863a6c70cdc32beeb2626275dbc8801') in 0.055210875 seconds
Number of updated asset objects reloaded before import = 0Number of asset objects unloaded after import = 1

========================================================================
Received Import Request.
  Time since last request: 0.000438 seconds.
  path: Assets/TerrainDemoScene_URP/TextMeshPro/Resources/Style Sheets/Default Style Sheet.asset
  artifactKey: Guid(f952c082cb03451daed3ee968ac6c63e) Importer(2089858483,192608db42251d675da83286b1cce702)
Start importing Assets/TerrainDemoScene_URP/TextMeshPro/Resources/Style Sheets/Default Style Sheet.asset using Guid(f952c082cb03451daed3ee968ac6c63e) Importer(2089858483,192608db42251d675da83286b1cce702) (ScriptedImporter) -> (artifact id: '088190028c4028924e6526991c566def') in 0.028583792 seconds
Number of updated asset objects reloaded before import = 0Number of asset objects unloaded after import = 1

========================================================================
Received Import Request.
  Time since last request: 0.000057 seconds.
  path: Assets/TerrainDemoScene_URP/TextMeshPro/Resources/Fonts & Materials/LiberationSans SDF - Fallback.asset
  artifactKey: Guid(2e498d1c8094910479dc3e1b768306a4) Importer(2089858483,192608db42251d675da83286b1cce702)
Start importing Assets/TerrainDemoScene_URP/TextMeshPro/Resources/Fonts & Materials/LiberationSans SDF - Fallback.asset using Guid(2e498d1c8094910479dc3e1b768306a4) Importer(2089858483,192608db42251d675da83286b1cce702) (ScriptedImporter) -> (artifact id: '63cfde3a956ccdd5bc856a8c1b6b3cc6') in 0.180592416 seconds
Number of updated asset objects reloaded before import = 0Number of asset objects unloaded after import = 6

========================================================================
Received Import Request.
  Time since last request: 0.000698 seconds.
  path: Assets/TerrainDemoScene_URP/Prefabs/Details/Textures/Shrub_Normal.tif
  artifactKey: Guid(5b6e769e83c9633408dab0ad517fc7bc) Importer(2089858483,192608db42251d675da83286b1cce702)
Start importing Assets/TerrainDemoScene_URP/Prefabs/Details/Textures/Shrub_Normal.tif using Guid(5b6e769e83c9633408dab0ad517fc7bc) Importer(2089858483,192608db42251d675da83286b1cce702) (ScriptedImporter) -> (artifact id: 'a15b4380d8b0e3b14a0042cac8f78b0a') in 0.036249583 seconds
Number of updated asset objects reloaded before import = 0Number of asset objects unloaded after import = 1

========================================================================
Received Import Request.
  Time since last request: 0.000077 seconds.
  path: Assets/TerrainDemoScene_URP/Prefabs/Rocks/Textures/Rock_06_Albedo.tif
  artifactKey: Guid(e34e6c4ca75fa5d4aa28c1b75f50c321) Importer(2089858483,192608db42251d675da83286b1cce702)
Start importing Assets/TerrainDemoScene_URP/Prefabs/Rocks/Textures/Rock_06_Albedo.tif using Guid(e34e6c4ca75fa5d4aa28c1b75f50c321) Importer(2089858483,192608db42251d675da83286b1cce702) (ScriptedImporter) -> (artifact id: 'cbb6e2228bba8d39eea322faf08a5620') in 0.01460525 seconds
Number of updated asset objects reloaded before import = 0Number of asset objects unloaded after import = 1

========================================================================
Received Import Request.
  Time since last request: 0.000099 seconds.
  path: Assets/TerrainDemoScene_URP/Prefabs/Rocks/Textures/Rock_C_MaskMap.tif
  artifactKey: Guid(138f3a0ce05a2a140a07d6bc6cd2239e) Importer(2089858483,192608db42251d675da83286b1cce702)
Start importing Assets/TerrainDemoScene_URP/Prefabs/Rocks/Textures/Rock_C_MaskMap.tif using Guid(138f3a0ce05a2a140a07d6bc6cd2239e) Importer(2089858483,192608db42251d675da83286b1cce702) (ScriptedImporter) -> (artifact id: 'bcf11674ad8e22ffa0cca63b32299b57') in 0.017714792 seconds
Number of updated asset objects reloaded before import = 0Number of asset objects unloaded after import = 1

========================================================================
Received Import Request.
  Time since last request: 0.011078 seconds.
  path: Assets/TerrainDemoScene_URP/Prefabs/Rocks/Textures/Stone_A/Stone_A_Normal.tif
  artifactKey: Guid(d3b8d9f1c38c73b4b98c8beb95d82862) Importer(2089858483,192608db42251d675da83286b1cce702)
Start importing Assets/TerrainDemoScene_URP/Prefabs/Rocks/Textures/Stone_A/Stone_A_Normal.tif using Guid(d3b8d9f1c38c73b4b98c8beb95d82862) Importer(2089858483,192608db42251d675da83286b1cce702) (ScriptedImporter) -> (artifact id: 'b6277b754242176270824281ea816529') in 0.077726417 seconds
Number of updated asset objects reloaded before import = 0Number of asset objects unloaded after import = 1

========================================================================
Received Import Request.
  Time since last request: 0.000049 seconds.
  path: Assets/TerrainDemoScene_URP/TextMeshPro/Fonts/InterBold.asset
  artifactKey: Guid(4652ec2f3a1009845ac180627188f64a) Importer(2089858483,192608db42251d675da83286b1cce702)
Start importing Assets/TerrainDemoScene_URP/TextMeshPro/Fonts/InterBold.asset using Guid(4652ec2f3a1009845ac180627188f64a) Importer(2089858483,192608db42251d675da83286b1cce702) (ScriptedImporter) -> (artifact id: 'a5624a6a24ad052632fce1f2eee89333') in 0.233793042 seconds
Number of updated asset objects reloaded before import = 0Number of asset objects unloaded after import = 5

========================================================================
Received Import Request.
  Time since last request: 0.000146 seconds.
  path: Assets/TerrainDemoScene_URP/Terrain/Textures/Black_Sand_A/Black_Sand_A_BaseColor.tif
  artifactKey: Guid(6aab93b9087589c4192d2624f87ae3a9) Importer(2089858483,192608db42251d675da83286b1cce702)
Start importing Assets/TerrainDemoScene_URP/Terrain/Textures/Black_Sand_A/Black_Sand_A_BaseColor.tif using Guid(6aab93b9087589c4192d2624f87ae3a9) Importer(2089858483,192608db42251d675da83286b1cce702) (ScriptedImporter) -> (artifact id: '3edb79d2b7f415afe90b69b0825c70a4') in 0.073849125 seconds
Number of updated asset objects reloaded before import = 0Number of asset objects unloaded after import = 1

========================================================================
Received Import Request.
  Time since last request: 0.000123 seconds.
  path: Assets/TerrainDemoScene_URP/TextMeshPro/Resources/TMP Settings.asset
  artifactKey: Guid(3f5b5dff67a942289a9defa416b206f3) Importer(2089858483,192608db42251d675da83286b1cce702)
Start importing Assets/TerrainDemoScene_URP/TextMeshPro/Resources/TMP Settings.asset using Guid(3f5b5dff67a942289a9defa416b206f3) Importer(2089858483,192608db42251d675da83286b1cce702) (ScriptedImporter) -> (artifact id: '3b56f278c801723b0bf45a5ffd20477a') in 0.079726375 seconds
Number of updated asset objects reloaded before import = 0Number of asset objects unloaded after import = 16

========================================================================
Received Import Request.
  Time since last request: 0.001750 seconds.
  path: Assets/TerrainDemoScene_URP/Terrain/Brushes/Heightmaps/_New
  artifactKey: Guid(170a7f219ecc2a04797cb53bffa0d572) Importer(2089858483,192608db42251d675da83286b1cce702)
Start importing Assets/TerrainDemoScene_URP/Terrain/Brushes/Heightmaps/_New using Guid(170a7f219ecc2a04797cb53bffa0d572) Importer(2089858483,192608db42251d675da83286b1cce702) (ScriptedImporter) -> (artifact id: 'a0a6e684fe251a5a82fcb64979d42d9f') in 0.032499791 seconds
Number of updated asset objects reloaded before import = 0Number of asset objects unloaded after import = 1

========================================================================
Received Import Request.
  Time since last request: 0.000186 seconds.
  path: Assets/TerrainDemoScene_URP/Prefabs/Skybox/Models/SkyboxHorizon.fbx
  artifactKey: Guid(7c5bf92a856be0442a2cc94ab6422628) Importer(2089858483,192608db42251d675da83286b1cce702)
Start importing Assets/TerrainDemoScene_URP/Prefabs/Skybox/Models/SkyboxHorizon.fbx using Guid(7c5bf92a856be0442a2cc94ab6422628) Importer(2089858483,192608db42251d675da83286b1cce702) (ScriptedImporter) -> (artifact id: '75f47f7ab49cfb52d08fe0eb9fbc1dee') in 0.2473355 seconds
Number of updated asset objects reloaded before import = 0Number of asset objects unloaded after import = 14

========================================================================
Received Import Request.
  Time since last request: 0.001116 seconds.
  path: Assets/TerrainDemoScene_URP/Terrain/DetailMaps/_Terrain_2_2_b6e03cf0-de91-4cae-b6af-0128d856ae43_6.asset
  artifactKey: Guid(076691fde42b428459b5a329062d947a) Importer(2089858483,192608db42251d675da83286b1cce702)
Start importing Assets/TerrainDemoScene_URP/Terrain/DetailMaps/_Terrain_2_2_b6e03cf0-de91-4cae-b6af-0128d856ae43_6.asset using Guid(076691fde42b428459b5a329062d947a) Importer(2089858483,192608db42251d675da83286b1cce702) (ScriptedImporter) -> (artifact id: '725e4b58c8756457651388f66fa42119') in 0.057322417 seconds
Number of updated asset objects reloaded before import = 0Number of asset objects unloaded after import = 1

========================================================================
Received Import Request.
  Time since last request: 0.000102 seconds.
  path: Assets/TerrainDemoScene_URP/Prefabs/Details/Textures/Shrub_Thickness.tif
  artifactKey: Guid(eeb147f9ea9e0d744837f4a4936890f1) Importer(2089858483,192608db42251d675da83286b1cce702)
Start importing Assets/TerrainDemoScene_URP/Prefabs/Details/Textures/Shrub_Thickness.tif using Guid(eeb147f9ea9e0d744837f4a4936890f1) Importer(2089858483,192608db42251d675da83286b1cce702) (ScriptedImporter) -> (artifact id: 'a70dab0e3922fa09c08df12cc98cf73b') in 0.020821292 seconds
Number of updated asset objects reloaded before import = 0Number of asset objects unloaded after import = 1

========================================================================
Received Import Request.
  Time since last request: 0.000100 seconds.
  path: Assets/TerrainDemoScene_URP/Prefabs/Rocks/Textures/Stone_A
  artifactKey: Guid(e704678e1bd774c4e85c098359a95e3a) Importer(2089858483,192608db42251d675da83286b1cce702)
Start importing Assets/TerrainDemoScene_URP/Prefabs/Rocks/Textures/Stone_A using Guid(e704678e1bd774c4e85c098359a95e3a) Importer(2089858483,192608db42251d675da83286b1cce702) (ScriptedImporter) -> (artifact id: '884c6fdf83d3c349fb6a2f5dc8167dd6') in 0.01416075 seconds
Number of updated asset objects reloaded before import = 0Number of asset objects unloaded after import = 1

========================================================================
Received Import Request.
  Time since last request: 0.000111 seconds.
  path: Assets/TerrainDemoScene_URP/ShaderGraphs/SmallCliff.shadergraph
  artifactKey: Guid(799365584fee0314a981000813308e49) Importer(2089858483,192608db42251d675da83286b1cce702)
Start importing Assets/TerrainDemoScene_URP/ShaderGraphs/SmallCliff.shadergraph using Guid(799365584fee0314a981000813308e49) Importer(2089858483,192608db42251d675da83286b1cce702) (ScriptedImporter) -> (artifact id: 'bd2b24b9f5555cf0ef531f258ee28c64') in 2.766052625 seconds
Number of updated asset objects reloaded before import = 0Number of asset objects unloaded after import = 5

========================================================================
Received Import Request.
  Time since last request: 0.000222 seconds.
  path: Assets/TerrainDemoScene_URP/Prefabs/Skybox/Materials/SkyboxHorizon_Mat.mat
  artifactKey: Guid(1a2b9cdb7c003454785f9381181bce36) Importer(2089858483,192608db42251d675da83286b1cce702)
Start importing Assets/TerrainDemoScene_URP/Prefabs/Skybox/Materials/SkyboxHorizon_Mat.mat using Guid(1a2b9cdb7c003454785f9381181bce36) Importer(2089858483,192608db42251d675da83286b1cce702) (ScriptedImporter) -> (artifact id: 'f1d59ccff65695124f80682e50945f90') in 0.0929525 seconds
Number of updated asset objects reloaded before import = 0Number of asset objects unloaded after import = 3

========================================================================
Received Import Request.
  Time since last request: 0.006166 seconds.
  path: Assets/TerrainDemoScene_URP/Prefabs/Rocks/Textures/Cliff_Mossy_A/Cliff_Mossy_A_Height.tif
  artifactKey: Guid(3126deba499644e42aa8cfc8c52f9c86) Importer(2089858483,192608db42251d675da83286b1cce702)
Start importing Assets/TerrainDemoScene_URP/Prefabs/Rocks/Textures/Cliff_Mossy_A/Cliff_Mossy_A_Height.tif using Guid(3126deba499644e42aa8cfc8c52f9c86) Importer(2089858483,192608db42251d675da83286b1cce702) (ScriptedImporter) -> (artifact id: '6ff40863295b44f83f17ad78eb84edfc') in 0.049429 seconds
Number of updated asset objects reloaded before import = 0Number of asset objects unloaded after import = 1

========================================================================
Received Import Request.
  Time since last request: 0.000069 seconds.
  path: Assets/TerrainDemoScene_URP/Prefabs/Trees/Pines/Pine_A/Materials/Pine_A_Billboard.mat
  artifactKey: Guid(5c9d6db59c6243449afb71e43b047bc4) Importer(2089858483,192608db42251d675da83286b1cce702)
Start importing Assets/TerrainDemoScene_URP/Prefabs/Trees/Pines/Pine_A/Materials/Pine_A_Billboard.mat using Guid(5c9d6db59c6243449afb71e43b047bc4) Importer(2089858483,192608db42251d675da83286b1cce702) (ScriptedImporter) -> (artifact id: 'defb8e32ce500e8f8dd83ec38b11894b') in 0.399356 seconds
Number of updated asset objects reloaded before import = 0Number of asset objects unloaded after import = 10

========================================================================
Received Import Request.
  Time since last request: 0.000643 seconds.
  path: Assets/TerrainDemoScene_URP/Terrain/Textures/Cliff_Mossy_E/Cliff_Mossy_E_BaseColor.tif
  artifactKey: Guid(13ec2ae26109ecb4f91cd9bec9ffa408) Importer(2089858483,192608db42251d675da83286b1cce702)
Start importing Assets/TerrainDemoScene_URP/Terrain/Textures/Cliff_Mossy_E/Cliff_Mossy_E_BaseColor.tif using Guid(13ec2ae26109ecb4f91cd9bec9ffa408) Importer(2089858483,192608db42251d675da83286b1cce702) (ScriptedImporter) -> (artifact id: '316e709576a85c16da51e93ee55ebb47') in 0.078300833 seconds
Number of updated asset objects reloaded before import = 0Number of asset objects unloaded after import = 1

========================================================================
Received Import Request.
  Time since last request: 0.000095 seconds.
  path: Assets/TerrainDemoScene_URP/Prefabs/Rocks/Textures/Rock_B_MaskMap.tif
  artifactKey: Guid(6b23abd70a49d5c4cbc7c83044c1d3bd) Importer(2089858483,192608db42251d675da83286b1cce702)
Start importing Assets/TerrainDemoScene_URP/Prefabs/Rocks/Textures/Rock_B_MaskMap.tif using Guid(6b23abd70a49d5c4cbc7c83044c1d3bd) Importer(2089858483,192608db42251d675da83286b1cce702) (ScriptedImporter) -> (artifact id: '2e15b6a784e6d92b4be23d317479db19') in 0.027363333 seconds
Number of updated asset objects reloaded before import = 0Number of asset objects unloaded after import = 1

========================================================================
Received Import Request.
  Time since last request: 0.000228 seconds.
  path: Assets/TerrainDemoScene_URP/Prefabs/Trees/Conifer/Textures/Confier_Bark_Color.png
  artifactKey: Guid(1a963b442f079054d97b6543dd119481) Importer(2089858483,192608db42251d675da83286b1cce702)
Start importing Assets/TerrainDemoScene_URP/Prefabs/Trees/Conifer/Textures/Confier_Bark_Color.png using Guid(1a963b442f079054d97b6543dd119481) Importer(2089858483,192608db42251d675da83286b1cce702) (ScriptedImporter) -> (artifact id: '30df4423ff2c5d2c225fdf030b9b7ed2') in 0.032510625 seconds
Number of updated asset objects reloaded before import = 0Number of asset objects unloaded after import = 1

========================================================================
Received Import Request.
  Time since last request: 0.000222 seconds.
  path: Assets/TerrainDemoScene_URP/Prefabs/Trees/Conifer/Textures/Conifer_Billboard_Subsurface.png
  artifactKey: Guid(69b720bc483f66243adc0e2c777cb7aa) Importer(2089858483,192608db42251d675da83286b1cce702)
Start importing Assets/TerrainDemoScene_URP/Prefabs/Trees/Conifer/Textures/Conifer_Billboard_Subsurface.png using Guid(69b720bc483f66243adc0e2c777cb7aa) Importer(2089858483,192608db42251d675da83286b1cce702) (ScriptedImporter) -> (artifact id: '4bf9a3026dfb5837a7c4d32dbbc8ad5f') in 0.03132075 seconds
Number of updated asset objects reloaded before import = 0Number of asset objects unloaded after import = 1

========================================================================
Received Import Request.
  Time since last request: 0.000082 seconds.
  path: Assets/TerrainDemoScene_URP/ShaderGraphs/SubGraphs/Wind.shadersubgraph
  artifactKey: Guid(1dd746ccdf474aa419f7cfab01d0d20e) Importer(2089858483,192608db42251d675da83286b1cce702)
Start importing Assets/TerrainDemoScene_URP/ShaderGraphs/SubGraphs/Wind.shadersubgraph using Guid(1dd746ccdf474aa419f7cfab01d0d20e) Importer(2089858483,192608db42251d675da83286b1cce702) (ScriptedImporter) -> (artifact id: 'c98bbbcfdf7a46cc4e5ce345ac91835d') in 0.09512875 seconds
Number of updated asset objects reloaded before import = 0Number of asset objects unloaded after import = 1

========================================================================
Received Import Request.
  Time since last request: 0.000558 seconds.
  path: Assets/TerrainDemoScene_URP/Prefabs/Trees/Conifer/Textures
  artifactKey: Guid(551d121f51de14a4e928e185c2af406e) Importer(2089858483,192608db42251d675da83286b1cce702)
Start importing Assets/TerrainDemoScene_URP/Prefabs/Trees/Conifer/Textures using Guid(551d121f51de14a4e928e185c2af406e) Importer(2089858483,192608db42251d675da83286b1cce702) (ScriptedImporter) -> (artifact id: '8746f89e7da5248327c8b3c5da1f28f8') in 0.01917875 seconds
Number of updated asset objects reloaded before import = 0Number of asset objects unloaded after import = 1

========================================================================
Received Import Request.
  Time since last request: 0.000463 seconds.
  path: Assets/TerrainDemoScene_URP/Terrain/Data/Terrain_0_2_5f735b10-59bc-418b-b24d-4385eb3a186d.asset
  artifactKey: Guid(a90bc55e66c2b0445beb585de04cf121) Importer(2089858483,192608db42251d675da83286b1cce702)
Start importing Assets/TerrainDemoScene_URP/Terrain/Data/Terrain_0_2_5f735b10-59bc-418b-b24d-4385eb3a186d.asset using Guid(a90bc55e66c2b0445beb585de04cf121) Importer(2089858483,192608db42251d675da83286b1cce702) (ScriptedImporter) -> (artifact id: '643267d3847a778041d6e243c5ef4249') in 1.177856792 seconds
Number of updated asset objects reloaded before import = 0Number of asset objects unloaded after import = 471

========================================================================
Received Import Request.
  Time since last request: 0.000184 seconds.
  path: Assets/TerrainDemoScene_URP/Prefabs/Rocks/Textures/Rock_Overgrown_I/Rock_Overgrown_I_MaskMap.tif
  artifactKey: Guid(1a82d66e93bb87c4e9b651999e4266f6) Importer(2089858483,192608db42251d675da83286b1cce702)
Start importing Assets/TerrainDemoScene_URP/Prefabs/Rocks/Textures/Rock_Overgrown_I/Rock_Overgrown_I_MaskMap.tif using Guid(1a82d66e93bb87c4e9b651999e4266f6) Importer(2089858483,192608db42251d675da83286b1cce702) (ScriptedImporter) -> (artifact id: '233af6d9a89e6ca1b4d30c6bee893e5a') in 0.043475167 seconds
Number of updated asset objects reloaded before import = 0Number of asset objects unloaded after import = 1

========================================================================
Received Import Request.
  Time since last request: 0.009562 seconds.
  path: Assets/TerrainDemoScene_URP/Terrain/DetailMaps
  artifactKey: Guid(987f7ad1e885c1a4bb7a1a07290d6426) Importer(2089858483,192608db42251d675da83286b1cce702)
Start importing Assets/TerrainDemoScene_URP/Terrain/DetailMaps using Guid(987f7ad1e885c1a4bb7a1a07290d6426) Importer(2089858483,192608db42251d675da83286b1cce702) (ScriptedImporter) -> (artifact id: 'f241368c51c77678502f68a00994c210') in 0.018585 seconds
Number of updated asset objects reloaded before import = 0Number of asset objects unloaded after import = 1

========================================================================
Received Import Request.
  Time since last request: 0.000536 seconds.
  path: Assets/TerrainDemoScene_URP/Terrain/DetailMaps/_Terrain_2_2_b6e03cf0-de91-4cae-b6af-0128d856ae43_4.asset
  artifactKey: Guid(50b8a9a00a733884283a33d8fadcdf1c) Importer(2089858483,192608db42251d675da83286b1cce702)
Start importing Assets/TerrainDemoScene_URP/Terrain/DetailMaps/_Terrain_2_2_b6e03cf0-de91-4cae-b6af-0128d856ae43_4.asset using Guid(50b8a9a00a733884283a33d8fadcdf1c) Importer(2089858483,192608db42251d675da83286b1cce702) (ScriptedImporter) -> (artifact id: '97aefcf47430b42298921299cb952a08') in 0.082061042 seconds
Number of updated asset objects reloaded before import = 0Number of asset objects unloaded after import = 1

========================================================================
Received Import Request.
  Time since last request: 0.000535 seconds.
  path: Assets/TerrainDemoScene_URP/Prefabs/Details/Textures/Bush_Twig_MaskMap.tif
  artifactKey: Guid(99c8d7f7d5b72054688fa02133cee2db) Importer(2089858483,192608db42251d675da83286b1cce702)
Start importing Assets/TerrainDemoScene_URP/Prefabs/Details/Textures/Bush_Twig_MaskMap.tif using Guid(99c8d7f7d5b72054688fa02133cee2db) Importer(2089858483,192608db42251d675da83286b1cce702) (ScriptedImporter) -> (artifact id: 'c9b90200df2e7ae4f34a44391adf7dfb') in 0.044298292 seconds
Number of updated asset objects reloaded before import = 0Number of asset objects unloaded after import = 1

========================================================================
Received Import Request.
  Time since last request: 0.000200 seconds.
  path: Assets/TerrainDemoScene_URP/Prefabs/Shots
  artifactKey: Guid(f7f75a7f686b54445a73da43ab57d727) Importer(2089858483,192608db42251d675da83286b1cce702)
Start importing Assets/TerrainDemoScene_URP/Prefabs/Shots using Guid(f7f75a7f686b54445a73da43ab57d727) Importer(2089858483,192608db42251d675da83286b1cce702) (ScriptedImporter) -> (artifact id: '55942f37408911d5ec42106c6fdc7e34') in 0.019533792 seconds
Number of updated asset objects reloaded before import = 0Number of asset objects unloaded after import = 1

========================================================================
Received Import Request.
  Time since last request: 0.002736 seconds.
  path: Assets/TerrainDemoScene_URP/Prefabs/Foliage/Red_Bush
  artifactKey: Guid(421a4f4939ff0fe40a693834da1f08dd) Importer(2089858483,192608db42251d675da83286b1cce702)
Start importing Assets/TerrainDemoScene_URP/Prefabs/Foliage/Red_Bush using Guid(421a4f4939ff0fe40a693834da1f08dd) Importer(2089858483,192608db42251d675da83286b1cce702) (ScriptedImporter) -> (artifact id: '6d3f7ebdced1aac150a043f0dab8b2f6') in 0.007775209 seconds
Number of updated asset objects reloaded before import = 0Number of asset objects unloaded after import = 1

========================================================================
Received Import Request.
  Time since last request: 0.000173 seconds.
  path: Assets/TerrainDemoScene_URP/Prefabs/Trees/Pines/Pine_C/Textures/Pine_C_Billboard_Extra.png
  artifactKey: Guid(ae83a700454dbcb40989d58ab622554e) Importer(2089858483,192608db42251d675da83286b1cce702)
Start importing Assets/TerrainDemoScene_URP/Prefabs/Trees/Pines/Pine_C/Textures/Pine_C_Billboard_Extra.png using Guid(ae83a700454dbcb40989d58ab622554e) Importer(2089858483,192608db42251d675da83286b1cce702) (ScriptedImporter) -> (artifact id: 'dbcd114c0f0c97f47a0844eb8c526cf6') in 0.051991167 seconds
Number of updated asset objects reloaded before import = 0Number of asset objects unloaded after import = 1

========================================================================
Received Import Request.
  Time since last request: 0.000076 seconds.
  path: Assets/TerrainDemoScene_URP/Prefabs/Trees/Cypress/Textures/Cypress_Forest_Desktop_Subsurface.tif
  artifactKey: Guid(9129b4cd529fd7b45832fb67467c70ae) Importer(2089858483,192608db42251d675da83286b1cce702)
Start importing Assets/TerrainDemoScene_URP/Prefabs/Trees/Cypress/Textures/Cypress_Forest_Desktop_Subsurface.tif using Guid(9129b4cd529fd7b45832fb67467c70ae) Importer(2089858483,192608db42251d675da83286b1cce702) (ScriptedImporter) -> (artifact id: '0ddcfffe11658467e9390a0a69a76427') in 0.020770916 seconds
Number of updated asset objects reloaded before import = 0Number of asset objects unloaded after import = 1

========================================================================
Received Import Request.
  Time since last request: 0.007484 seconds.
  path: Assets/TerrainDemoScene_URP/TextMeshPro/Shaders/TextMeshPro/TMP_SDF-Mobile.shader
  artifactKey: Guid(fe393ace9b354375a9cb14cdbbc28be4) Importer(2089858483,192608db42251d675da83286b1cce702)
Start importing Assets/TerrainDemoScene_URP/TextMeshPro/Shaders/TextMeshPro/TMP_SDF-Mobile.shader using Guid(fe393ace9b354375a9cb14cdbbc28be4) Importer(2089858483,192608db42251d675da83286b1cce702) (ScriptedImporter) -> (artifact id: '0da6867ad0758dea6660f419730d7388') in 0.028351917 seconds
Number of updated asset objects reloaded before import = 0Number of asset objects unloaded after import = 1

========================================================================
Received Import Request.
  Time since last request: 0.000853 seconds.
  path: Assets/TerrainDemoScene_URP/ShaderGraphs/CustomFunctions/PseudoSubsurface.hlsl
  artifactKey: Guid(42c69bce689ca1845a44cd416f3614ef) Importer(2089858483,192608db42251d675da83286b1cce702)
Start importing Assets/TerrainDemoScene_URP/ShaderGraphs/CustomFunctions/PseudoSubsurface.hlsl using Guid(42c69bce689ca1845a44cd416f3614ef) Importer(2089858483,192608db42251d675da83286b1cce702) (ScriptedImporter) -> (artifact id: '946311564a73fde7842d5285f5f9a7fe') in 0.007538333 seconds
Number of updated asset objects reloaded before import = 0Number of asset objects unloaded after import = 1

========================================================================
Received Import Request.
  Time since last request: 0.000687 seconds.
  path: Assets/TerrainDemoScene_URP/TextMeshPro/Shaders/TextMeshPro/TMP_Bitmap-Mobile.shader
  artifactKey: Guid(1e3b057af24249748ff873be7fafee47) Importer(2089858483,192608db42251d675da83286b1cce702)
Start importing Assets/TerrainDemoScene_URP/TextMeshPro/Shaders/TextMeshPro/TMP_Bitmap-Mobile.shader using Guid(1e3b057af24249748ff873be7fafee47) Importer(2089858483,192608db42251d675da83286b1cce702) (ScriptedImporter) -> (artifact id: 'e6bf79d6c0462eb053de47995d789721') in 0.018917125 seconds
Number of updated asset objects reloaded before import = 0Number of asset objects unloaded after import = 1

========================================================================
Received Import Request.
  Time since last request: 0.017426 seconds.
  path: Assets/TerrainDemoScene_URP/Terrain/Textures/Pebbles_B
  artifactKey: Guid(4ef3972ec843ae24585e256710cc8c61) Importer(2089858483,192608db42251d675da83286b1cce702)
Start importing Assets/TerrainDemoScene_URP/Terrain/Textures/Pebbles_B using Guid(4ef3972ec843ae24585e256710cc8c61) Importer(2089858483,192608db42251d675da83286b1cce702) (ScriptedImporter) -> (artifact id: 'bdb151ba99c1c545760e55ba07d64033') in 0.015367334 seconds
Number of updated asset objects reloaded before import = 0Number of asset objects unloaded after import = 1

========================================================================
Received Import Request.
  Time since last request: 0.000297 seconds.
  path: Assets/TerrainDemoScene_URP/Prefabs/Details/Textures/Bush_Twig_BaseColor.tif
  artifactKey: Guid(e46379dffbb1ffd4db4312b654ed68b8) Importer(2089858483,192608db42251d675da83286b1cce702)
Start importing Assets/TerrainDemoScene_URP/Prefabs/Details/Textures/Bush_Twig_BaseColor.tif using Guid(e46379dffbb1ffd4db4312b654ed68b8) Importer(2089858483,192608db42251d675da83286b1cce702) (ScriptedImporter) -> (artifact id: 'fe725c30562b135a6583821e866c0c0a') in 0.073415209 seconds
Number of updated asset objects reloaded before import = 0Number of asset objects unloaded after import = 1

========================================================================
Received Import Request.
  Time since last request: 0.026944 seconds.
  path: Assets/TerrainDemoScene_URP/TextMeshPro/Shaders/TextMeshPro/TMP_Bitmap.shader
  artifactKey: Guid(128e987d567d4e2c824d754223b3f3b0) Importer(2089858483,192608db42251d675da83286b1cce702)
Start importing Assets/TerrainDemoScene_URP/TextMeshPro/Shaders/TextMeshPro/TMP_Bitmap.shader using Guid(128e987d567d4e2c824d754223b3f3b0) Importer(2089858483,192608db42251d675da83286b1cce702) (ScriptedImporter) -> (artifact id: '37f1d114cd8d8c29f8b46eacf22428aa') in 0.024691667 seconds
Number of updated asset objects reloaded before import = 0Number of asset objects unloaded after import = 1

========================================================================
Received Import Request.
  Time since last request: 0.000624 seconds.
  path: Assets/TerrainDemoScene_URP/Prefabs/Details/Bush_Twig.prefab
  artifactKey: Guid(0d2d600394cae8e4f908c5bdd1154222) Importer(2089858483,192608db42251d675da83286b1cce702)
Start importing Assets/TerrainDemoScene_URP/Prefabs/Details/Bush_Twig.prefab using Guid(0d2d600394cae8e4f908c5bdd1154222) Importer(2089858483,192608db42251d675da83286b1cce702) (ScriptedImporter) -> (artifact id: '22d4de9f85841d1cc4a01470e5738203') in 0.107844333 seconds
Number of updated asset objects reloaded before import = 0Number of asset objects unloaded after import = 10

========================================================================
Received Import Request.
  Time since last request: 0.002093 seconds.
  path: Assets/TerrainDemoScene_URP/Prefabs/Trees/Cypress/Textures/Cypress_Forest_Desktop_Extra.tif
  artifactKey: Guid(aebf54decced33f468f69953ea94e151) Importer(2089858483,192608db42251d675da83286b1cce702)
Start importing Assets/TerrainDemoScene_URP/Prefabs/Trees/Cypress/Textures/Cypress_Forest_Desktop_Extra.tif using Guid(aebf54decced33f468f69953ea94e151) Importer(2089858483,192608db42251d675da83286b1cce702) (ScriptedImporter) -> (artifact id: '7e8ca467ecaecddefd18e5af0c63d866') in 0.101991459 seconds
Number of updated asset objects reloaded before import = 0Number of asset objects unloaded after import = 1

========================================================================
Received Import Request.
  Time since last request: 0.007514 seconds.
  path: Assets/TerrainDemoScene_URP/Prefabs/Details/Textures/Bush_Twig_Normal.tif
  artifactKey: Guid(bb37b3ee0574d9f41b6660d3a38b0cf1) Importer(2089858483,192608db42251d675da83286b1cce702)
Start importing Assets/TerrainDemoScene_URP/Prefabs/Details/Textures/Bush_Twig_Normal.tif using Guid(bb37b3ee0574d9f41b6660d3a38b0cf1) Importer(2089858483,192608db42251d675da83286b1cce702) (ScriptedImporter) -> (artifact id: '86ce11c899859cd9ea33ec4daa5f4018') in 0.040571375 seconds
Number of updated asset objects reloaded before import = 0Number of asset objects unloaded after import = 1

========================================================================
Received Import Request.
  Time since last request: 0.000370 seconds.
  path: Assets/TerrainDemoScene_URP/Scenes/TerrainDemoScene/LightingData.asset
  artifactKey: Guid(b5aae4c45eef46440ae2300e2ca129b9) Importer(2089858483,192608db42251d675da83286b1cce702)
Start importing Assets/TerrainDemoScene_URP/Scenes/TerrainDemoScene/LightingData.asset using Guid(b5aae4c45eef46440ae2300e2ca129b9) Importer(2089858483,192608db42251d675da83286b1cce702) (ScriptedImporter) -> (artifact id: '3441b3f3ee895cf1e26ca5a5a608ac91') in 0.028275917 seconds
Number of updated asset objects reloaded before import = 0Number of asset objects unloaded after import = 2

========================================================================
Received Import Request.
  Time since last request: 0.000093 seconds.
  path: Assets/TerrainDemoScene_URP/Prefabs/Trees/Pines/Pine_B
  artifactKey: Guid(e03255e153ff91c49b6b2dfbf6bb6df4) Importer(2089858483,192608db42251d675da83286b1cce702)
Start importing Assets/TerrainDemoScene_URP/Prefabs/Trees/Pines/Pine_B using Guid(e03255e153ff91c49b6b2dfbf6bb6df4) Importer(2089858483,192608db42251d675da83286b1cce702) (ScriptedImporter) -> (artifact id: 'f05d32fd5bd24a1f9b147ce853c17140') in 0.008103583 seconds
Number of updated asset objects reloaded before import = 0Number of asset objects unloaded after import = 1

========================================================================
Received Import Request.
  Time since last request: 0.001410 seconds.
  path: Assets/TerrainDemoScene_URP/Prefabs/Trees/Pines/Pine_B/Materials/Pine_B.mat
  artifactKey: Guid(1323bd2ef1050e740801e50c8ee66583) Importer(2089858483,192608db42251d675da83286b1cce702)
Start importing Assets/TerrainDemoScene_URP/Prefabs/Trees/Pines/Pine_B/Materials/Pine_B.mat using Guid(1323bd2ef1050e740801e50c8ee66583) Importer(2089858483,192608db42251d675da83286b1cce702) (ScriptedImporter) -> (artifact id: '5d1adf287e0a858af48ae374e127c023') in 0.132025375 seconds
Number of updated asset objects reloaded before import = 0Number of asset objects unloaded after import = 12

========================================================================
Received Import Request.
  Time since last request: 0.000425 seconds.
  path: Assets/TerrainDemoScene_URP/Prefabs/Rocks/Models/Rock_B_02.fbx
  artifactKey: Guid(d08e58249c8b5444cb22e208478dc55f) Importer(2089858483,192608db42251d675da83286b1cce702)
Start importing Assets/TerrainDemoScene_URP/Prefabs/Rocks/Models/Rock_B_02.fbx using Guid(d08e58249c8b5444cb22e208478dc55f) Importer(2089858483,192608db42251d675da83286b1cce702) (ScriptedImporter) -> (artifact id: '5b596e829a5d81691e4f76d20b56c097') in 0.116104375 seconds
Number of updated asset objects reloaded before import = 0Number of asset objects unloaded after import = 30

========================================================================
Received Import Request.
  Time since last request: 0.000287 seconds.
  path: Assets/TerrainDemoScene_URP/Prefabs/Rocks/Textures/Cliff_Mossy_A/Cliff_Mossy_A_BaseColor.tif
  artifactKey: Guid(bdee92c9513af5544943c766cbe273eb) Importer(2089858483,192608db42251d675da83286b1cce702)
Start importing Assets/TerrainDemoScene_URP/Prefabs/Rocks/Textures/Cliff_Mossy_A/Cliff_Mossy_A_BaseColor.tif using Guid(bdee92c9513af5544943c766cbe273eb) Importer(2089858483,192608db42251d675da83286b1cce702) (ScriptedImporter) -> (artifact id: 'ea393b402eca6d7163ddadd9adcd00be') in 0.0301065 seconds
Number of updated asset objects reloaded before import = 0Number of asset objects unloaded after import = 1

========================================================================
Received Import Request.
  Time since last request: 0.000356 seconds.
  path: Assets/TerrainDemoScene_URP/Terrain/Textures/TerrainColorBlend.psd
  artifactKey: Guid(02fd33ef9ed967d4aa71fb7beaf2e4df) Importer(2089858483,192608db42251d675da83286b1cce702)
Start importing Assets/TerrainDemoScene_URP/Terrain/Textures/TerrainColorBlend.psd using Guid(02fd33ef9ed967d4aa71fb7beaf2e4df) Importer(2089858483,192608db42251d675da83286b1cce702) (ScriptedImporter) -> (artifact id: '30845e2ffb2735c7981927f87637b75f') in 0.029855084 seconds
Number of updated asset objects reloaded before import = 0Number of asset objects unloaded after import = 1

========================================================================
Received Import Request.
  Time since last request: 0.003306 seconds.
  path: Assets/TerrainDemoScene_URP/Prefabs/Foliage/Red_Bush/Textures/Red_Bush_Thickness.tif
  artifactKey: Guid(d2418be9721fd3e40b01f6a5f3c43325) Importer(2089858483,192608db42251d675da83286b1cce702)
Start importing Assets/TerrainDemoScene_URP/Prefabs/Foliage/Red_Bush/Textures/Red_Bush_Thickness.tif using Guid(d2418be9721fd3e40b01f6a5f3c43325) Importer(2089858483,192608db42251d675da83286b1cce702) (ScriptedImporter) -> (artifact id: '1bc8dbd71739b81925b11397beccbac0') in 0.023677792 seconds
Number of updated asset objects reloaded before import = 0Number of asset objects unloaded after import = 1

========================================================================
Received Import Request.
  Time since last request: 0.000610 seconds.
  path: Assets/TerrainDemoScene_URP/Prefabs/Rocks/Textures/Rock_Overgrown_A/Rock_Overgrown_A_BaseColor.tif
  artifactKey: Guid(ee3f3d98d38dba243a6d4938f2edc4a1) Importer(2089858483,192608db42251d675da83286b1cce702)
Start importing Assets/TerrainDemoScene_URP/Prefabs/Rocks/Textures/Rock_Overgrown_A/Rock_Overgrown_A_BaseColor.tif using Guid(ee3f3d98d38dba243a6d4938f2edc4a1) Importer(2089858483,192608db42251d675da83286b1cce702) (ScriptedImporter) -> (artifact id: '175077b81809c1634ec3386b31d0adf5') in 0.035344708 seconds
Number of updated asset objects reloaded before import = 0Number of asset objects unloaded after import = 1

========================================================================
Received Import Request.
  Time since last request: 0.000095 seconds.
  path: Assets/TerrainDemoScene_URP/Prefabs/Rocks/Textures/Cliff_Mossy_A/Cliff_Mossy_A_MaskMap.tif
  artifactKey: Guid(722382cc28601344ca7b7946f7a272df) Importer(2089858483,192608db42251d675da83286b1cce702)
Start importing Assets/TerrainDemoScene_URP/Prefabs/Rocks/Textures/Cliff_Mossy_A/Cliff_Mossy_A_MaskMap.tif using Guid(722382cc28601344ca7b7946f7a272df) Importer(2089858483,192608db42251d675da83286b1cce702) (ScriptedImporter) -> (artifact id: '158920c47a73116c1a731dfa3e119835') in 0.026647583 seconds
Number of updated asset objects reloaded before import = 0Number of asset objects unloaded after import = 1

========================================================================
Received Import Request.
  Time since last request: 0.012325 seconds.
  path: Assets/TerrainDemoScene_URP/Prefabs/Rocks/Textures/Cliff_Mossy_A
  artifactKey: Guid(9464a60b6e4686243850a02ed76dee26) Importer(2089858483,192608db42251d675da83286b1cce702)
Start importing Assets/TerrainDemoScene_URP/Prefabs/Rocks/Textures/Cliff_Mossy_A using Guid(9464a60b6e4686243850a02ed76dee26) Importer(2089858483,192608db42251d675da83286b1cce702) (ScriptedImporter) -> (artifact id: '1f626d518705ac769ee8fa6cc47cbce9') in 0.010749417 seconds
Number of updated asset objects reloaded before import = 0Number of asset objects unloaded after import = 1

========================================================================
Received Import Request.
  Time since last request: 0.000127 seconds.
  path: Assets/TerrainDemoScene_URP/Prefabs/Trees/Pines/Pine_A/Textures/Bark_Color.png
  artifactKey: Guid(54827a4093b33244b8b84abd25248c87) Importer(2089858483,192608db42251d675da83286b1cce702)
Start importing Assets/TerrainDemoScene_URP/Prefabs/Trees/Pines/Pine_A/Textures/Bark_Color.png using Guid(54827a4093b33244b8b84abd25248c87) Importer(2089858483,192608db42251d675da83286b1cce702) (ScriptedImporter) -> (artifact id: '7764b52c6679c7fc8b3a51ed654efb27') in 0.019929583 seconds
Number of updated asset objects reloaded before import = 0Number of asset objects unloaded after import = 1

========================================================================
Received Import Request.
  Time since last request: 0.000243 seconds.
  path: Assets/TerrainDemoScene_URP/Terrain/DetailMaps/_Terrain_2_2_b6e03cf0-de91-4cae-b6af-0128d856ae43_15.asset
  artifactKey: Guid(3159f21e7c8f3cd41a122ff0bf345c25) Importer(2089858483,192608db42251d675da83286b1cce702)
Start importing Assets/TerrainDemoScene_URP/Terrain/DetailMaps/_Terrain_2_2_b6e03cf0-de91-4cae-b6af-0128d856ae43_15.asset using Guid(3159f21e7c8f3cd41a122ff0bf345c25) Importer(2089858483,192608db42251d675da83286b1cce702) (ScriptedImporter) -> (artifact id: '9df1547bee120cadd1a15a8b51cf3b14') in 0.05459175 seconds
Number of updated asset objects reloaded before import = 0Number of asset objects unloaded after import = 1

========================================================================
Received Import Request.
  Time since last request: 0.012331 seconds.
  path: Assets/TerrainDemoScene_URP/Prefabs/Trees/Pines/Pine_A/Textures/Pine_A_Billboard_Color.png
  artifactKey: Guid(e798aa8072a5dfa4ca51b911a41b6e0e) Importer(2089858483,192608db42251d675da83286b1cce702)
Start importing Assets/TerrainDemoScene_URP/Prefabs/Trees/Pines/Pine_A/Textures/Pine_A_Billboard_Color.png using Guid(e798aa8072a5dfa4ca51b911a41b6e0e) Importer(2089858483,192608db42251d675da83286b1cce702) (ScriptedImporter) -> (artifact id: 'd6c1db040fe821583e23ce8c11c69e22') in 0.043517833 seconds
Number of updated asset objects reloaded before import = 0Number of asset objects unloaded after import = 1

========================================================================
Received Import Request.
  Time since last request: 0.000441 seconds.
  path: Assets/TerrainDemoScene_URP/Prefabs/Details/Materials
  artifactKey: Guid(0f472ba9f41500740a25f9b5f2d4f6f7) Importer(2089858483,192608db42251d675da83286b1cce702)
Start importing Assets/TerrainDemoScene_URP/Prefabs/Details/Materials using Guid(0f472ba9f41500740a25f9b5f2d4f6f7) Importer(2089858483,192608db42251d675da83286b1cce702) (ScriptedImporter) -> (artifact id: 'ab80e521fcfea9036cb01c8d075687fd') in 0.06886175 seconds
Number of updated asset objects reloaded before import = 0Number of asset objects unloaded after import = 1

========================================================================
Received Import Request.
  Time since last request: 0.002377 seconds.
  path: Assets/TerrainDemoScene_URP/TextMeshPro/Shaders/TextMeshPro/TMPro.cginc
  artifactKey: Guid(407bc68d299748449bbf7f48ee690f8d) Importer(2089858483,192608db42251d675da83286b1cce702)
Start importing Assets/TerrainDemoScene_URP/TextMeshPro/Shaders/TextMeshPro/TMPro.cginc using Guid(407bc68d299748449bbf7f48ee690f8d) Importer(2089858483,192608db42251d675da83286b1cce702) (ScriptedImporter) -> (artifact id: '2515203faab16ad3de577138599a4ca9') in 0.019001875 seconds
Number of updated asset objects reloaded before import = 0Number of asset objects unloaded after import = 1

========================================================================
Received Import Request.
  Time since last request: 0.000355 seconds.
  path: Assets/TerrainDemoScene_URP/Prefabs/Trees/Conifer/Textures/Conifer_Subsurface.png
  artifactKey: Guid(b3110108144cfd04bb60590ac93e60d0) Importer(2089858483,192608db42251d675da83286b1cce702)
Start importing Assets/TerrainDemoScene_URP/Prefabs/Trees/Conifer/Textures/Conifer_Subsurface.png using Guid(b3110108144cfd04bb60590ac93e60d0) Importer(2089858483,192608db42251d675da83286b1cce702) (ScriptedImporter) -> (artifact id: '87bd74524e37206aaeb88776a9f7b36b') in 0.044990625 seconds
Number of updated asset objects reloaded before import = 0Number of asset objects unloaded after import = 1

========================================================================
Received Import Request.
  Time since last request: 0.000771 seconds.
  path: Assets/TerrainDemoScene_URP/Notes/Reflections.txt
  artifactKey: Guid(6865718972c778e40848a2919e0e6126) Importer(2089858483,192608db42251d675da83286b1cce702)
Start importing Assets/TerrainDemoScene_URP/Notes/Reflections.txt using Guid(6865718972c778e40848a2919e0e6126) Importer(2089858483,192608db42251d675da83286b1cce702) (ScriptedImporter) -> (artifact id: 'a3f5b773ee9dc6250e9ac0212cffb287') in 0.03001825 seconds
Number of updated asset objects reloaded before import = 0Number of asset objects unloaded after import = 1

========================================================================
Received Import Request.
  Time since last request: 0.000134 seconds.
  path: Assets/TerrainDemoScene_URP/Prefabs/Rocks/Models/Rock_A_02.fbx
  artifactKey: Guid(0347a2ca593e212468d38a00c0f15925) Importer(2089858483,192608db42251d675da83286b1cce702)
Start importing Assets/TerrainDemoScene_URP/Prefabs/Rocks/Models/Rock_A_02.fbx using Guid(0347a2ca593e212468d38a00c0f15925) Importer(2089858483,192608db42251d675da83286b1cce702) (ScriptedImporter) -> (artifact id: 'b8df69ac2861e76cf159986f1728a9dd') in 0.091267042 seconds
Number of updated asset objects reloaded before import = 0Number of asset objects unloaded after import = 25

========================================================================
Received Import Request.
  Time since last request: 0.000150 seconds.
  path: Assets/TerrainDemoScene_URP/Terrain/Textures/Tidal_Pools_B
  artifactKey: Guid(3dba1b13882a1c64b926eb90b62d1fb3) Importer(2089858483,192608db42251d675da83286b1cce702)
Start importing Assets/TerrainDemoScene_URP/Terrain/Textures/Tidal_Pools_B using Guid(3dba1b13882a1c64b926eb90b62d1fb3) Importer(2089858483,192608db42251d675da83286b1cce702) (ScriptedImporter) -> (artifact id: 'c99f71465cc8917ba08eac8c967785a2') in 0.006731125 seconds
Number of updated asset objects reloaded before import = 0Number of asset objects unloaded after import = 1

========================================================================
Received Import Request.
  Time since last request: 0.001133 seconds.
  path: Assets/TerrainDemoScene_URP/Prefabs/Skybox/Textures/SkyboxHorizon_Normals.png
  artifactKey: Guid(8ec8e8a09f13017499f254552ea558b8) Importer(2089858483,192608db42251d675da83286b1cce702)
Start importing Assets/TerrainDemoScene_URP/Prefabs/Skybox/Textures/SkyboxHorizon_Normals.png using Guid(8ec8e8a09f13017499f254552ea558b8) Importer(2089858483,192608db42251d675da83286b1cce702) (ScriptedImporter) -> (artifact id: '587944b3c55c8739a3fe631a286bc0cb') in 0.017649875 seconds
Number of updated asset objects reloaded before import = 0Number of asset objects unloaded after import = 1

========================================================================
Received Import Request.
  Time since last request: 0.003214 seconds.
  path: Assets/TerrainDemoScene_URP/Prefabs/Foliage/Red_Bush/Textures/Red_Bush_BaseColor.tif
  artifactKey: Guid(1933fb8bd6eed9d429dd93c5de2f061c) Importer(2089858483,192608db42251d675da83286b1cce702)
Start importing Assets/TerrainDemoScene_URP/Prefabs/Foliage/Red_Bush/Textures/Red_Bush_BaseColor.tif using Guid(1933fb8bd6eed9d429dd93c5de2f061c) Importer(2089858483,192608db42251d675da83286b1cce702) (ScriptedImporter) -> (artifact id: '5501c6482ac12fb38fe230b3d89ff94f') in 0.103252875 seconds
Number of updated asset objects reloaded before import = 0Number of asset objects unloaded after import = 1

========================================================================
Received Import Request.
  Time since last request: 0.005463 seconds.
  path: Assets/TerrainDemoScene_URP/Prefabs/Trees/Conifer/Materials/Conifer_Bark.mat
  artifactKey: Guid(ec4c06a182765544895a679bdb5c4bcb) Importer(2089858483,192608db42251d675da83286b1cce702)
Start importing Assets/TerrainDemoScene_URP/Prefabs/Trees/Conifer/Materials/Conifer_Bark.mat using Guid(ec4c06a182765544895a679bdb5c4bcb) Importer(2089858483,192608db42251d675da83286b1cce702) (ScriptedImporter) -> (artifact id: '1828329bff46e12973302fa858032051') in 0.161688417 seconds
Number of updated asset objects reloaded before import = 0Number of asset objects unloaded after import = 8

========================================================================
Received Import Request.
  Time since last request: 0.000110 seconds.
  path: Assets/TerrainDemoScene_URP/Prefabs/Trees/Pines/Pine_C/Materials
  artifactKey: Guid(fabf38ba471c0a043a54bba31a77dc83) Importer(2089858483,192608db42251d675da83286b1cce702)
Start importing Assets/TerrainDemoScene_URP/Prefabs/Trees/Pines/Pine_C/Materials using Guid(fabf38ba471c0a043a54bba31a77dc83) Importer(2089858483,192608db42251d675da83286b1cce702) (ScriptedImporter) -> (artifact id: 'e7ef00adeb86e8e2324997d8f06b6714') in 0.025552542 seconds
Number of updated asset objects reloaded before import = 0Number of asset objects unloaded after import = 1

========================================================================
Received Import Request.
  Time since last request: 0.000142 seconds.
  path: Assets/TerrainDemoScene_URP/Prefabs/Shots/SatelliteShot.prefab
  artifactKey: Guid(04a340464487e4a03b3225dd0fb88e01) Importer(2089858483,192608db42251d675da83286b1cce702)
Start importing Assets/TerrainDemoScene_URP/Prefabs/Shots/SatelliteShot.prefab using Guid(04a340464487e4a03b3225dd0fb88e01) Importer(2089858483,192608db42251d675da83286b1cce702) (ScriptedImporter) -> (artifact id: 'f50ce355db7157e25d503d93613074d7') in 0.071094666 seconds
Number of updated asset objects reloaded before import = 0Number of asset objects unloaded after import = 29

========================================================================
Received Import Request.
  Time since last request: 0.000307 seconds.
  path: Assets/TerrainDemoScene_URP/Prefabs/Trees/Conifer/Textures/Conifer_Extra.png
  artifactKey: Guid(edcd0e8c7fd488c4389ffd92c72e9c8a) Importer(2089858483,192608db42251d675da83286b1cce702)
Start importing Assets/TerrainDemoScene_URP/Prefabs/Trees/Conifer/Textures/Conifer_Extra.png using Guid(edcd0e8c7fd488c4389ffd92c72e9c8a) Importer(2089858483,192608db42251d675da83286b1cce702) (ScriptedImporter) -> (artifact id: 'eba5dab37b566365e6b2560ba5183f0c') in 0.082796791 seconds
Number of updated asset objects reloaded before import = 0Number of asset objects unloaded after import = 1

========================================================================
Received Import Request.
  Time since last request: 0.007012 seconds.
  path: Assets/TerrainDemoScene_URP/Prefabs/Trees/Pines/Pine_B/Pine_B.st
  artifactKey: Guid(b8aa0ccd1fb79294da6b8f03791e27f2) Importer(2089858483,192608db42251d675da83286b1cce702)
Start importing Assets/TerrainDemoScene_URP/Prefabs/Trees/Pines/Pine_B/Pine_B.st using Guid(b8aa0ccd1fb79294da6b8f03791e27f2) Importer(2089858483,192608db42251d675da83286b1cce702) (ScriptedImporter) -> (artifact id: '915115c59fef9b7ef32d734d32392f8d') in 0.178719042 seconds
Number of updated asset objects reloaded before import = 0Number of asset objects unloaded after import = 37

========================================================================
Received Import Request.
  Time since last request: 0.002011 seconds.
  path: Assets/TerrainDemoScene_URP/Prefabs/Foliage/Red_Bush/Models
  artifactKey: Guid(3de881e240760604f9d0ac80cd64e138) Importer(2089858483,192608db42251d675da83286b1cce702)
Start importing Assets/TerrainDemoScene_URP/Prefabs/Foliage/Red_Bush/Models using Guid(3de881e240760604f9d0ac80cd64e138) Importer(2089858483,192608db42251d675da83286b1cce702) (ScriptedImporter) -> (artifact id: 'e67a33a2f4a5a77ea9b394f500fcb619') in 0.011700042 seconds
Number of updated asset objects reloaded before import = 0Number of asset objects unloaded after import = 1

========================================================================
Received Import Request.
  Time since last request: 0.000088 seconds.
  path: Assets/TerrainDemoScene_URP/Terrain/Layers/Cliff_Mossy_E.terrainlayer
  artifactKey: Guid(7ba7a711695a4904a86967c335f59fc9) Importer(2089858483,192608db42251d675da83286b1cce702)
Start importing Assets/TerrainDemoScene_URP/Terrain/Layers/Cliff_Mossy_E.terrainlayer using Guid(7ba7a711695a4904a86967c335f59fc9) Importer(2089858483,192608db42251d675da83286b1cce702) (ScriptedImporter) -> (artifact id: '230304153031515fb6c252ae0b419c01') in 0.070061375 seconds
Number of updated asset objects reloaded before import = 0Number of asset objects unloaded after import = 4

========================================================================
Received Import Request.
  Time since last request: 0.018909 seconds.
  path: Assets/TerrainDemoScene_URP/Prefabs/Details/Textures/Grass_A_BaseColor.tif
  artifactKey: Guid(412b937bd5aa5024183fef71e9cf1042) Importer(2089858483,192608db42251d675da83286b1cce702)
Start importing Assets/TerrainDemoScene_URP/Prefabs/Details/Textures/Grass_A_BaseColor.tif using Guid(412b937bd5aa5024183fef71e9cf1042) Importer(2089858483,192608db42251d675da83286b1cce702) (ScriptedImporter) -> (artifact id: '4ecfeed472e97c3ace8091d02f3e80e7') in 0.012320583 seconds
Number of updated asset objects reloaded before import = 0Number of asset objects unloaded after import = 1

========================================================================
Received Import Request.
  Time since last request: 0.000069 seconds.
  path: Assets/TerrainDemoScene_URP/Prefabs/Trees/Conifer/Textures/Confier_Bark_Normal.png
  artifactKey: Guid(fb3aa4ad87ec1994494e3665cbdcdfcc) Importer(2089858483,192608db42251d675da83286b1cce702)
Start importing Assets/TerrainDemoScene_URP/Prefabs/Trees/Conifer/Textures/Confier_Bark_Normal.png using Guid(fb3aa4ad87ec1994494e3665cbdcdfcc) Importer(2089858483,192608db42251d675da83286b1cce702) (ScriptedImporter) -> (artifact id: 'f83fc800659875e688f7257b171a8aa9') in 0.015730958 seconds
Number of updated asset objects reloaded before import = 0Number of asset objects unloaded after import = 1

========================================================================
Received Import Request.
  Time since last request: 0.000065 seconds.
  path: Assets/TerrainDemoScene_URP/Prefabs/Foliage/Red_Bush/Textures
  artifactKey: Guid(e0f0a9a6f98440c43879099390798841) Importer(2089858483,192608db42251d675da83286b1cce702)
Start importing Assets/TerrainDemoScene_URP/Prefabs/Foliage/Red_Bush/Textures using Guid(e0f0a9a6f98440c43879099390798841) Importer(2089858483,192608db42251d675da83286b1cce702) (ScriptedImporter) -> (artifact id: '53704a87b8d65f706493182c51db8352') in 0.005717 seconds
Number of updated asset objects reloaded before import = 0Number of asset objects unloaded after import = 1

========================================================================
Received Import Request.
  Time since last request: 0.001750 seconds.
  path: Assets/TerrainDemoScene_URP/Terrain/Data/Terrain_3_0_ae064d43-ab51-4240-a34a-6f1f5da8134d.asset
  artifactKey: Guid(1bd76d287b10bfc4ca8adf3a62610c0c) Importer(2089858483,192608db42251d675da83286b1cce702)
Start importing Assets/TerrainDemoScene_URP/Terrain/Data/Terrain_3_0_ae064d43-ab51-4240-a34a-6f1f5da8134d.asset using Guid(1bd76d287b10bfc4ca8adf3a62610c0c) Importer(2089858483,192608db42251d675da83286b1cce702) (ScriptedImporter) -> (artifact id: 'a187a56257a398b0bdfd00ac11d9252d') in 0.398448125 seconds
Number of updated asset objects reloaded before import = 0Number of asset objects unloaded after import = 30

========================================================================
Received Import Request.
  Time since last request: 0.050977 seconds.
  path: Assets/TerrainDemoScene_URP/TextMeshPro/Shaders/TextMeshPro/TMPro_Properties.cginc
  artifactKey: Guid(3997e2241185407d80309a82f9148466) Importer(2089858483,192608db42251d675da83286b1cce702)
Start importing Assets/TerrainDemoScene_URP/TextMeshPro/Shaders/TextMeshPro/TMPro_Properties.cginc using Guid(3997e2241185407d80309a82f9148466) Importer(2089858483,192608db42251d675da83286b1cce702) (ScriptedImporter) -> (artifact id: 'e75ed5b03a8cb548ab7e8126900608a7') in 0.042514083 seconds
Number of updated asset objects reloaded before import = 0Number of asset objects unloaded after import = 1

========================================================================
Received Import Request.
  Time since last request: 0.018310 seconds.
  path: Assets/TerrainDemoScene_URP/Prefabs/Terrain/TerrainProxy.prefab
  artifactKey: Guid(f011986bc36690b4d934f2708930e3a1) Importer(2089858483,192608db42251d675da83286b1cce702)
Start importing Assets/TerrainDemoScene_URP/Prefabs/Terrain/TerrainProxy.prefab using Guid(f011986bc36690b4d934f2708930e3a1) Importer(2089858483,192608db42251d675da83286b1cce702) (ScriptedImporter) -> (artifact id: '18d7b1232b4d36ddb736b83ea613b45e') in 0.020888208 seconds
Number of updated asset objects reloaded before import = 0Number of asset objects unloaded after import = 52

========================================================================
Received Import Request.
  Time since last request: 0.000208 seconds.
  path: Assets/TerrainDemoScene_URP/Scripts/Icons/Icon.png
  artifactKey: Guid(c2669591c82a8a843a3360fa3382b990) Importer(2089858483,192608db42251d675da83286b1cce702)
Start importing Assets/TerrainDemoScene_URP/Scripts/Icons/Icon.png using Guid(c2669591c82a8a843a3360fa3382b990) Importer(2089858483,192608db42251d675da83286b1cce702) (ScriptedImporter) -> (artifact id: 'c7f813504cafc26cd4cf6c07b2562ebe') in 0.034013417 seconds
Number of updated asset objects reloaded before import = 0Number of asset objects unloaded after import = 1

========================================================================
Received Import Request.
  Time since last request: 0.000369 seconds.
  path: Assets/TerrainDemoScene_URP/Prefabs/Details/Bush_Red.prefab
  artifactKey: Guid(a18ae5a380cefaa42984dd62c858aa2b) Importer(2089858483,192608db42251d675da83286b1cce702)
Start importing Assets/TerrainDemoScene_URP/Prefabs/Details/Bush_Red.prefab using Guid(a18ae5a380cefaa42984dd62c858aa2b) Importer(2089858483,192608db42251d675da83286b1cce702) (ScriptedImporter) -> (artifact id: '35c7638ceb852ca1ddfd83065b70b15a') in 0.034883542 seconds
Number of updated asset objects reloaded before import = 0Number of asset objects unloaded after import = 10

========================================================================
Received Import Request.
  Time since last request: 0.000166 seconds.
  path: Assets/TerrainDemoScene_URP/Settings/URP/UniversalRenderPipelineGlobalSettings.asset
  artifactKey: Guid(4e69b4e7ad777694cb16f03a5185bbaf) Importer(2089858483,192608db42251d675da83286b1cce702)
Start importing Assets/TerrainDemoScene_URP/Settings/URP/UniversalRenderPipelineGlobalSettings.asset using Guid(4e69b4e7ad777694cb16f03a5185bbaf) Importer(2089858483,192608db42251d675da83286b1cce702) (ScriptedImporter) -> (artifact id: '37ccc67262181ee03e6aa1829a9bf672') in 0.97905925 seconds
Number of updated asset objects reloaded before import = 0Number of asset objects unloaded after import = 1

========================================================================
Received Import Request.
  Time since last request: 0.012278 seconds.
  path: Assets/TerrainDemoScene_URP/TextMeshPro/Resources/Sprite Assets/EmojiOne.asset
  artifactKey: Guid(c41005c129ba4d66911b75229fd70b45) Importer(2089858483,192608db42251d675da83286b1cce702)
Start importing Assets/TerrainDemoScene_URP/TextMeshPro/Resources/Sprite Assets/EmojiOne.asset using Guid(c41005c129ba4d66911b75229fd70b45) Importer(2089858483,192608db42251d675da83286b1cce702) (ScriptedImporter) -> (artifact id: 'c411af43d9af5a436d800271756cdaf6') in 0.115530959 seconds
Number of updated asset objects reloaded before import = 0Number of asset objects unloaded after import = 3

========================================================================
Received Import Request.
  Time since last request: 0.000703 seconds.
  path: Assets/TerrainDemoScene_URP/Terrain/Textures/Grass_Soil_A
  artifactKey: Guid(53fda6e86d56fd94389ede969dc01afd) Importer(2089858483,192608db42251d675da83286b1cce702)
Start importing Assets/TerrainDemoScene_URP/Terrain/Textures/Grass_Soil_A using Guid(53fda6e86d56fd94389ede969dc01afd) Importer(2089858483,192608db42251d675da83286b1cce702) (ScriptedImporter) -> (artifact id: '711ebbe6f4d7960c31161ee7d22f43b0') in 0.077900792 seconds
Number of updated asset objects reloaded before import = 0Number of asset objects unloaded after import = 1

========================================================================
Received Import Request.
  Time since last request: 0.050032 seconds.
  path: Assets/TerrainDemoScene_URP/Prefabs/Trees/Cypress/Textures/Cypress_Forest_Desktop_Billboard_Subsurface.tif
  artifactKey: Guid(64847124c71e4524abae0e94169c0405) Importer(2089858483,192608db42251d675da83286b1cce702)
Start importing Assets/TerrainDemoScene_URP/Prefabs/Trees/Cypress/Textures/Cypress_Forest_Desktop_Billboard_Subsurface.tif using Guid(64847124c71e4524abae0e94169c0405) Importer(2089858483,192608db42251d675da83286b1cce702) (ScriptedImporter) -> (artifact id: 'c146044ea0c8e39148eadfe8b83250c1') in 0.083514042 seconds
Number of updated asset objects reloaded before import = 0Number of asset objects unloaded after import = 1

========================================================================
Received Import Request.
  Time since last request: 0.000154 seconds.
  path: Assets/TerrainDemoScene_URP/Terrain/DetailMaps/_Terrain_2_2_b6e03cf0-de91-4cae-b6af-0128d856ae43_20.asset
  artifactKey: Guid(08fe86349b0b6aa4eb0c66db140bdd18) Importer(2089858483,192608db42251d675da83286b1cce702)
Start importing Assets/TerrainDemoScene_URP/Terrain/DetailMaps/_Terrain_2_2_b6e03cf0-de91-4cae-b6af-0128d856ae43_20.asset using Guid(08fe86349b0b6aa4eb0c66db140bdd18) Importer(2089858483,192608db42251d675da83286b1cce702) (ScriptedImporter) -> (artifact id: 'd3fc6b29cfa09dbf335ece223eb8841e') in 0.05847525 seconds
Number of updated asset objects reloaded before import = 0Number of asset objects unloaded after import = 1

========================================================================
Received Import Request.
  Time since last request: 0.000192 seconds.
  path: Assets/TerrainDemoScene_URP/VFXGraphs/Textures/WispySmoke01_8x8.tga
  artifactKey: Guid(5b79b3ba349286e4eab50a1dd8372dd5) Importer(2089858483,192608db42251d675da83286b1cce702)
Start importing Assets/TerrainDemoScene_URP/VFXGraphs/Textures/WispySmoke01_8x8.tga using Guid(5b79b3ba349286e4eab50a1dd8372dd5) Importer(2089858483,192608db42251d675da83286b1cce702) (ScriptedImporter) -> (artifact id: 'bbb23a71631faf828ea81fe06647462b') in 0.09288175 seconds
Number of updated asset objects reloaded before import = 0Number of asset objects unloaded after import = 1

========================================================================
Received Import Request.
  Time since last request: 0.000132 seconds.
  path: Assets/TerrainDemoScene_URP/Prefabs/Skybox/Textures/SkyboxHorizon_Albedo.png
  artifactKey: Guid(0687d937815beaa43afaee59138e9e09) Importer(2089858483,192608db42251d675da83286b1cce702)
Start importing Assets/TerrainDemoScene_URP/Prefabs/Skybox/Textures/SkyboxHorizon_Albedo.png using Guid(0687d937815beaa43afaee59138e9e09) Importer(2089858483,192608db42251d675da83286b1cce702) (ScriptedImporter) -> (artifact id: 'c624dd1d40759ddb6dca964cb6d4c160') in 0.027520209 seconds
Number of updated asset objects reloaded before import = 0Number of asset objects unloaded after import = 1

========================================================================
Received Import Request.
  Time since last request: 0.000452 seconds.
  path: Assets/TerrainDemoScene_URP/Terrain/Textures/Grass_A
  artifactKey: Guid(a3152493089347f4b9c9d728111b2631) Importer(2089858483,192608db42251d675da83286b1cce702)
Start importing Assets/TerrainDemoScene_URP/Terrain/Textures/Grass_A using Guid(a3152493089347f4b9c9d728111b2631) Importer(2089858483,192608db42251d675da83286b1cce702) (ScriptedImporter) -> (artifact id: '792aad488e53eeb8aa5d005bab483a4e') in 0.01074925 seconds
Number of updated asset objects reloaded before import = 0Number of asset objects unloaded after import = 1

========================================================================
Received Import Request.
  Time since last request: 0.001430 seconds.
  path: Assets/TerrainDemoScene_URP/Prefabs/Rocks/Materials/Rock_Overgrown_C.mat
  artifactKey: Guid(f4afc2a6a46b104478049f9e3aa57cfe) Importer(2089858483,192608db42251d675da83286b1cce702)
Start importing Assets/TerrainDemoScene_URP/Prefabs/Rocks/Materials/Rock_Overgrown_C.mat using Guid(f4afc2a6a46b104478049f9e3aa57cfe) Importer(2089858483,192608db42251d675da83286b1cce702) (ScriptedImporter) -> (artifact id: 'd72b4d845c5a085ebdaeb0081052f4bd') in 1.885113083 seconds
Number of updated asset objects reloaded before import = 0Number of asset objects unloaded after import = 18

========================================================================
Received Import Request.
  Time since last request: 0.000445 seconds.
  path: Assets/TerrainDemoScene_URP/Prefabs/Rocks/Textures/Rock_Overgrown_I/Rock_Overgrown_I_BaseColor.tif
  artifactKey: Guid(3ef1d60cd3b21b64ca1918262412b0f8) Importer(2089858483,192608db42251d675da83286b1cce702)
Start importing Assets/TerrainDemoScene_URP/Prefabs/Rocks/Textures/Rock_Overgrown_I/Rock_Overgrown_I_BaseColor.tif using Guid(3ef1d60cd3b21b64ca1918262412b0f8) Importer(2089858483,192608db42251d675da83286b1cce702) (ScriptedImporter) -> (artifact id: '2a1643dd393d4f0f7d4f00e176d753ef') in 0.059087958 seconds
Number of updated asset objects reloaded before import = 0Number of asset objects unloaded after import = 1

========================================================================
Received Import Request.
  Time since last request: 0.000090 seconds.
  path: Assets/TerrainDemoScene_URP/Terrain/Data/Terrain_3_3_9b11d05b-b237-4de7-82ed-a402f9cedebd.asset
  artifactKey: Guid(9d9673381bb6ff74e96475734841baed) Importer(2089858483,192608db42251d675da83286b1cce702)
Start importing Assets/TerrainDemoScene_URP/Terrain/Data/Terrain_3_3_9b11d05b-b237-4de7-82ed-a402f9cedebd.asset using Guid(9d9673381bb6ff74e96475734841baed) Importer(2089858483,192608db42251d675da83286b1cce702) (ScriptedImporter) -> (artifact id: '7c6ecf29f1ab066abc9f8e545a49a41e') in 0.1646855 seconds
Number of updated asset objects reloaded before import = 0Number of asset objects unloaded after import = 20

========================================================================
Received Import Request.
  Time since last request: 0.000111 seconds.
  path: Assets/TerrainDemoScene_URP/Prefabs/Skybox/Models/SkyboxMountains06.fbx
  artifactKey: Guid(e089523ca55650645b4d4e8f5602bb78) Importer(2089858483,192608db42251d675da83286b1cce702)
Start importing Assets/TerrainDemoScene_URP/Prefabs/Skybox/Models/SkyboxMountains06.fbx using Guid(e089523ca55650645b4d4e8f5602bb78) Importer(2089858483,192608db42251d675da83286b1cce702) (ScriptedImporter) -> (artifact id: 'd0e4b88a88aea357808c880dcc626231') in 0.067098916 seconds
Number of updated asset objects reloaded before import = 0Number of asset objects unloaded after import = 8

========================================================================
Received Import Request.
  Time since last request: 0.002716 seconds.
  path: Assets/TerrainDemoScene_URP/Prefabs/Trees/Conifer/Materials/Conifer_Branches.mat
  artifactKey: Guid(6ed8d863fa4e4ee4db27ac197ce98d99) Importer(2089858483,192608db42251d675da83286b1cce702)
Start importing Assets/TerrainDemoScene_URP/Prefabs/Trees/Conifer/Materials/Conifer_Branches.mat using Guid(6ed8d863fa4e4ee4db27ac197ce98d99) Importer(2089858483,192608db42251d675da83286b1cce702) (ScriptedImporter) -> (artifact id: '18070991d8c38deffa835ebdfbeb2699') in 0.057689708 seconds
Number of updated asset objects reloaded before import = 0Number of asset objects unloaded after import = 12

========================================================================
Received Import Request.
  Time since last request: 0.000101 seconds.
  path: Assets/TerrainDemoScene_URP/Prefabs/Trees/Pines/Pine_B/Materials
  artifactKey: Guid(19bd2de1db2f08448bcb0af7b29de58c) Importer(2089858483,192608db42251d675da83286b1cce702)
Start importing Assets/TerrainDemoScene_URP/Prefabs/Trees/Pines/Pine_B/Materials using Guid(19bd2de1db2f08448bcb0af7b29de58c) Importer(2089858483,192608db42251d675da83286b1cce702) (ScriptedImporter) -> (artifact id: '05a1aa39fb216a0101693ee4a5b03dce') in 0.007179791 seconds
Number of updated asset objects reloaded before import = 0Number of asset objects unloaded after import = 1

========================================================================
Received Import Request.
  Time since last request: 0.000058 seconds.
  path: Assets/TerrainDemoScene_URP/Terrain/Textures/Grass_A/Grass_A_Normal.tif
  artifactKey: Guid(c00756ebe5d45cd49a5af53f5b77118f) Importer(2089858483,192608db42251d675da83286b1cce702)
Start importing Assets/TerrainDemoScene_URP/Terrain/Textures/Grass_A/Grass_A_Normal.tif using Guid(c00756ebe5d45cd49a5af53f5b77118f) Importer(2089858483,192608db42251d675da83286b1cce702) (ScriptedImporter) -> (artifact id: 'b14cc81a0b7c5672b372d7d9c5bb6336') in 0.020429875 seconds
Number of updated asset objects reloaded before import = 0Number of asset objects unloaded after import = 1

========================================================================
Received Import Request.
  Time since last request: 0.000121 seconds.
  path: Assets/TerrainDemoScene_URP/Scenes/TerrainDemoScene/ReflectionProbe-1.exr
  artifactKey: Guid(85f40587b4c3c9c48b0e3fd3bca619e4) Importer(2089858483,192608db42251d675da83286b1cce702)
Start importing Assets/TerrainDemoScene_URP/Scenes/TerrainDemoScene/ReflectionProbe-1.exr using Guid(85f40587b4c3c9c48b0e3fd3bca619e4) Importer(2089858483,192608db42251d675da83286b1cce702) (ScriptedImporter) -> (artifact id: 'd3c54c868d416a432b92f4a4fce8e2b3') in 0.04077575 seconds
Number of updated asset objects reloaded before import = 0Number of asset objects unloaded after import = 1

========================================================================
Received Import Request.
  Time since last request: 0.004199 seconds.
  path: Assets/TerrainDemoScene_URP/Prefabs/Rocks/Textures/Rock_Overgrown_C/Rock_Overgrown_C_MaskMap.tif
  artifactKey: Guid(e203aedce70d6d844843d001a08e887a) Importer(2089858483,192608db42251d675da83286b1cce702)
Start importing Assets/TerrainDemoScene_URP/Prefabs/Rocks/Textures/Rock_Overgrown_C/Rock_Overgrown_C_MaskMap.tif using Guid(e203aedce70d6d844843d001a08e887a) Importer(2089858483,192608db42251d675da83286b1cce702) (ScriptedImporter) -> (artifact id: 'f2eec1e7c726a8c4f109a78711bc9df3') in 0.0324085 seconds
Number of updated asset objects reloaded before import = 0Number of asset objects unloaded after import = 1

========================================================================
Received Import Request.
  Time since last request: 0.000072 seconds.
  path: Assets/TerrainDemoScene_URP/Terrain/Palettes
  artifactKey: Guid(4857f3e3baaafa1468fef3876bc50487) Importer(2089858483,192608db42251d675da83286b1cce702)
Start importing Assets/TerrainDemoScene_URP/Terrain/Palettes using Guid(4857f3e3baaafa1468fef3876bc50487) Importer(2089858483,192608db42251d675da83286b1cce702) (ScriptedImporter) -> (artifact id: 'e94c97322272018562624cb8af5da722') in 0.027872417 seconds
Number of updated asset objects reloaded before import = 0Number of asset objects unloaded after import = 1

========================================================================
Received Import Request.
  Time since last request: 0.000228 seconds.
  path: Assets/TerrainDemoScene_URP/Prefabs/Water/Textures/Water_Normal.png
  artifactKey: Guid(e1401fe0724c9c94381b897844907e4e) Importer(2089858483,192608db42251d675da83286b1cce702)
Start importing Assets/TerrainDemoScene_URP/Prefabs/Water/Textures/Water_Normal.png using Guid(e1401fe0724c9c94381b897844907e4e) Importer(2089858483,192608db42251d675da83286b1cce702) (ScriptedImporter) -> (artifact id: 'ba9b9ecc0333def690ded92b8c570110') in 0.018356917 seconds
Number of updated asset objects reloaded before import = 0Number of asset objects unloaded after import = 1

========================================================================
Received Import Request.
  Time since last request: 0.000271 seconds.
  path: Assets/TerrainDemoScene_URP/Prefabs/Rocks/Textures/Rock_Overgrown_C/Rock_Overgrown_C_BaseColor.tif
  artifactKey: Guid(0995621fafbc8b54fada16dfa0d1b202) Importer(2089858483,192608db42251d675da83286b1cce702)
Start importing Assets/TerrainDemoScene_URP/Prefabs/Rocks/Textures/Rock_Overgrown_C/Rock_Overgrown_C_BaseColor.tif using Guid(0995621fafbc8b54fada16dfa0d1b202) Importer(2089858483,192608db42251d675da83286b1cce702) (ScriptedImporter) -> (artifact id: 'eacda5b35e185018f8bf72fa0396bf69') in 0.020762791 seconds
Number of updated asset objects reloaded before import = 0Number of asset objects unloaded after import = 1

========================================================================
Received Import Request.
  Time since last request: 0.002917 seconds.
  path: Assets/TerrainDemoScene_URP/TextMeshPro/Fonts/LiberationSans - OFL.txt
  artifactKey: Guid(6e59c59b81ab47f9b6ec5781fa725d2c) Importer(2089858483,192608db42251d675da83286b1cce702)
Start importing Assets/TerrainDemoScene_URP/TextMeshPro/Fonts/LiberationSans - OFL.txt using Guid(6e59c59b81ab47f9b6ec5781fa725d2c) Importer(2089858483,192608db42251d675da83286b1cce702) (ScriptedImporter) -> (artifact id: '233d387020960a90959d31fddd194ce3') in 0.033016916 seconds
Number of updated asset objects reloaded before import = 0Number of asset objects unloaded after import = 1

========================================================================
Received Import Request.
  Time since last request: 0.003890 seconds.
  path: Assets/TerrainDemoScene_URP/Prefabs/Skybox/Textures
  artifactKey: Guid(da2320368ee1bfc44b4bb4b1d74a388f) Importer(2089858483,192608db42251d675da83286b1cce702)
Start importing Assets/TerrainDemoScene_URP/Prefabs/Skybox/Textures using Guid(da2320368ee1bfc44b4bb4b1d74a388f) Importer(2089858483,192608db42251d675da83286b1cce702) (ScriptedImporter) -> (artifact id: '364fbda304025115483a0f6408a97992') in 0.008089958 seconds
Number of updated asset objects reloaded before import = 0Number of asset objects unloaded after import = 1

========================================================================
Received Import Request.
  Time since last request: 0.000082 seconds.
  path: Assets/TerrainDemoScene_URP/Prefabs/Trees/Pines
  artifactKey: Guid(6cb90ff0386892e46a75e1268222a974) Importer(2089858483,192608db42251d675da83286b1cce702)
Start importing Assets/TerrainDemoScene_URP/Prefabs/Trees/Pines using Guid(6cb90ff0386892e46a75e1268222a974) Importer(2089858483,192608db42251d675da83286b1cce702) (ScriptedImporter) -> (artifact id: '5dac36d12b2d8b5a3a0fce084511e7b2') in 0.0058945 seconds
Number of updated asset objects reloaded before import = 0Number of asset objects unloaded after import = 1

========================================================================
Received Import Request.
  Time since last request: 0.000086 seconds.
  path: Assets/TerrainDemoScene_URP/Prefabs/Skybox/Models/SkyboxMountains03.fbx
  artifactKey: Guid(5111f521d7066864f84549af2a313da9) Importer(2089858483,192608db42251d675da83286b1cce702)
Start importing Assets/TerrainDemoScene_URP/Prefabs/Skybox/Models/SkyboxMountains03.fbx using Guid(5111f521d7066864f84549af2a313da9) Importer(2089858483,192608db42251d675da83286b1cce702) (ScriptedImporter) -> (artifact id: '40ef16c27537cefd31edba5da124bde5') in 0.043165 seconds
Number of updated asset objects reloaded before import = 0Number of asset objects unloaded after import = 8

========================================================================
Received Import Request.
  Time since last request: 0.000810 seconds.
  path: Assets/TerrainDemoScene_URP/Prefabs/Rocks/Textures/Rock_Overgrown_B/Rock_Overgrown_B_MaskMap.tif
  artifactKey: Guid(4893ad11683e5c54a88a292110c2e749) Importer(2089858483,192608db42251d675da83286b1cce702)
Start importing Assets/TerrainDemoScene_URP/Prefabs/Rocks/Textures/Rock_Overgrown_B/Rock_Overgrown_B_MaskMap.tif using Guid(4893ad11683e5c54a88a292110c2e749) Importer(2089858483,192608db42251d675da83286b1cce702) (ScriptedImporter) -> (artifact id: '484140f75fec8b461a84919b223de896') in 0.029916625 seconds
Number of updated asset objects reloaded before import = 0Number of asset objects unloaded after import = 1

========================================================================
Received Import Request.
  Time since last request: 0.001537 seconds.
  path: Assets/TutorialInfo/Scripts/Readme.cs
  artifactKey: Guid(fcf7219bab7fe46a1ad266029b2fee19) Importer(2089858483,192608db42251d675da83286b1cce702)
Start importing Assets/TutorialInfo/Scripts/Readme.cs using Guid(fcf7219bab7fe46a1ad266029b2fee19) Importer(2089858483,192608db42251d675da83286b1cce702) (ScriptedImporter) -> (artifact id: 'f3a15bae79d4274f31ea62b1dd7e2147') in 0.028940875 seconds
Number of updated asset objects reloaded before import = 0Number of asset objects unloaded after import = 0

========================================================================
Received Import Request.
  Time since last request: 0.000416 seconds.
  path: Assets/TerrainDemoScene_URP/Prefabs/Shots/ForestShot.prefab
  artifactKey: Guid(c06880acad686418fa27ce1fb2a02e57) Importer(2089858483,192608db42251d675da83286b1cce702)
Start importing Assets/TerrainDemoScene_URP/Prefabs/Shots/ForestShot.prefab using Guid(c06880acad686418fa27ce1fb2a02e57) Importer(2089858483,192608db42251d675da83286b1cce702) (ScriptedImporter) -> (artifact id: '008dcd224417434b6ea5b428e7aacc9b') in 0.051201083 seconds
Number of updated asset objects reloaded before import = 0Number of asset objects unloaded after import = 30

========================================================================
Received Import Request.
  Time since last request: 0.002423 seconds.
  path: Assets/TerrainDemoScene_URP/TextMeshPro/Fonts/License.txt
  artifactKey: Guid(ec16d975ef5b1c34d914fe53fab5e901) Importer(2089858483,192608db42251d675da83286b1cce702)
Start importing Assets/TerrainDemoScene_URP/TextMeshPro/Fonts/License.txt using Guid(ec16d975ef5b1c34d914fe53fab5e901) Importer(2089858483,192608db42251d675da83286b1cce702) (ScriptedImporter) -> (artifact id: '0f0dd0f193324b1ce8f17361d62ef7e0') in 0.029478584 seconds
Number of updated asset objects reloaded before import = 0Number of asset objects unloaded after import = 1

========================================================================
Received Import Request.
  Time since last request: 0.001001 seconds.
  path: Assets/TerrainDemoScene_URP/Prefabs/Trees/Conifer/Textures/Confier_Bark_Extra.png
  artifactKey: Guid(902e5a797d8e0264e9c9ac00621c406f) Importer(2089858483,192608db42251d675da83286b1cce702)
Start importing Assets/TerrainDemoScene_URP/Prefabs/Trees/Conifer/Textures/Confier_Bark_Extra.png using Guid(902e5a797d8e0264e9c9ac00621c406f) Importer(2089858483,192608db42251d675da83286b1cce702) (ScriptedImporter) -> (artifact id: '4b676cd0ba4343a3192965f1c1f57715') in 0.053593083 seconds
Number of updated asset objects reloaded before import = 0Number of asset objects unloaded after import = 1

========================================================================
Received Import Request.
  Time since last request: 0.015097 seconds.
  path: Assets/TerrainDemoScene_URP/Prefabs/Details
  artifactKey: Guid(8b5aa7f7f81c962448a9000f900f441a) Importer(2089858483,192608db42251d675da83286b1cce702)
Start importing Assets/TerrainDemoScene_URP/Prefabs/Details using Guid(8b5aa7f7f81c962448a9000f900f441a) Importer(2089858483,192608db42251d675da83286b1cce702) (ScriptedImporter) -> (artifact id: 'a28a7e66a555a68977aa3e15aa060c07') in 0.007845875 seconds
Number of updated asset objects reloaded before import = 0Number of asset objects unloaded after import = 1

========================================================================
Received Import Request.
  Time since last request: 0.000449 seconds.
  path: Assets/TerrainDemoScene_URP/Terrain/Data/Terrain_1_3_c8bbd3cb-768c-4918-85c9-b01968beea93 1.asset
  artifactKey: Guid(d61f6b44ca5b18f4b8f2f06f02524125) Importer(2089858483,192608db42251d675da83286b1cce702)
Start importing Assets/TerrainDemoScene_URP/Terrain/Data/Terrain_1_3_c8bbd3cb-768c-4918-85c9-b01968beea93 1.asset using Guid(d61f6b44ca5b18f4b8f2f06f02524125) Importer(2089858483,192608db42251d675da83286b1cce702) (ScriptedImporter) -> (artifact id: 'f1ade3a35168f2e61a9d9041bd41bd0e') in 0.072330292 seconds
Number of updated asset objects reloaded before import = 0Number of asset objects unloaded after import = 3

========================================================================
Received Import Request.
  Time since last request: 0.002007 seconds.
  path: Assets/TerrainDemoScene_URP/Scenes/TerrainDemoScene/Lightmap-0_comp_dir.png
  artifactKey: Guid(be27ba9ee48cdad428efc230c67c4132) Importer(2089858483,192608db42251d675da83286b1cce702)
Start importing Assets/TerrainDemoScene_URP/Scenes/TerrainDemoScene/Lightmap-0_comp_dir.png using Guid(be27ba9ee48cdad428efc230c67c4132) Importer(2089858483,192608db42251d675da83286b1cce702) (ScriptedImporter) -> (artifact id: 'ae592c7f99d3755202f54f5cccebf083') in 0.054615709 seconds
Number of updated asset objects reloaded before import = 0Number of asset objects unloaded after import = 1

========================================================================
Received Import Request.
  Time since last request: 0.000089 seconds.
  path: Assets/TerrainDemoScene_URP/Prefabs/Trees/Pines/Pine_C/Textures/Pine_C_Normal.png
  artifactKey: Guid(a02e8452e6938974d8a56b6964d01d82) Importer(2089858483,192608db42251d675da83286b1cce702)
Start importing Assets/TerrainDemoScene_URP/Prefabs/Trees/Pines/Pine_C/Textures/Pine_C_Normal.png using Guid(a02e8452e6938974d8a56b6964d01d82) Importer(2089858483,192608db42251d675da83286b1cce702) (ScriptedImporter) -> (artifact id: 'b640b53f9eb3bfb843f51ea547d614b6') in 0.021284625 seconds
Number of updated asset objects reloaded before import = 0Number of asset objects unloaded after import = 1

========================================================================
Received Import Request.
  Time since last request: 0.000332 seconds.
  path: Assets/TerrainDemoScene_URP/Terrain/Textures/Rock_Jagged_B/Rock_Jagged_B_Normal.tif
  artifactKey: Guid(b846ae1b2402a5544b180a4dc0d6fde3) Importer(2089858483,192608db42251d675da83286b1cce702)
Start importing Assets/TerrainDemoScene_URP/Terrain/Textures/Rock_Jagged_B/Rock_Jagged_B_Normal.tif using Guid(b846ae1b2402a5544b180a4dc0d6fde3) Importer(2089858483,192608db42251d675da83286b1cce702) (ScriptedImporter) -> (artifact id: '1bc7cc06a5f1cf4f0f768e60dd75db73') in 0.030810541 seconds
Number of updated asset objects reloaded before import = 0Number of asset objects unloaded after import = 1

========================================================================
Received Import Request.
  Time since last request: 0.000136 seconds.
  path: Assets/TerrainDemoScene_URP/Prefabs/Rocks/Textures/Cliff_Mossy_B/Cliff_Mossy_B_Normal.tif
  artifactKey: Guid(998afff0a8c6b4f438a62873b64368dd) Importer(2089858483,192608db42251d675da83286b1cce702)
Start importing Assets/TerrainDemoScene_URP/Prefabs/Rocks/Textures/Cliff_Mossy_B/Cliff_Mossy_B_Normal.tif using Guid(998afff0a8c6b4f438a62873b64368dd) Importer(2089858483,192608db42251d675da83286b1cce702) (ScriptedImporter) -> (artifact id: 'd363d469b19b1beff133f352ad40e561') in 0.022754916 seconds
Number of updated asset objects reloaded before import = 0Number of asset objects unloaded after import = 1

========================================================================
Received Import Request.
  Time since last request: 0.001488 seconds.
  path: Assets/TerrainDemoScene_URP/Terrain/Textures/Pebbles_B/Pebbles_B_BaseColor.tif
  artifactKey: Guid(96a97b0ab56f58b458314ccf0f97c004) Importer(2089858483,192608db42251d675da83286b1cce702)
Start importing Assets/TerrainDemoScene_URP/Terrain/Textures/Pebbles_B/Pebbles_B_BaseColor.tif using Guid(96a97b0ab56f58b458314ccf0f97c004) Importer(2089858483,192608db42251d675da83286b1cce702) (ScriptedImporter) -> (artifact id: '35aae77f7e57f620c931358df3457d85') in 0.016466375 seconds
Number of updated asset objects reloaded before import = 0Number of asset objects unloaded after import = 1

========================================================================
Received Import Request.
  Time since last request: 0.000106 seconds.
  path: Assets/TerrainDemoScene_URP/Scenes
  artifactKey: Guid(92a07c90fbef0af4c8a47600f87f22fa) Importer(2089858483,192608db42251d675da83286b1cce702)
Start importing Assets/TerrainDemoScene_URP/Scenes using Guid(92a07c90fbef0af4c8a47600f87f22fa) Importer(2089858483,192608db42251d675da83286b1cce702) (ScriptedImporter) -> (artifact id: '508dd9aaa81003f131ffb46b49c47946') in 0.004751541 seconds
Number of updated asset objects reloaded before import = 0Number of asset objects unloaded after import = 1

========================================================================
Received Import Request.
  Time since last request: 0.000465 seconds.
  path: Assets/TerrainDemoScene_URP/Prefabs/Skybox/Models/SkyboxMountains04.fbx
  artifactKey: Guid(e9b68272397f8694abfd9cbfd86875f6) Importer(2089858483,192608db42251d675da83286b1cce702)
Start importing Assets/TerrainDemoScene_URP/Prefabs/Skybox/Models/SkyboxMountains04.fbx using Guid(e9b68272397f8694abfd9cbfd86875f6) Importer(2089858483,192608db42251d675da83286b1cce702) (ScriptedImporter) -> (artifact id: '636e20d6b2bbf7c6a15ba6a08058e725') in 0.040944917 seconds
Number of updated asset objects reloaded before import = 0Number of asset objects unloaded after import = 8

========================================================================
Received Import Request.
  Time since last request: 0.000237 seconds.
  path: Assets/TerrainDemoScene_URP/Prefabs/Rocks/Textures/Rock_C_Normal.tif
  artifactKey: Guid(0333fad25ec40c044b5a72bd4bb1f844) Importer(2089858483,192608db42251d675da83286b1cce702)
Start importing Assets/TerrainDemoScene_URP/Prefabs/Rocks/Textures/Rock_C_Normal.tif using Guid(0333fad25ec40c044b5a72bd4bb1f844) Importer(2089858483,192608db42251d675da83286b1cce702) (ScriptedImporter) -> (artifact id: 'e6deaca554a36228297cd6cb52abb447') in 0.010312042 seconds
Number of updated asset objects reloaded before import = 0Number of asset objects unloaded after import = 1

========================================================================
Received Import Request.
  Time since last request: 0.001929 seconds.
  path: Assets/TerrainDemoScene_URP/Terrain/Textures/Grass_Moss_A/Grass_Moss_A_MaskMap.tif
  artifactKey: Guid(b59653c2a4aef63458bcc4f030119ba0) Importer(2089858483,192608db42251d675da83286b1cce702)
Start importing Assets/TerrainDemoScene_URP/Terrain/Textures/Grass_Moss_A/Grass_Moss_A_MaskMap.tif using Guid(b59653c2a4aef63458bcc4f030119ba0) Importer(2089858483,192608db42251d675da83286b1cce702) (ScriptedImporter) -> (artifact id: '286ae6f803519d9660d0b7b61839eaad') in 0.019445375 seconds
Number of updated asset objects reloaded before import = 0Number of asset objects unloaded after import = 1

========================================================================
Received Import Request.
  Time since last request: 0.000107 seconds.
  path: Assets/TerrainDemoScene_URP/VFXGraphs
  artifactKey: Guid(156e7d2e656b1c84d901497ecbc973da) Importer(2089858483,192608db42251d675da83286b1cce702)
Start importing Assets/TerrainDemoScene_URP/VFXGraphs using Guid(156e7d2e656b1c84d901497ecbc973da) Importer(2089858483,192608db42251d675da83286b1cce702) (ScriptedImporter) -> (artifact id: '6389d2bcdfca75f4cdc12361d5b909c5') in 0.006802417 seconds
Number of updated asset objects reloaded before import = 0Number of asset objects unloaded after import = 1

========================================================================
Received Import Request.
  Time since last request: 0.000664 seconds.
  path: Assets/TerrainDemoScene_URP/Scenes/TerrainDemoScene/Lightmap-1_comp_light.exr
  artifactKey: Guid(46783c765b8e5bc4cb73b52c2a1fa2f0) Importer(2089858483,192608db42251d675da83286b1cce702)
Start importing Assets/TerrainDemoScene_URP/Scenes/TerrainDemoScene/Lightmap-1_comp_light.exr using Guid(46783c765b8e5bc4cb73b52c2a1fa2f0) Importer(2089858483,192608db42251d675da83286b1cce702) (ScriptedImporter) -> (artifact id: '0ee8d7153a3ead2c3cda487a457b99df') in 0.049655333 seconds
Number of updated asset objects reloaded before import = 0Number of asset objects unloaded after import = 1

========================================================================
Received Import Request.
  Time since last request: 0.000278 seconds.
  path: Assets/TerrainDemoScene_URP/Prefabs/Details/Models/Bush_Twig.asset
  artifactKey: Guid(e9eae922c4f3be043ab536ba7bf7706d) Importer(2089858483,192608db42251d675da83286b1cce702)
Start importing Assets/TerrainDemoScene_URP/Prefabs/Details/Models/Bush_Twig.asset using Guid(e9eae922c4f3be043ab536ba7bf7706d) Importer(2089858483,192608db42251d675da83286b1cce702) (ScriptedImporter) -> (artifact id: '0e25ce6795a43e88002965bc681e7fcc') in 0.013902125 seconds
Number of updated asset objects reloaded before import = 0Number of asset objects unloaded after import = 1

========================================================================
Received Import Request.
  Time since last request: 0.000251 seconds.
  path: Assets/TerrainDemoScene_URP/Prefabs/Rocks/Textures/Stone_A/Stone_A_MaskMap.tif
  artifactKey: Guid(732c6d50a88f58d48b308b926b11794b) Importer(2089858483,192608db42251d675da83286b1cce702)
Start importing Assets/TerrainDemoScene_URP/Prefabs/Rocks/Textures/Stone_A/Stone_A_MaskMap.tif using Guid(732c6d50a88f58d48b308b926b11794b) Importer(2089858483,192608db42251d675da83286b1cce702) (ScriptedImporter) -> (artifact id: 'af49e2dafe40893f950253fd1df1a7b4') in 0.056378542 seconds
Number of updated asset objects reloaded before import = 0Number of asset objects unloaded after import = 1

========================================================================
Received Import Request.
  Time since last request: 0.000640 seconds.
  path: Assets/TerrainDemoScene_URP/Prefabs/Rocks/Textures/Rock_A_MaskMap.tif
  artifactKey: Guid(e1049f992eef23b4cb3b66745c229c99) Importer(2089858483,192608db42251d675da83286b1cce702)
Start importing Assets/TerrainDemoScene_URP/Prefabs/Rocks/Textures/Rock_A_MaskMap.tif using Guid(e1049f992eef23b4cb3b66745c229c99) Importer(2089858483,192608db42251d675da83286b1cce702) (ScriptedImporter) -> (artifact id: '43bf8e687bb96f8d168204500d0e56fe') in 0.076652125 seconds
Number of updated asset objects reloaded before import = 0Number of asset objects unloaded after import = 1

========================================================================
Received Import Request.
  Time since last request: 0.021377 seconds.
  path: Assets/TerrainDemoScene_URP/Prefabs/Skybox/Models/SkyboxMountains01.fbx
  artifactKey: Guid(33c18ab296e02854698d7522f967a05b) Importer(2089858483,192608db42251d675da83286b1cce702)
Start importing Assets/TerrainDemoScene_URP/Prefabs/Skybox/Models/SkyboxMountains01.fbx using Guid(33c18ab296e02854698d7522f967a05b) Importer(2089858483,192608db42251d675da83286b1cce702) (ScriptedImporter) -> (artifact id: 'ccc4e6c9a42f992542e1718ac819ba96') in 0.046383458 seconds
Number of updated asset objects reloaded before import = 0Number of asset objects unloaded after import = 8

========================================================================
Received Import Request.
  Time since last request: 0.000093 seconds.
  path: Assets/TerrainDemoScene_URP/Prefabs/Trees/Pines/Pine_D/Materials/Pine_D.mat
  artifactKey: Guid(ede0004c9eab0fe47bdadae32797b5dd) Importer(2089858483,192608db42251d675da83286b1cce702)
Start importing Assets/TerrainDemoScene_URP/Prefabs/Trees/Pines/Pine_D/Materials/Pine_D.mat using Guid(ede0004c9eab0fe47bdadae32797b5dd) Importer(2089858483,192608db42251d675da83286b1cce702) (ScriptedImporter) -> (artifact id: '90af1e07a87bfa1b267b4f5668ef660c') in 0.085884917 seconds
Number of updated asset objects reloaded before import = 0Number of asset objects unloaded after import = 12

========================================================================
Received Import Request.
  Time since last request: 0.005721 seconds.
  path: Assets/TerrainDemoScene_URP/VFXGraphs/Textures/WispySmoke03b_8x8.tga
  artifactKey: Guid(3f0b27fa0a9267346b36465dc2808773) Importer(2089858483,192608db42251d675da83286b1cce702)
Start importing Assets/TerrainDemoScene_URP/VFXGraphs/Textures/WispySmoke03b_8x8.tga using Guid(3f0b27fa0a9267346b36465dc2808773) Importer(2089858483,192608db42251d675da83286b1cce702) (ScriptedImporter) -> (artifact id: 'f0d9f78a20e7cafdad3cf599c51da0cb') in 0.07333225 seconds
Number of updated asset objects reloaded before import = 0Number of asset objects unloaded after import = 1

========================================================================
Received Import Request.
  Time since last request: 0.001670 seconds.
  path: Assets/TerrainDemoScene_URP/Prefabs/Rocks/Textures/Cliff_Mossy_B
  artifactKey: Guid(1b50a783486c93f46b87e1764af3bb54) Importer(2089858483,192608db42251d675da83286b1cce702)
Start importing Assets/TerrainDemoScene_URP/Prefabs/Rocks/Textures/Cliff_Mossy_B using Guid(1b50a783486c93f46b87e1764af3bb54) Importer(2089858483,192608db42251d675da83286b1cce702) (ScriptedImporter) -> (artifact id: '11e027a09f1f52f2730c0af1bbef2a84') in 0.051722291 seconds
Number of updated asset objects reloaded before import = 0Number of asset objects unloaded after import = 1

========================================================================
Received Import Request.
  Time since last request: 0.013671 seconds.
  path: Assets/TerrainDemoScene_URP/Prefabs/Rocks/Rock_C_01.prefab
  artifactKey: Guid(398b156fac7c6f44db09e9ad046c24dd) Importer(2089858483,192608db42251d675da83286b1cce702)
Start importing Assets/TerrainDemoScene_URP/Prefabs/Rocks/Rock_C_01.prefab using Guid(398b156fac7c6f44db09e9ad046c24dd) Importer(2089858483,192608db42251d675da83286b1cce702) (ScriptedImporter) -> (artifact id: '88fa928383b5f3936b0c63dad06409b0') in 0.089480834 seconds
Number of updated asset objects reloaded before import = 0Number of asset objects unloaded after import = 57

========================================================================
Received Import Request.
  Time since last request: 0.000654 seconds.
  path: Assets/TerrainDemoScene_URP/Prefabs/Lighting/GlobalReflectionProbes.prefab
  artifactKey: Guid(047d05b007fe673408954aea465b4b30) Importer(2089858483,192608db42251d675da83286b1cce702)
Start importing Assets/TerrainDemoScene_URP/Prefabs/Lighting/GlobalReflectionProbes.prefab using Guid(047d05b007fe673408954aea465b4b30) Importer(2089858483,192608db42251d675da83286b1cce702) (ScriptedImporter) -> (artifact id: 'f065fff9b5a4f87e26a691628a9de35a') in 0.096659375 seconds
Number of updated asset objects reloaded before import = 0Number of asset objects unloaded after import = 7

========================================================================
Received Import Request.
  Time since last request: 0.000084 seconds.
  path: Assets/TerrainDemoScene_URP/Terrain/DetailMaps/_Terrain_2_2_b6e03cf0-de91-4cae-b6af-0128d856ae43_8.asset
  artifactKey: Guid(708d80c1a5a45704abfe679a65315dc0) Importer(2089858483,192608db42251d675da83286b1cce702)
Start importing Assets/TerrainDemoScene_URP/Terrain/DetailMaps/_Terrain_2_2_b6e03cf0-de91-4cae-b6af-0128d856ae43_8.asset using Guid(708d80c1a5a45704abfe679a65315dc0) Importer(2089858483,192608db42251d675da83286b1cce702) (ScriptedImporter) -> (artifact id: 'b07a681684260f51ec55722893ca07f6') in 0.06806375 seconds
Number of updated asset objects reloaded before import = 0Number of asset objects unloaded after import = 1

========================================================================
Received Import Request.
  Time since last request: 0.000346 seconds.
  path: Assets/TerrainDemoScene_URP/Terrain/Data/Terrain_2_3_f3ed9c1f-cb52-413a-a7d7-8e03961f4d5b 1.asset
  artifactKey: Guid(05daeacaebfe0bd498506348dbede77c) Importer(2089858483,192608db42251d675da83286b1cce702)
Start importing Assets/TerrainDemoScene_URP/Terrain/Data/Terrain_2_3_f3ed9c1f-cb52-413a-a7d7-8e03961f4d5b 1.asset using Guid(05daeacaebfe0bd498506348dbede77c) Importer(2089858483,192608db42251d675da83286b1cce702) (ScriptedImporter) -> (artifact id: 'a1f7bbde90ccf11d68d4cf22b1a9fff6') in 0.100516 seconds
Number of updated asset objects reloaded before import = 0Number of asset objects unloaded after import = 4

========================================================================
Received Import Request.
  Time since last request: 0.001310 seconds.
  path: Assets/TerrainDemoScene_URP/Notes/Welcome.txt
  artifactKey: Guid(77ed5e720504baf488488bdb8dd3f5d7) Importer(2089858483,192608db42251d675da83286b1cce702)
Start importing Assets/TerrainDemoScene_URP/Notes/Welcome.txt using Guid(77ed5e720504baf488488bdb8dd3f5d7) Importer(2089858483,192608db42251d675da83286b1cce702) (ScriptedImporter) -> (artifact id: '0ba99e52df388ac76f6df4e58b960001') in 0.015662292 seconds
Number of updated asset objects reloaded before import = 0Number of asset objects unloaded after import = 1

========================================================================
Received Import Request.
  Time since last request: 0.003069 seconds.
  path: Assets/TerrainDemoScene_URP/Prefabs/Trees/Conifer/Textures/Conifer_Normal.png
  artifactKey: Guid(7b24d7997f7027e47b59fb9f777457d6) Importer(2089858483,192608db42251d675da83286b1cce702)
Start importing Assets/TerrainDemoScene_URP/Prefabs/Trees/Conifer/Textures/Conifer_Normal.png using Guid(7b24d7997f7027e47b59fb9f777457d6) Importer(2089858483,192608db42251d675da83286b1cce702) (ScriptedImporter) -> (artifact id: 'f9289add532a8489014a96fd8d440eab') in 0.025712708 seconds
Number of updated asset objects reloaded before import = 0Number of asset objects unloaded after import = 1

========================================================================
Received Import Request.
  Time since last request: 0.000102 seconds.
  path: Assets/TerrainDemoScene_URP/Terrain/Textures/Rock_Jagged_B/Rock_Jagged_B_BaseColor.tif
  artifactKey: Guid(80f61c429b41d314494701d7d4c77caf) Importer(2089858483,192608db42251d675da83286b1cce702)
Start importing Assets/TerrainDemoScene_URP/Terrain/Textures/Rock_Jagged_B/Rock_Jagged_B_BaseColor.tif using Guid(80f61c429b41d314494701d7d4c77caf) Importer(2089858483,192608db42251d675da83286b1cce702) (ScriptedImporter) -> (artifact id: 'b19bfab420149302188d0faabc65f921') in 0.01825875 seconds
Number of updated asset objects reloaded before import = 0Number of asset objects unloaded after import = 1

========================================================================
Received Import Request.
  Time since last request: 0.004269 seconds.
  path: Assets/TerrainDemoScene_URP/Prefabs/Rocks/Models/Rock_Overgrown_A.FBX
  artifactKey: Guid(249458d5129350f42a5146a75f8b4710) Importer(2089858483,192608db42251d675da83286b1cce702)
Start importing Assets/TerrainDemoScene_URP/Prefabs/Rocks/Models/Rock_Overgrown_A.FBX using Guid(249458d5129350f42a5146a75f8b4710) Importer(2089858483,192608db42251d675da83286b1cce702) (ScriptedImporter) -> (artifact id: 'cc1ce20ec787dd893780212dcfaeb67f') in 0.119581417 seconds
Number of updated asset objects reloaded before import = 0Number of asset objects unloaded after import = 21

========================================================================
Received Import Request.
  Time since last request: 0.000459 seconds.
  path: Assets/TerrainDemoScene_URP/TextMeshPro/Fonts/InterRegular.otf
  artifactKey: Guid(acc94f33a343c27448127710e2d5c53f) Importer(2089858483,192608db42251d675da83286b1cce702)
Start importing Assets/TerrainDemoScene_URP/TextMeshPro/Fonts/InterRegular.otf using Guid(acc94f33a343c27448127710e2d5c53f) Importer(2089858483,192608db42251d675da83286b1cce702) (ScriptedImporter) -> (artifact id: '17146bb5eab3c385407ad09da3bf1a15') in 0.094387667 seconds
Number of updated asset objects reloaded before import = 0Number of asset objects unloaded after import = 3

========================================================================
Received Import Request.
  Time since last request: 0.000125 seconds.
  path: Assets/TerrainDemoScene_URP/Prefabs/Trees/Pines/Pine_A/Materials/Pine_A_Bark.mat
  artifactKey: Guid(5ef1f84b236fe2a4c9082cb4ab535a7a) Importer(2089858483,192608db42251d675da83286b1cce702)
Start importing Assets/TerrainDemoScene_URP/Prefabs/Trees/Pines/Pine_A/Materials/Pine_A_Bark.mat using Guid(5ef1f84b236fe2a4c9082cb4ab535a7a) Importer(2089858483,192608db42251d675da83286b1cce702) (ScriptedImporter) -> (artifact id: 'c71c6214c075ebb6b0b7daecddb662c5') in 0.037547041 seconds
Number of updated asset objects reloaded before import = 0Number of asset objects unloaded after import = 8

========================================================================
Received Import Request.
  Time since last request: 0.000126 seconds.
  path: Assets/TerrainDemoScene_URP/Terrain/Data/Terrain_0_1_e85387be-618a-4f11-a28f-1cbc224e6e94.asset
  artifactKey: Guid(893a7e0580668d84ca5c6527fe35711c) Importer(2089858483,192608db42251d675da83286b1cce702)
Start importing Assets/TerrainDemoScene_URP/Terrain/Data/Terrain_0_1_e85387be-618a-4f11-a28f-1cbc224e6e94.asset using Guid(893a7e0580668d84ca5c6527fe35711c) Importer(2089858483,192608db42251d675da83286b1cce702) (ScriptedImporter) -> (artifact id: 'b43666d023ca64f10ca97a34a90b0762') in 0.556180542 seconds
Number of updated asset objects reloaded before import = 0Number of asset objects unloaded after import = 480

========================================================================
Received Import Request.
  Time since last request: 0.021256 seconds.
  path: Assets/TerrainDemoScene_URP/Terrain/Data/Terrain_3_1_f87b3edd-12d5-4d51-aea4-88280910a3d8 1.asset
  artifactKey: Guid(ff09529534122f54fb0a40524e07e275) Importer(2089858483,192608db42251d675da83286b1cce702)
Start importing Assets/TerrainDemoScene_URP/Terrain/Data/Terrain_3_1_f87b3edd-12d5-4d51-aea4-88280910a3d8 1.asset using Guid(ff09529534122f54fb0a40524e07e275) Importer(2089858483,192608db42251d675da83286b1cce702) (ScriptedImporter) -> (artifact id: '827d3c03e37fd0925398624fa780122d') in 0.096734084 seconds
Number of updated asset objects reloaded before import = 0Number of asset objects unloaded after import = 2

========================================================================
Received Import Request.
  Time since last request: 0.000927 seconds.
  path: Assets/TerrainDemoScene_URP/Prefabs/UI/Bar.prefab
  artifactKey: Guid(dcda5e5657d4446db8f60546395551e7) Importer(2089858483,192608db42251d675da83286b1cce702)
Start importing Assets/TerrainDemoScene_URP/Prefabs/UI/Bar.prefab using Guid(dcda5e5657d4446db8f60546395551e7) Importer(2089858483,192608db42251d675da83286b1cce702) (ScriptedImporter) -> (artifact id: '9ac2d2ea7df1f0c877e05f1057fd67ef') in 0.107140917 seconds
Number of updated asset objects reloaded before import = 0Number of asset objects unloaded after import = 8

========================================================================
Received Import Request.
  Time since last request: 0.025469 seconds.
  path: Assets/TerrainDemoScene_URP/Prefabs/Trees/Pines/Pine_B/Textures/Pine_B_Billboard_Color.png
  artifactKey: Guid(06497a1c0614b104fbe1e29ff947a759) Importer(2089858483,192608db42251d675da83286b1cce702)
Start importing Assets/TerrainDemoScene_URP/Prefabs/Trees/Pines/Pine_B/Textures/Pine_B_Billboard_Color.png using Guid(06497a1c0614b104fbe1e29ff947a759) Importer(2089858483,192608db42251d675da83286b1cce702) (ScriptedImporter) -> (artifact id: 'cd69fdcbdf11ea9861c9f6396541ad95') in 0.019608917 seconds
Number of updated asset objects reloaded before import = 0Number of asset objects unloaded after import = 1

========================================================================
Received Import Request.
  Time since last request: 0.000366 seconds.
  path: Assets/TerrainDemoScene_URP/Terrain/Data/Terrain_1_0_548791b1-5119-4501-a6f8-e5b8e45c25d8.asset
  artifactKey: Guid(e8325aa29c5e4cc43a5d3617b255d8f0) Importer(2089858483,192608db42251d675da83286b1cce702)
Start importing Assets/TerrainDemoScene_URP/Terrain/Data/Terrain_1_0_548791b1-5119-4501-a6f8-e5b8e45c25d8.asset using Guid(e8325aa29c5e4cc43a5d3617b255d8f0) Importer(2089858483,192608db42251d675da83286b1cce702) (ScriptedImporter) -> (artifact id: '0e039deb536fdf9c6fe4d0a834d27726') in 0.311412333 seconds
Number of updated asset objects reloaded before import = 0Number of asset objects unloaded after import = 79

========================================================================
Received Import Request.
  Time since last request: 0.012844 seconds.
  path: Assets/TerrainDemoScene_URP/Prefabs/Rocks
  artifactKey: Guid(24952e9e21d100e448b134b2afa9443c) Importer(2089858483,192608db42251d675da83286b1cce702)
Start importing Assets/TerrainDemoScene_URP/Prefabs/Rocks using Guid(24952e9e21d100e448b134b2afa9443c) Importer(2089858483,192608db42251d675da83286b1cce702) (ScriptedImporter) -> (artifact id: '58a27771c6afa6b82b987df70288ad53') in 0.036212209 seconds
Number of updated asset objects reloaded before import = 0Number of asset objects unloaded after import = 1

========================================================================
Received Import Request.
  Time since last request: 0.034260 seconds.
  path: Assets/TerrainDemoScene_URP/Prefabs/UI/Description.prefab
  artifactKey: Guid(8421e82471d8247bda6c7842f085da4c) Importer(2089858483,192608db42251d675da83286b1cce702)
Start importing Assets/TerrainDemoScene_URP/Prefabs/UI/Description.prefab using Guid(8421e82471d8247bda6c7842f085da4c) Importer(2089858483,192608db42251d675da83286b1cce702) (ScriptedImporter)The method get_fontSharedMaterials was not found on Description. This property will not be indexed.
UnityEngine.Debug:ExtractStackTraceNoAlloc (byte*,int,string)
UnityEngine.StackTraceUtility:ExtractStackTrace () (at /Users/bokken/build/output/unity/unity/Runtime/Export/Scripting/StackTrace.cs:35)
UnityEngine.DebugLogHandler:Internal_Log (UnityEngine.LogType,UnityEngine.LogOption,string,UnityEngine.Object)
UnityEngine.DebugLogHandler:LogFormat (UnityEngine.LogType,UnityEngine.Object,string,object[])
UnityEngine.Logger:Log (UnityEngine.LogType,object)
UnityEngine.Debug:LogWarning (object)
UnityEditor.Rendering.Universal.MaterialReferenceBuilder:GetMaterialFromMethod (System.Reflection.MethodInfo,UnityEngine.Object,System.Func`3<string, string, string>) (at ./Library/PackageCache/com.unity.render-pipelines.universal@2a2241f53fcd/Editor/Converter/MaterialReferenceBuilder.cs:133)
UnityEditor.Rendering.Universal.ConversionIndexers:ConversionIndexer (UnityEditor.Search.CustomObjectIndexerTarget,UnityEditor.Search.ObjectIndexer) (at ./Library/PackageCache/com.unity.render-pipelines.universal@2a2241f53fcd/Editor/Converter/ConversionIndexers.cs:21)
UnityEditor.Search.ObjectIndexer:CallCustomIndexers (string,int,UnityEngine.Object,UnityEditor.SerializedObject,bool) (at /Users/bokken/build/output/unity/unity/Modules/QuickSearch/Editor/Indexing/ObjectIndexer.cs:724)
UnityEditor.Search.ObjectIndexer:IndexCustomProperties (string,int,UnityEngine.Object) (at /Users/bokken/build/output/unity/unity/Modules/QuickSearch/Editor/Indexing/ObjectIndexer.cs:680)
UnityEditor.Search.AssetIndexer:IndexCustomGameObjectProperties (string,int,UnityEngine.GameObject) (at /Users/bokken/build/output/unity/unity/Modules/QuickSearch/Editor/Indexing/AssetIndexer.cs:552)
UnityEditor.Search.AssetIndexer:IndexProperties (int&,string&,bool&) (at /Users/bokken/build/output/unity/unity/Modules/QuickSearch/Editor/Indexing/AssetIndexer.cs:318)
UnityEditor.Search.AssetIndexer:IndexDocument (string,bool) (at /Users/bokken/build/output/unity/unity/Modules/QuickSearch/Editor/Indexing/AssetIndexer.cs:194)
UnityEditor.Search.SearchIndexEntryImporter:OnImportAsset (UnityEditor.AssetImporters.AssetImportContext) (at /Users/bokken/build/output/unity/unity/Modules/QuickSearch/Editor/Indexing/SearchIndexEntryImporter.cs:64)
UnityEditor.AssetImporters.ScriptedImporter:GenerateAssetData (UnityEditor.AssetImporters.AssetImportContext) (at /Users/bokken/build/output/unity/unity/Modules/AssetPipelineEditor/Public/ScriptedImporter.cs:25)

(Filename: ./Library/PackageCache/com.unity.render-pipelines.universal@2a2241f53fcd/Editor/Converter/MaterialReferenceBuilder.cs Line: 133)

 -> (artifact id: '292e1c705ba4477d34b8a526d65e3b5e') in 0.32858075 seconds
Number of updated asset objects reloaded before import = 0Number of asset objects unloaded after import = 12

========================================================================
Received Import Request.
  Time since last request: 0.000173 seconds.
  path: Assets/TerrainDemoScene_URP/Prefabs/Trees/Cypress/Materials/Cypress_Forest_Desktop.mat
  artifactKey: Guid(13209affabf96cd4ca2d4ca465caac92) Importer(2089858483,192608db42251d675da83286b1cce702)
Start importing Assets/TerrainDemoScene_URP/Prefabs/Trees/Cypress/Materials/Cypress_Forest_Desktop.mat using Guid(13209affabf96cd4ca2d4ca465caac92) Importer(2089858483,192608db42251d675da83286b1cce702) (ScriptedImporter) -> (artifact id: 'fd7a43a134f67ccfb62b5fae2b475b36') in 13.557142458 seconds
Number of updated asset objects reloaded before import = 0Number of asset objects unloaded after import = 12

========================================================================
Received Prepare
Begin MonoManager ReloadAssembly
Thread 0x171203000 may have been prematurely finalized
- Loaded All Assemblies, in  5.176 seconds
'Packages/com.unity.render-pipelines.high-definition/Editor/Wizard/HDWizard.UIElement.cs' contains partial class of Unity.Object, exactly 1 of the partial classes needs to be in a file with the same filename. This is to know the one that can be referenced from ie. GameObjects
'Packages/com.unity.render-pipelines.high-definition/Editor/Wizard/HDWizard.Configuration.cs' contains partial class of Unity.Object, exactly 1 of the partial classes needs to be in a file with the same filename. This is to know the one that can be referenced from ie. GameObjects
'Packages/com.unity.render-pipelines.high-definition/Editor/Wizard/HDWizard.Window.cs' contains partial class of Unity.Object, exactly 1 of the partial classes needs to be in a file with the same filename. This is to know the one that can be referenced from ie. GameObjects
Refreshing native plugins compatible for Editor in 9.99 ms, found 11 plugins.
Native extension for iOS target not found
Native extension for Android target not found
Native extension for OSXStandalone target not found
[Package Manager] Failed to launch server process. Reason: Unity was launched with the -noUpm command-line argument
[Package Manager] Unable to send message (not connected to server process).
[Package Manager] Cannot connect to Unity Package Manager local server
[MODES] ModeService[none].Initialize
[MODES] ModeService[none].LoadModes
Mono: successfully reloaded assembly
[Package Manager] Failed to launch server process. Reason: Unity was launched with the -noUpm command-line argument
[Package Manager] Unable to send message (not connected to server process).
[Package Manager] Cannot connect to Unity Package Manager local server
- Finished resetting the current domain, in  2.216 seconds
Domain Reload Profiling: 7416ms
	BeginReloadAssembly (2795ms)
		ExecutionOrderSort (3ms)
		DisableScriptedObjects (151ms)
		BackupInstance (0ms)
		ReleaseScriptingObjects (9ms)
		CreateAndSetChildDomain (848ms)
	RebuildCommonClasses (110ms)
	RebuildNativeTypeToScriptingClass (50ms)
	initialDomainReloadingComplete (127ms)
	LoadAllAssembliesAndSetupDomain (2116ms)
		LoadAssemblies (2152ms)
		RebuildTransferFunctionScriptingTraits (0ms)
		AnalyzeDomain (884ms)
			TypeCache.Refresh (83ms)
				TypeCache.ScanAssembly (0ms)
			BuildScriptInfoCaches (718ms)
			ResolveRequiredComponents (50ms)
	FinalizeReload (2218ms)
		ReleaseScriptCaches (0ms)
		RebuildScriptCaches (0ms)
		SetupLoadedEditorAssemblies (1703ms)
			LogAssemblyErrors (0ms)
			InitializePlatformSupportModulesInManaged (55ms)
			SetLoadedEditorAssemblies (15ms)
			BeforeProcessingInitializeOnLoad (268ms)
			ProcessInitializeOnLoadAttributes (659ms)
			ProcessInitializeOnLoadMethodAttributes (700ms)
			AfterProcessingInitializeOnLoad (4ms)
			EditorAssembliesLoaded (2ms)
		ExecutionOrderSort2 (0ms)
		AwakeInstancesAfterBackupRestoration (37ms)
WARNING: Shader Unsupported: 'HDRP/TerrainLit' - All subshaders removed
WARNING: Shader Did you use #pragma only_renderers and omit this platform?
WARNING: Shader If subshaders removal was intentional, you may have forgotten turning Fallback off?
WARNING: Shader Unsupported: 'HDRP/TerrainLit' - All subshaders removed
WARNING: Shader Did you use #pragma only_renderers and omit this platform?
WARNING: Shader If subshaders removal was intentional, you may have forgotten turning Fallback off?
WARNING: Shader Unsupported: 'Universal Render Pipeline/VR/SpatialMapping/Wireframe' - All subshaders removed
WARNING: Shader Did you use #pragma only_renderers and omit this platform?
WARNING: Shader If subshaders removal was intentional, you may have forgotten turning Fallback off?
WARNING: Shader Unsupported: 'Universal Render Pipeline/VR/SpatialMapping/Wireframe' - All subshaders removed
WARNING: Shader Did you use #pragma only_renderers and omit this platform?
WARNING: Shader If subshaders removal was intentional, you may have forgotten turning Fallback off?
Refreshing native plugins compatible for Editor in 4.42 ms, found 11 plugins.
Preloading 1 native plugins for Editor in 0.91 ms.
Unloading 182 Unused Serialized files (Serialized files now loaded: 0)
Unloading 9132 unused Assets / (16.5 MB). Loaded Objects now: 9946.
Memory consumption went from 238.4 MB to 221.9 MB.
Total: 83.752500 ms (FindLiveObjects: 4.922792 ms CreateObjectMapping: 1.085041 ms MarkObjects: 31.982458 ms  DeleteObjects: 45.761250 ms)

Prepare: number of updated asset objects reloaded= 0
========================================================================
Received Prepare
Begin MonoManager ReloadAssembly
Thread 0x1711c7000 may have been prematurely finalized
- Loaded All Assemblies, in  3.156 seconds
'Packages/com.unity.render-pipelines.high-definition/Editor/Wizard/HDWizard.UIElement.cs' contains partial class of Unity.Object, exactly 1 of the partial classes needs to be in a file with the same filename. This is to know the one that can be referenced from ie. GameObjects
'Packages/com.unity.render-pipelines.high-definition/Editor/Wizard/HDWizard.Configuration.cs' contains partial class of Unity.Object, exactly 1 of the partial classes needs to be in a file with the same filename. This is to know the one that can be referenced from ie. GameObjects
'Packages/com.unity.render-pipelines.high-definition/Editor/Wizard/HDWizard.Window.cs' contains partial class of Unity.Object, exactly 1 of the partial classes needs to be in a file with the same filename. This is to know the one that can be referenced from ie. GameObjects
Refreshing native plugins compatible for Editor in 14.89 ms, found 11 plugins.
Native extension for iOS target not found
Native extension for Android target not found
Native extension for OSXStandalone target not found
[Package Manager] Failed to launch server process. Reason: Unity was launched with the -noUpm command-line argument
[Package Manager] Unable to send message (not connected to server process).
[Package Manager] Cannot connect to Unity Package Manager local server
[MODES] ModeService[none].Initialize
[MODES] ModeService[none].LoadModes
Mono: successfully reloaded assembly
[Package Manager] Failed to launch server process. Reason: Unity was launched with the -noUpm command-line argument
[Package Manager] Unable to send message (not connected to server process).
[Package Manager] Cannot connect to Unity Package Manager local server
- Finished resetting the current domain, in  1.035 seconds
Domain Reload Profiling: 4202ms
	BeginReloadAssembly (1401ms)
		ExecutionOrderSort (0ms)
		DisableScriptedObjects (43ms)
		BackupInstance (0ms)
		ReleaseScriptingObjects (7ms)
		CreateAndSetChildDomain (449ms)
	RebuildCommonClasses (44ms)
	RebuildNativeTypeToScriptingClass (17ms)
	initialDomainReloadingComplete (63ms)
	LoadAllAssembliesAndSetupDomain (1642ms)
		LoadAssemblies (1695ms)
		RebuildTransferFunctionScriptingTraits (0ms)
		AnalyzeDomain (542ms)
			TypeCache.Refresh (46ms)
				TypeCache.ScanAssembly (0ms)
			BuildScriptInfoCaches (452ms)
			ResolveRequiredComponents (13ms)
	FinalizeReload (1035ms)
		ReleaseScriptCaches (0ms)
		RebuildScriptCaches (0ms)
		SetupLoadedEditorAssemblies (789ms)
			LogAssemblyErrors (0ms)
			InitializePlatformSupportModulesInManaged (60ms)
			SetLoadedEditorAssemblies (7ms)
			BeforeProcessingInitializeOnLoad (145ms)
			ProcessInitializeOnLoadAttributes (307ms)
			ProcessInitializeOnLoadMethodAttributes (268ms)
			AfterProcessingInitializeOnLoad (2ms)
			EditorAssembliesLoaded (1ms)
		ExecutionOrderSort2 (1ms)
		AwakeInstancesAfterBackupRestoration (8ms)
WARNING: Shader Unsupported: 'HDRP/TerrainLit' - All subshaders removed
WARNING: Shader Did you use #pragma only_renderers and omit this platform?
WARNING: Shader If subshaders removal was intentional, you may have forgotten turning Fallback off?
WARNING: Shader Unsupported: 'HDRP/TerrainLit' - All subshaders removed
WARNING: Shader Did you use #pragma only_renderers and omit this platform?
WARNING: Shader If subshaders removal was intentional, you may have forgotten turning Fallback off?
WARNING: Shader Unsupported: 'Universal Render Pipeline/VR/SpatialMapping/Wireframe' - All subshaders removed
WARNING: Shader Did you use #pragma only_renderers and omit this platform?
WARNING: Shader If subshaders removal was intentional, you may have forgotten turning Fallback off?
WARNING: Shader Unsupported: 'Universal Render Pipeline/VR/SpatialMapping/Wireframe' - All subshaders removed
WARNING: Shader Did you use #pragma only_renderers and omit this platform?
WARNING: Shader If subshaders removal was intentional, you may have forgotten turning Fallback off?
Refreshing native plugins compatible for Editor in 3.27 ms, found 11 plugins.
Preloading 1 native plugins for Editor in 0.35 ms.
Unloading 181 Unused Serialized files (Serialized files now loaded: 0)
Unloading 9126 unused Assets / (15.5 MB). Loaded Objects now: 9949.
Memory consumption went from 235.5 MB to 220.0 MB.
Total: 54.540166 ms (FindLiveObjects: 2.431500 ms CreateObjectMapping: 0.614084 ms MarkObjects: 28.797916 ms  DeleteObjects: 22.696042 ms)

Prepare: number of updated asset objects reloaded= 0
========================================================================
Received Prepare
Begin MonoManager ReloadAssembly
Thread 0x1711c7000 may have been prematurely finalized
- Loaded All Assemblies, in  2.181 seconds
'Packages/com.unity.render-pipelines.high-definition/Editor/Wizard/HDWizard.UIElement.cs' contains partial class of Unity.Object, exactly 1 of the partial classes needs to be in a file with the same filename. This is to know the one that can be referenced from ie. GameObjects
'Packages/com.unity.render-pipelines.high-definition/Editor/Wizard/HDWizard.Configuration.cs' contains partial class of Unity.Object, exactly 1 of the partial classes needs to be in a file with the same filename. This is to know the one that can be referenced from ie. GameObjects
'Packages/com.unity.render-pipelines.high-definition/Editor/Wizard/HDWizard.Window.cs' contains partial class of Unity.Object, exactly 1 of the partial classes needs to be in a file with the same filename. This is to know the one that can be referenced from ie. GameObjects
Refreshing native plugins compatible for Editor in 5.29 ms, found 11 plugins.
Native extension for iOS target not found
Native extension for Android target not found
Native extension for OSXStandalone target not found
[Package Manager] Failed to launch server process. Reason: Unity was launched with the -noUpm command-line argument
[Package Manager] Unable to send message (not connected to server process).
[Package Manager] Cannot connect to Unity Package Manager local server
[MODES] ModeService[none].Initialize
[MODES] ModeService[none].LoadModes
Mono: successfully reloaded assembly
[Package Manager] Failed to launch server process. Reason: Unity was launched with the -noUpm command-line argument
[Package Manager] Unable to send message (not connected to server process).
[Package Manager] Cannot connect to Unity Package Manager local server
- Finished resetting the current domain, in  1.611 seconds
Domain Reload Profiling: 3803ms
	BeginReloadAssembly (804ms)
		ExecutionOrderSort (4ms)
		DisableScriptedObjects (21ms)
		BackupInstance (0ms)
		ReleaseScriptingObjects (3ms)
		CreateAndSetChildDomain (217ms)
	RebuildCommonClasses (64ms)
	RebuildNativeTypeToScriptingClass (17ms)
	initialDomainReloadingComplete (37ms)
	LoadAllAssembliesAndSetupDomain (1268ms)
		LoadAssemblies (1180ms)
		RebuildTransferFunctionScriptingTraits (0ms)
		AnalyzeDomain (394ms)
			TypeCache.Refresh (34ms)
				TypeCache.ScanAssembly (0ms)
			BuildScriptInfoCaches (322ms)
			ResolveRequiredComponents (22ms)
	FinalizeReload (1613ms)
		ReleaseScriptCaches (0ms)
		RebuildScriptCaches (0ms)
		SetupLoadedEditorAssemblies (1288ms)
			LogAssemblyErrors (0ms)
			InitializePlatformSupportModulesInManaged (69ms)
			SetLoadedEditorAssemblies (7ms)
			BeforeProcessingInitializeOnLoad (271ms)
			ProcessInitializeOnLoadAttributes (604ms)
			ProcessInitializeOnLoadMethodAttributes (333ms)
			AfterProcessingInitializeOnLoad (1ms)
			EditorAssembliesLoaded (2ms)
		ExecutionOrderSort2 (1ms)
		AwakeInstancesAfterBackupRestoration (28ms)
WARNING: Shader Unsupported: 'HDRP/TerrainLit' - All subshaders removed
WARNING: Shader Did you use #pragma only_renderers and omit this platform?
WARNING: Shader If subshaders removal was intentional, you may have forgotten turning Fallback off?
WARNING: Shader Unsupported: 'HDRP/TerrainLit' - All subshaders removed
WARNING: Shader Did you use #pragma only_renderers and omit this platform?
WARNING: Shader If subshaders removal was intentional, you may have forgotten turning Fallback off?
WARNING: Shader Unsupported: 'Universal Render Pipeline/VR/SpatialMapping/Wireframe' - All subshaders removed
WARNING: Shader Did you use #pragma only_renderers and omit this platform?
WARNING: Shader If subshaders removal was intentional, you may have forgotten turning Fallback off?
WARNING: Shader Unsupported: 'Universal Render Pipeline/VR/SpatialMapping/Wireframe' - All subshaders removed
WARNING: Shader Did you use #pragma only_renderers and omit this platform?
WARNING: Shader If subshaders removal was intentional, you may have forgotten turning Fallback off?
Refreshing native plugins compatible for Editor in 8.09 ms, found 11 plugins.
Preloading 1 native plugins for Editor in 0.89 ms.
Unloading 181 Unused Serialized files (Serialized files now loaded: 0)
Unloading 9126 unused Assets / (15.1 MB). Loaded Objects now: 9952.
Memory consumption went from 232.9 MB to 217.7 MB.
Total: 55.866834 ms (FindLiveObjects: 3.898334 ms CreateObjectMapping: 8.240542 ms MarkObjects: 28.993208 ms  DeleteObjects: 14.730709 ms)

Prepare: number of updated asset objects reloaded= 0
========================================================================
Received Prepare
Begin MonoManager ReloadAssembly
Thread 0x17133b000 may have been prematurely finalized
- Loaded All Assemblies, in  2.567 seconds
'Packages/com.unity.render-pipelines.high-definition/Editor/Wizard/HDWizard.UIElement.cs' contains partial class of Unity.Object, exactly 1 of the partial classes needs to be in a file with the same filename. This is to know the one that can be referenced from ie. GameObjects
'Packages/com.unity.render-pipelines.high-definition/Editor/Wizard/HDWizard.Configuration.cs' contains partial class of Unity.Object, exactly 1 of the partial classes needs to be in a file with the same filename. This is to know the one that can be referenced from ie. GameObjects
'Packages/com.unity.render-pipelines.high-definition/Editor/Wizard/HDWizard.Window.cs' contains partial class of Unity.Object, exactly 1 of the partial classes needs to be in a file with the same filename. This is to know the one that can be referenced from ie. GameObjects
Refreshing native plugins compatible for Editor in 16.81 ms, found 11 plugins.
Native extension for iOS target not found
Native extension for Android target not found
Native extension for OSXStandalone target not found
[Package Manager] Failed to launch server process. Reason: Unity was launched with the -noUpm command-line argument
[Package Manager] Unable to send message (not connected to server process).
[Package Manager] Cannot connect to Unity Package Manager local server
[MODES] ModeService[none].Initialize
[MODES] ModeService[none].LoadModes
Mono: successfully reloaded assembly
[Package Manager] Failed to launch server process. Reason: Unity was launched with the -noUpm command-line argument
[Package Manager] Unable to send message (not connected to server process).
[Package Manager] Cannot connect to Unity Package Manager local server
- Finished resetting the current domain, in  1.524 seconds
Domain Reload Profiling: 4107ms
	BeginReloadAssembly (1019ms)
		ExecutionOrderSort (0ms)
		DisableScriptedObjects (48ms)
		BackupInstance (0ms)
		ReleaseScriptingObjects (1ms)
		CreateAndSetChildDomain (310ms)
	RebuildCommonClasses (33ms)
	RebuildNativeTypeToScriptingClass (11ms)
	initialDomainReloadingComplete (26ms)
	LoadAllAssembliesAndSetupDomain (1494ms)
		LoadAssemblies (1436ms)
		RebuildTransferFunctionScriptingTraits (0ms)
		AnalyzeDomain (426ms)
			TypeCache.Refresh (38ms)
				TypeCache.ScanAssembly (0ms)
			BuildScriptInfoCaches (358ms)
			ResolveRequiredComponents (18ms)
	FinalizeReload (1525ms)
		ReleaseScriptCaches (0ms)
		RebuildScriptCaches (0ms)
		SetupLoadedEditorAssemblies (1150ms)
			LogAssemblyErrors (0ms)
			InitializePlatformSupportModulesInManaged (55ms)
			SetLoadedEditorAssemblies (9ms)
			BeforeProcessingInitializeOnLoad (211ms)
			ProcessInitializeOnLoadAttributes (455ms)
			ProcessInitializeOnLoadMethodAttributes (417ms)
			AfterProcessingInitializeOnLoad (2ms)
			EditorAssembliesLoaded (1ms)
		ExecutionOrderSort2 (0ms)
		AwakeInstancesAfterBackupRestoration (11ms)
WARNING: Shader Unsupported: 'HDRP/TerrainLit' - All subshaders removed
WARNING: Shader Did you use #pragma only_renderers and omit this platform?
WARNING: Shader If subshaders removal was intentional, you may have forgotten turning Fallback off?
WARNING: Shader Unsupported: 'HDRP/TerrainLit' - All subshaders removed
WARNING: Shader Did you use #pragma only_renderers and omit this platform?
WARNING: Shader If subshaders removal was intentional, you may have forgotten turning Fallback off?
WARNING: Shader Unsupported: 'Universal Render Pipeline/VR/SpatialMapping/Wireframe' - All subshaders removed
WARNING: Shader Did you use #pragma only_renderers and omit this platform?
WARNING: Shader If subshaders removal was intentional, you may have forgotten turning Fallback off?
WARNING: Shader Unsupported: 'Universal Render Pipeline/VR/SpatialMapping/Wireframe' - All subshaders removed
WARNING: Shader Did you use #pragma only_renderers and omit this platform?
WARNING: Shader If subshaders removal was intentional, you may have forgotten turning Fallback off?
Refreshing native plugins compatible for Editor in 4.07 ms, found 11 plugins.
Preloading 1 native plugins for Editor in 0.37 ms.
Unloading 181 Unused Serialized files (Serialized files now loaded: 0)
Unloading 9126 unused Assets / (19.0 MB). Loaded Objects now: 9955.
Memory consumption went from 230.2 MB to 211.2 MB.
Total: 84.146417 ms (FindLiveObjects: 10.573291 ms CreateObjectMapping: 0.836292 ms MarkObjects: 44.027750 ms  DeleteObjects: 28.705708 ms)

Prepare: number of updated asset objects reloaded= 0
========================================================================
Received Prepare
Begin MonoManager ReloadAssembly
Thread 0x17133b000 may have been prematurely finalized
- Loaded All Assemblies, in  3.450 seconds
'Packages/com.unity.render-pipelines.high-definition/Editor/Wizard/HDWizard.UIElement.cs' contains partial class of Unity.Object, exactly 1 of the partial classes needs to be in a file with the same filename. This is to know the one that can be referenced from ie. GameObjects
'Packages/com.unity.render-pipelines.high-definition/Editor/Wizard/HDWizard.Configuration.cs' contains partial class of Unity.Object, exactly 1 of the partial classes needs to be in a file with the same filename. This is to know the one that can be referenced from ie. GameObjects
'Packages/com.unity.render-pipelines.high-definition/Editor/Wizard/HDWizard.Window.cs' contains partial class of Unity.Object, exactly 1 of the partial classes needs to be in a file with the same filename. This is to know the one that can be referenced from ie. GameObjects
Refreshing native plugins compatible for Editor in 20.58 ms, found 11 plugins.
Native extension for iOS target not found
Native extension for Android target not found
Native extension for OSXStandalone target not found
[Package Manager] Failed to launch server process. Reason: Unity was launched with the -noUpm command-line argument
[Package Manager] Unable to send message (not connected to server process).
[Package Manager] Cannot connect to Unity Package Manager local server
[MODES] ModeService[none].Initialize
[MODES] ModeService[none].LoadModes
Mono: successfully reloaded assembly
[Package Manager] Failed to launch server process. Reason: Unity was launched with the -noUpm command-line argument
[Package Manager] Unable to send message (not connected to server process).
[Package Manager] Cannot connect to Unity Package Manager local server
- Finished resetting the current domain, in  1.597 seconds
Domain Reload Profiling: 5069ms
	BeginReloadAssembly (1489ms)
		ExecutionOrderSort (0ms)
		DisableScriptedObjects (32ms)
		BackupInstance (0ms)
		ReleaseScriptingObjects (3ms)
		CreateAndSetChildDomain (474ms)
	RebuildCommonClasses (43ms)
	RebuildNativeTypeToScriptingClass (16ms)
	initialDomainReloadingComplete (42ms)
	LoadAllAssembliesAndSetupDomain (1881ms)
		LoadAssemblies (1766ms)
		RebuildTransferFunctionScriptingTraits (0ms)
		AnalyzeDomain (731ms)
			TypeCache.Refresh (44ms)
				TypeCache.ScanAssembly (0ms)
			BuildScriptInfoCaches (657ms)
			ResolveRequiredComponents (17ms)
	FinalizeReload (1598ms)
		ReleaseScriptCaches (0ms)
		RebuildScriptCaches (0ms)
		SetupLoadedEditorAssemblies (1167ms)
			LogAssemblyErrors (0ms)
			InitializePlatformSupportModulesInManaged (384ms)
			SetLoadedEditorAssemblies (6ms)
			BeforeProcessingInitializeOnLoad (152ms)
			ProcessInitializeOnLoadAttributes (309ms)
			ProcessInitializeOnLoadMethodAttributes (307ms)
			AfterProcessingInitializeOnLoad (6ms)
			EditorAssembliesLoaded (3ms)
		ExecutionOrderSort2 (1ms)
		AwakeInstancesAfterBackupRestoration (31ms)
WARNING: Shader Unsupported: 'HDRP/TerrainLit' - All subshaders removed
WARNING: Shader Did you use #pragma only_renderers and omit this platform?
WARNING: Shader If subshaders removal was intentional, you may have forgotten turning Fallback off?
WARNING: Shader Unsupported: 'HDRP/TerrainLit' - All subshaders removed
WARNING: Shader Did you use #pragma only_renderers and omit this platform?
WARNING: Shader If subshaders removal was intentional, you may have forgotten turning Fallback off?
WARNING: Shader Unsupported: 'Universal Render Pipeline/VR/SpatialMapping/Wireframe' - All subshaders removed
WARNING: Shader Did you use #pragma only_renderers and omit this platform?
WARNING: Shader If subshaders removal was intentional, you may have forgotten turning Fallback off?
WARNING: Shader Unsupported: 'Universal Render Pipeline/VR/SpatialMapping/Wireframe' - All subshaders removed
WARNING: Shader Did you use #pragma only_renderers and omit this platform?
WARNING: Shader If subshaders removal was intentional, you may have forgotten turning Fallback off?
Refreshing native plugins compatible for Editor in 3.48 ms, found 11 plugins.
Preloading 1 native plugins for Editor in 0.79 ms.
Unloading 181 Unused Serialized files (Serialized files now loaded: 0)
Unloading 9126 unused Assets / (18.2 MB). Loaded Objects now: 9958.
Memory consumption went from 227.6 MB to 209.4 MB.
Total: 76.557041 ms (FindLiveObjects: 9.451584 ms CreateObjectMapping: 0.900167 ms MarkObjects: 45.317250 ms  DeleteObjects: 20.887041 ms)

Prepare: number of updated asset objects reloaded= 0
========================================================================
Received Prepare
Begin MonoManager ReloadAssembly
Thread 0x17133b000 may have been prematurely finalized
- Loaded All Assemblies, in  4.304 seconds
'Packages/com.unity.render-pipelines.high-definition/Editor/Wizard/HDWizard.UIElement.cs' contains partial class of Unity.Object, exactly 1 of the partial classes needs to be in a file with the same filename. This is to know the one that can be referenced from ie. GameObjects
'Packages/com.unity.render-pipelines.high-definition/Editor/Wizard/HDWizard.Configuration.cs' contains partial class of Unity.Object, exactly 1 of the partial classes needs to be in a file with the same filename. This is to know the one that can be referenced from ie. GameObjects
'Packages/com.unity.render-pipelines.high-definition/Editor/Wizard/HDWizard.Window.cs' contains partial class of Unity.Object, exactly 1 of the partial classes needs to be in a file with the same filename. This is to know the one that can be referenced from ie. GameObjects
Refreshing native plugins compatible for Editor in 7.87 ms, found 11 plugins.
Native extension for iOS target not found
Native extension for Android target not found
Native extension for OSXStandalone target not found
[Package Manager] Failed to launch server process. Reason: Unity was launched with the -noUpm command-line argument
[Package Manager] Unable to send message (not connected to server process).
[Package Manager] Cannot connect to Unity Package Manager local server
[MODES] ModeService[none].Initialize
[MODES] ModeService[none].LoadModes
Mono: successfully reloaded assembly
[Package Manager] Failed to launch server process. Reason: Unity was launched with the -noUpm command-line argument
[Package Manager] Unable to send message (not connected to server process).
[Package Manager] Cannot connect to Unity Package Manager local server
- Finished resetting the current domain, in  2.424 seconds
Domain Reload Profiling: 6869ms
	BeginReloadAssembly (1287ms)
		ExecutionOrderSort (0ms)
		DisableScriptedObjects (52ms)
		BackupInstance (0ms)
		ReleaseScriptingObjects (7ms)
		CreateAndSetChildDomain (442ms)
	RebuildCommonClasses (66ms)
	RebuildNativeTypeToScriptingClass (19ms)
	initialDomainReloadingComplete (55ms)
	LoadAllAssembliesAndSetupDomain (3018ms)
		LoadAssemblies (2523ms)
		RebuildTransferFunctionScriptingTraits (0ms)
		AnalyzeDomain (865ms)
			TypeCache.Refresh (65ms)
				TypeCache.ScanAssembly (0ms)
			BuildScriptInfoCaches (729ms)
			ResolveRequiredComponents (25ms)
	FinalizeReload (2425ms)
		ReleaseScriptCaches (0ms)
		RebuildScriptCaches (0ms)
		SetupLoadedEditorAssemblies (1735ms)
			LogAssemblyErrors (0ms)
			InitializePlatformSupportModulesInManaged (415ms)
			SetLoadedEditorAssemblies (12ms)
			BeforeProcessingInitializeOnLoad (231ms)
			ProcessInitializeOnLoadAttributes (511ms)
			ProcessInitializeOnLoadMethodAttributes (562ms)
			AfterProcessingInitializeOnLoad (1ms)
			EditorAssembliesLoaded (1ms)
		ExecutionOrderSort2 (0ms)
		AwakeInstancesAfterBackupRestoration (32ms)
WARNING: Shader Unsupported: 'HDRP/TerrainLit' - All subshaders removed
WARNING: Shader Did you use #pragma only_renderers and omit this platform?
WARNING: Shader If subshaders removal was intentional, you may have forgotten turning Fallback off?
WARNING: Shader Unsupported: 'HDRP/TerrainLit' - All subshaders removed
WARNING: Shader Did you use #pragma only_renderers and omit this platform?
WARNING: Shader If subshaders removal was intentional, you may have forgotten turning Fallback off?
WARNING: Shader Unsupported: 'Universal Render Pipeline/VR/SpatialMapping/Wireframe' - All subshaders removed
WARNING: Shader Did you use #pragma only_renderers and omit this platform?
WARNING: Shader If subshaders removal was intentional, you may have forgotten turning Fallback off?
WARNING: Shader Unsupported: 'Universal Render Pipeline/VR/SpatialMapping/Wireframe' - All subshaders removed
WARNING: Shader Did you use #pragma only_renderers and omit this platform?
WARNING: Shader If subshaders removal was intentional, you may have forgotten turning Fallback off?
Refreshing native plugins compatible for Editor in 3.95 ms, found 11 plugins.
Preloading 1 native plugins for Editor in 1.04 ms.
Unloading 181 Unused Serialized files (Serialized files now loaded: 0)
Unloading 9126 unused Assets / (19.9 MB). Loaded Objects now: 9961.
Memory consumption went from 226.4 MB to 206.5 MB.
Total: 76.458333 ms (FindLiveObjects: 10.299834 ms CreateObjectMapping: 1.700958 ms MarkObjects: 42.562958 ms  DeleteObjects: 21.893500 ms)

Prepare: number of updated asset objects reloaded= 0
========================================================================
Received Import Request.
  Time since last request: 682.518909 seconds.
  path: Assets/TerrainDemoScene_URP/Prefabs/Rocks/Textures/Cliff_Mossy_A/Cliff_Mossy_A_Height.tif
  artifactKey: Guid(3126deba499644e42aa8cfc8c52f9c86) Importer(815301076,1909f56bfc062723c751e8b465ee728b)
Start importing Assets/TerrainDemoScene_URP/Prefabs/Rocks/Textures/Cliff_Mossy_A/Cliff_Mossy_A_Height.tif using Guid(3126deba499644e42aa8cfc8c52f9c86) Importer(815301076,1909f56bfc062723c751e8b465ee728b) (PreviewImporter) -> (artifact id: '1dab1a79b98f260de068bd78cba0c307') in 1.297366416 seconds
Number of updated asset objects reloaded before import = 0Number of asset objects unloaded after import = 2

========================================================================
Received Import Request.
  Time since last request: 0.000217 seconds.
  path: Assets/TerrainDemoScene_URP/Prefabs/Water/Textures/Moss_A_BaseColor.tif
  artifactKey: Guid(59d54c2b830cb6143bcd067df1a0488a) Importer(815301076,1909f56bfc062723c751e8b465ee728b)
Start importing Assets/TerrainDemoScene_URP/Prefabs/Water/Textures/Moss_A_BaseColor.tif using Guid(59d54c2b830cb6143bcd067df1a0488a) Importer(815301076,1909f56bfc062723c751e8b465ee728b) (PreviewImporter) -> (artifact id: '524219d4cf37251eb74c0b68a410e2ef') in 0.146898334 seconds
Number of updated asset objects reloaded before import = 0Number of asset objects unloaded after import = 2

========================================================================
Received Import Request.
  Time since last request: 0.002899 seconds.
  path: Assets/TerrainDemoScene_URP/Terrain/Brushes/Heightmaps/mountain02.tif
  artifactKey: Guid(5b7433cfa322cdb4ba853ecd73127975) Importer(815301076,1909f56bfc062723c751e8b465ee728b)
Start importing Assets/TerrainDemoScene_URP/Terrain/Brushes/Heightmaps/mountain02.tif using Guid(5b7433cfa322cdb4ba853ecd73127975) Importer(815301076,1909f56bfc062723c751e8b465ee728b) (PreviewImporter) -> (artifact id: 'd741553a390042a32efee5906379ab41') in 0.017710375 seconds
Number of updated asset objects reloaded before import = 0Number of asset objects unloaded after import = 2

========================================================================
Received Import Request.
  Time since last request: 0.000065 seconds.
  path: Assets/TerrainDemoScene_URP/TextMeshPro/Shaders/TextMeshPro/TMPro_Mobile.cginc
  artifactKey: Guid(c334973cef89a9840b0b0c507e0377ab) Importer(815301076,1909f56bfc062723c751e8b465ee728b)
Start importing Assets/TerrainDemoScene_URP/TextMeshPro/Shaders/TextMeshPro/TMPro_Mobile.cginc using Guid(c334973cef89a9840b0b0c507e0377ab) Importer(815301076,1909f56bfc062723c751e8b465ee728b) (PreviewImporter) -> (artifact id: '63e5dd0456b4d53e9a1f2a6a8e631100') in 0.009517042 seconds
Number of updated asset objects reloaded before import = 0Number of asset objects unloaded after import = 1

========================================================================
Received Import Request.
  Time since last request: 0.000065 seconds.
  path: Assets/TerrainDemoScene_URP/Terrain/Brushes/Terrainstamp_Mountain01_Brush.brush
  artifactKey: Guid(87bcc148df475664181f323cf3b45e93) Importer(815301076,1909f56bfc062723c751e8b465ee728b)
Start importing Assets/TerrainDemoScene_URP/Terrain/Brushes/Terrainstamp_Mountain01_Brush.brush using Guid(87bcc148df475664181f323cf3b45e93) Importer(815301076,1909f56bfc062723c751e8b465ee728b) (PreviewImporter) -> (artifact id: 'fbede02d03fcd0f8e8fb6d470ab7b70a') in 1.683783375 seconds
Number of updated asset objects reloaded before import = 0Number of asset objects unloaded after import = 2

========================================================================
Received Import Request.
  Time since last request: 0.004581 seconds.
  path: Assets/TerrainDemoScene_URP/Terrain/Brushes/Heightmaps/_New/mountain11.tiff
  artifactKey: Guid(70e652ab807bd5c4ca36dc57a1ed6339) Importer(815301076,1909f56bfc062723c751e8b465ee728b)
Start importing Assets/TerrainDemoScene_URP/Terrain/Brushes/Heightmaps/_New/mountain11.tiff using Guid(70e652ab807bd5c4ca36dc57a1ed6339) Importer(815301076,1909f56bfc062723c751e8b465ee728b) (PreviewImporter) -> (artifact id: '80635b51ca975fbed11d65276f6fccd3') in 0.186481958 seconds
Number of updated asset objects reloaded before import = 0Number of asset objects unloaded after import = 2

========================================================================
Received Import Request.
  Time since last request: 0.004764 seconds.
  path: Assets/TerrainDemoScene_URP/Terrain/Textures/Cliff_Mossy_E/Cliff_Mossy_E_MaskMap.tif
  artifactKey: Guid(277e3d1ae6cb56146a8f11b748631101) Importer(815301076,1909f56bfc062723c751e8b465ee728b)
Start importing Assets/TerrainDemoScene_URP/Terrain/Textures/Cliff_Mossy_E/Cliff_Mossy_E_MaskMap.tif using Guid(277e3d1ae6cb56146a8f11b748631101) Importer(815301076,1909f56bfc062723c751e8b465ee728b) (PreviewImporter) -> (artifact id: 'b937f3ecaba07fb628d19390ed29beb9') in 0.039629333 seconds
Number of updated asset objects reloaded before import = 0Number of asset objects unloaded after import = 2

========================================================================
Received Import Request.
  Time since last request: 0.000049 seconds.
  path: Assets/TerrainDemoScene_URP/Prefabs/Rocks/Textures/Cliff_Mossy_A/Cliff_Mossy_A_Normal.tif
  artifactKey: Guid(132963cfd531c2e42af8a2286594f0b8) Importer(815301076,1909f56bfc062723c751e8b465ee728b)
Start importing Assets/TerrainDemoScene_URP/Prefabs/Rocks/Textures/Cliff_Mossy_A/Cliff_Mossy_A_Normal.tif using Guid(132963cfd531c2e42af8a2286594f0b8) Importer(815301076,1909f56bfc062723c751e8b465ee728b) (PreviewImporter) -> (artifact id: '393538fdb6aeae7ad690183734ba9f77') in 0.536168208 seconds
Number of updated asset objects reloaded before import = 0Number of asset objects unloaded after import = 2

========================================================================
Received Import Request.
  Time since last request: 0.000130 seconds.
  path: Assets/TerrainDemoScene_URP/Prefabs/Skybox/SkyboxMountains.prefab
  artifactKey: Guid(bafa13e7f7584804785c3f212ae0bf27) Importer(815301076,1909f56bfc062723c751e8b465ee728b)
Start importing Assets/TerrainDemoScene_URP/Prefabs/Skybox/SkyboxMountains.prefab using Guid(bafa13e7f7584804785c3f212ae0bf27) Importer(815301076,1909f56bfc062723c751e8b465ee728b) (PreviewImporter) -> (artifact id: '657394f4aee2f0d63cee905beeefcc20') in 24.614373834 seconds
Number of updated asset objects reloaded before import = 0Number of asset objects unloaded after import = 427

========================================================================
Received Import Request.
  Time since last request: 0.001640 seconds.
  path: Assets/TerrainDemoScene_URP/Terrain/Brushes/Terrainstamp_Mountain07_Brush.brush
  artifactKey: Guid(6f360df90c5a57042ba4b09cb3249ffc) Importer(815301076,1909f56bfc062723c751e8b465ee728b)
Start importing Assets/TerrainDemoScene_URP/Terrain/Brushes/Terrainstamp_Mountain07_Brush.brush using Guid(6f360df90c5a57042ba4b09cb3249ffc) Importer(815301076,1909f56bfc062723c751e8b465ee728b) (PreviewImporter) -> (artifact id: 'a5253fab1f44831bdf82e949a7357113') in 0.224196625 seconds
Number of updated asset objects reloaded before import = 0Number of asset objects unloaded after import = 2

========================================================================
Received Import Request.
  Time since last request: 0.000386 seconds.
  path: Assets/TerrainDemoScene_URP/Terrain/Layers/Grass_Moss_A.terrainlayer
  artifactKey: Guid(c92d180648e3c4149b7f024457016b52) Importer(815301076,1909f56bfc062723c751e8b465ee728b)
Start importing Assets/TerrainDemoScene_URP/Terrain/Layers/Grass_Moss_A.terrainlayer using Guid(c92d180648e3c4149b7f024457016b52) Importer(815301076,1909f56bfc062723c751e8b465ee728b) (PreviewImporter) -> (artifact id: '14acb7687f1515e70eff078ae2c20ef9') in 0.20568075 seconds
Number of updated asset objects reloaded before import = 0Number of asset objects unloaded after import = 5

========================================================================
Received Import Request.
  Time since last request: 0.000286 seconds.
  path: Assets/TerrainDemoScene_URP/Terrain/Brushes/Terrainstamp_Mountain11_Brush.brush
  artifactKey: Guid(3a23908d07382b448b4dbd8adef2c4a0) Importer(815301076,1909f56bfc062723c751e8b465ee728b)
Start importing Assets/TerrainDemoScene_URP/Terrain/Brushes/Terrainstamp_Mountain11_Brush.brush using Guid(3a23908d07382b448b4dbd8adef2c4a0) Importer(815301076,1909f56bfc062723c751e8b465ee728b) (PreviewImporter) -> (artifact id: '347f4e762d65326c7e904f83332b6f4b') in 0.067501875 seconds
Number of updated asset objects reloaded before import = 0Number of asset objects unloaded after import = 2

========================================================================
Received Import Request.
  Time since last request: 0.000293 seconds.
  path: Assets/TerrainDemoScene_URP/Terrain/Textures/Cliff_Mossy_E/Cliff_Mossy_E_BaseColor.tif
  artifactKey: Guid(13ec2ae26109ecb4f91cd9bec9ffa408) Importer(815301076,1909f56bfc062723c751e8b465ee728b)
Start importing Assets/TerrainDemoScene_URP/Terrain/Textures/Cliff_Mossy_E/Cliff_Mossy_E_BaseColor.tif using Guid(13ec2ae26109ecb4f91cd9bec9ffa408) Importer(815301076,1909f56bfc062723c751e8b465ee728b) (PreviewImporter) -> (artifact id: '161d943404c01d1d906d820318ef7429') in 0.064914709 seconds
Number of updated asset objects reloaded before import = 0Number of asset objects unloaded after import = 2

========================================================================
Received Import Request.
  Time since last request: 0.000157 seconds.
  path: Assets/TerrainDemoScene_URP/Prefabs/Water/Textures/Moss_B_Normal.tif
  artifactKey: Guid(29988b36784a2f840a5ce2f8704e5c98) Importer(815301076,1909f56bfc062723c751e8b465ee728b)
Start importing Assets/TerrainDemoScene_URP/Prefabs/Water/Textures/Moss_B_Normal.tif using Guid(29988b36784a2f840a5ce2f8704e5c98) Importer(815301076,1909f56bfc062723c751e8b465ee728b) (PreviewImporter) -> (artifact id: 'c976ede1b090d3afb2b342cd06e079f3') in 0.033594833 seconds
Number of updated asset objects reloaded before import = 0Number of asset objects unloaded after import = 2

========================================================================
Received Import Request.
  Time since last request: 0.000127 seconds.
  path: Assets/TerrainDemoScene_URP/Terrain/Brushes/Heightmaps/flat_mountain01.tif
  artifactKey: Guid(d2a704d1b2d8ad948aab36a028a684b5) Importer(815301076,1909f56bfc062723c751e8b465ee728b)
Start importing Assets/TerrainDemoScene_URP/Terrain/Brushes/Heightmaps/flat_mountain01.tif using Guid(d2a704d1b2d8ad948aab36a028a684b5) Importer(815301076,1909f56bfc062723c751e8b465ee728b) (PreviewImporter) -> (artifact id: '97d0e1c9fe5453c5675f1984e54f5324') in 0.0613715 seconds
Number of updated asset objects reloaded before import = 0Number of asset objects unloaded after import = 2

========================================================================
Received Import Request.
  Time since last request: 0.001204 seconds.
  path: Assets/TerrainDemoScene_URP/Terrain/Brushes/Heightmaps/_New/mountain09.tiff
  artifactKey: Guid(c1873143642071347b9e3544696e5d6f) Importer(815301076,1909f56bfc062723c751e8b465ee728b)
Start importing Assets/TerrainDemoScene_URP/Terrain/Brushes/Heightmaps/_New/mountain09.tiff using Guid(c1873143642071347b9e3544696e5d6f) Importer(815301076,1909f56bfc062723c751e8b465ee728b) (PreviewImporter) -> (artifact id: '28c6b2449858a68b684ab6f2956b84fc') in 0.019781042 seconds
Number of updated asset objects reloaded before import = 0Number of asset objects unloaded after import = 2

========================================================================
Received Import Request.
  Time since last request: 0.001502 seconds.
  path: Assets/TerrainDemoScene_URP/VFXGraphs/Textures/WispySmoke03_8x8.tga
  artifactKey: Guid(7076e9e9b57e77d47a88c9fd8b0dfe1b) Importer(815301076,1909f56bfc062723c751e8b465ee728b)
Start importing Assets/TerrainDemoScene_URP/VFXGraphs/Textures/WispySmoke03_8x8.tga using Guid(7076e9e9b57e77d47a88c9fd8b0dfe1b) Importer(815301076,1909f56bfc062723c751e8b465ee728b) (PreviewImporter) -> (artifact id: '73d404080fd36ab59352799a744750db') in 0.033409166 seconds
Number of updated asset objects reloaded before import = 0Number of asset objects unloaded after import = 2

========================================================================
Received Import Request.
  Time since last request: 0.000085 seconds.
  path: Assets/TerrainDemoScene_URP/Terrain/Brushes/Heightmaps/mountain06.tif
  artifactKey: Guid(b44a453c2397af74cb81885989043518) Importer(815301076,1909f56bfc062723c751e8b465ee728b)
Start importing Assets/TerrainDemoScene_URP/Terrain/Brushes/Heightmaps/mountain06.tif using Guid(b44a453c2397af74cb81885989043518) Importer(815301076,1909f56bfc062723c751e8b465ee728b) (PreviewImporter) -> (artifact id: '0cfe0c910b034445ef34277f993a82d6') in 0.018554167 seconds
Number of updated asset objects reloaded before import = 0Number of asset objects unloaded after import = 2

========================================================================
Received Import Request.
  Time since last request: 0.006847 seconds.
  path: Assets/TerrainDemoScene_URP/Prefabs/Skybox/Models/SkyboxMountains06.fbx
  artifactKey: Guid(e089523ca55650645b4d4e8f5602bb78) Importer(815301076,1909f56bfc062723c751e8b465ee728b)
Start importing Assets/TerrainDemoScene_URP/Prefabs/Skybox/Models/SkyboxMountains06.fbx using Guid(e089523ca55650645b4d4e8f5602bb78) Importer(815301076,1909f56bfc062723c751e8b465ee728b) (PreviewImporter) -> (artifact id: 'b9cb2d03331c4c559d7a25a8f8f47413') in 0.243965792 seconds
Number of updated asset objects reloaded before import = 0Number of asset objects unloaded after import = 10

========================================================================
Received Import Request.
  Time since last request: 0.000230 seconds.
  path: Assets/XR/Settings/MockHMDBuildSettings.asset
  artifactKey: Guid(008bd7608e131d546a40882da3fe681e) Importer(815301076,1909f56bfc062723c751e8b465ee728b)
Start importing Assets/XR/Settings/MockHMDBuildSettings.asset using Guid(008bd7608e131d546a40882da3fe681e) Importer(815301076,1909f56bfc062723c751e8b465ee728b) (PreviewImporter) -> (artifact id: '0363ea28ec9a7842593e5b60b231e4af') in 0.011366125 seconds
Number of updated asset objects reloaded before import = 0Number of asset objects unloaded after import = 1

========================================================================
Received Import Request.
  Time since last request: 0.000122 seconds.
  path: Assets/TerrainDemoScene_URP/Terrain/Brushes/Heightmaps/mountain01.tif
  artifactKey: Guid(6cfb129191988d84eafe31848415a233) Importer(815301076,1909f56bfc062723c751e8b465ee728b)
Start importing Assets/TerrainDemoScene_URP/Terrain/Brushes/Heightmaps/mountain01.tif using Guid(6cfb129191988d84eafe31848415a233) Importer(815301076,1909f56bfc062723c751e8b465ee728b) (PreviewImporter) -> (artifact id: 'f3826402791f1083dbbfe2edb613790d') in 0.058317708 seconds
Number of updated asset objects reloaded before import = 0Number of asset objects unloaded after import = 2

Editor requested this worker to shutdown with reason: Scaling down because of idle timeout
AssetImportWorkerClient::OnTransportError - code=2 error=End of file
AssetImportWorker is now disconnected from the server
Process exiting
