Unity Editor version:    6000.0.59f2 (ef281c76c3c1)
Branch:                  6000.0/respin/6000.0.59f1-063c55f2fd0f
Build type:              Release
Batch mode:              YES
macOS version:           Version 26.0.1 (Build 25A362)
Darwin version:          25.0.0
Architecture:            arm64
Running under Rosetta:   NO
Available memory:        8192 MB
Using pre-set license

COMMAND LINE ARGUMENTS:
/Applications/Unity/Hub/Editor/6000.0.59f2/Unity.app/Contents/MacOS/Unity
-adb2
-batchMode
-noUpm
-name
AssetImportWorker20
-projectPath
/Users/mariusss/Coding/IMR_RAFTING_2025/RaftingProject
-logFile
Logs/AssetImportWorker20.log
-srvPort
59329
-job-worker-count
3
-background-job-worker-count
8
-gc-helper-count
1
-name AssetImport
Successfully changed project path to: /Users/mariusss/Coding/IMR_RAFTING_2025/RaftingProject
/Users/mariusss/Coding/IMR_RAFTING_2025/RaftingProject
[UnityMemory] Configuration Parameters - Can be set up in boot.config
    "memorysetup-bucket-allocator-granularity=16"
    "memorysetup-bucket-allocator-bucket-count=8"
    "memorysetup-bucket-allocator-block-size=33554432"
    "memorysetup-bucket-allocator-block-count=8"
    "memorysetup-main-allocator-block-size=16777216"
    "memorysetup-thread-allocator-block-size=16777216"
    "memorysetup-gfx-main-allocator-block-size=16777216"
    "memorysetup-gfx-thread-allocator-block-size=16777216"
    "memorysetup-cache-allocator-block-size=4194304"
    "memorysetup-typetree-allocator-block-size=2097152"
    "memorysetup-profiler-bucket-allocator-granularity=16"
    "memorysetup-profiler-bucket-allocator-bucket-count=8"
    "memorysetup-profiler-bucket-allocator-block-size=33554432"
    "memorysetup-profiler-bucket-allocator-block-count=8"
    "memorysetup-profiler-allocator-block-size=16777216"
    "memorysetup-profiler-editor-allocator-block-size=1048576"
    "memorysetup-temp-allocator-size-main=16777216"
    "memorysetup-job-temp-allocator-block-size=2097152"
    "memorysetup-job-temp-allocator-block-size-background=1048576"
    "memorysetup-job-temp-allocator-reduction-small-platforms=262144"
    "memorysetup-allocator-temp-initial-block-size-main=262144"
    "memorysetup-allocator-temp-initial-block-size-worker=262144"
    "memorysetup-temp-allocator-size-background-worker=32768"
    "memorysetup-temp-allocator-size-job-worker=262144"
    "memorysetup-temp-allocator-size-preload-manager=33554432"
    "memorysetup-temp-allocator-size-nav-mesh-worker=65536"
    "memorysetup-temp-allocator-size-audio-worker=65536"
    "memorysetup-temp-allocator-size-cloud-worker=32768"
    "memorysetup-temp-allocator-size-gi-baking-worker=262144"
    "memorysetup-temp-allocator-size-gi-baking-worker=262144"
    "memorysetup-temp-allocator-size-gi-baking-worker=262144"
    "memorysetup-temp-allocator-size-gi-baking-worker=262144"
    "memorysetup-temp-allocator-size-gi-baking-worker=262144"
    "memorysetup-temp-allocator-size-gfx=262144"
Player connection [8668137472]  Target information:

Player connection [8668137472]  * "[IP] 192.168.0.133 [Port] 0 [Flags] 2 [Guid] 1337053491 [EditorId] 1337053491 [Version] 1048832 [Id] OSXEditor(0,Mariuss-MARVELOUS-MacBook-Pro.local) [Debug] 1 [PackageName] OSXEditor [ProjectName] Editor" 

Player connection [8668137472]  * "[IP] 10.211.55.2 [Port] 0 [Flags] 2 [Guid] 1337053491 [EditorId] 1337053491 [Version] 1048832 [Id] OSXEditor(0,Mariuss-MARVELOUS-MacBook-Pro.local) [Debug] 1 [PackageName] OSXEditor [ProjectName] Editor" 

Player connection [8668137472]  * "[IP] 10.37.129.2 [Port] 0 [Flags] 2 [Guid] 1337053491 [EditorId] 1337053491 [Version] 1048832 [Id] OSXEditor(0,Mariuss-MARVELOUS-MacBook-Pro.local) [Debug] 1 [PackageName] OSXEditor [ProjectName] Editor" 

Player connection [8668137472] Host joined multi-casting on [225.0.0.222:54997]...
Player connection [8668137472] Host joined alternative multi-casting on [225.0.0.222:34997]...
JobSystem: Creating JobQueue using job-worker-count value 3
Input System module state changed to: Initialized.
[Physics::Module] Initialized fallback backend.
[Physics::Module] Id: 0xdecafbad
Library Redirect Path: Library/
[Physics::Module] Selected backend.
[Physics::Module] Name: PhysX
[Physics::Module] Id: 0xf2b8ea05
[Physics::Module] SDK Version: 4.1.2
[Physics::Module] Integration Version: 1.0.0
[Physics::Module] Threading Mode: Multi-Threaded
Refreshing native plugins compatible for Editor in 28.56 ms, found 11 plugins.
Preloading 1 native plugins for Editor in 9.13 ms.
Initialize engine version: 6000.0.59f2 (ef281c76c3c1)
[Subsystems] Discovering subsystems at path /Applications/Unity/Hub/Editor/6000.0.59f2/Unity.app/Contents/Resources/UnitySubsystems
[Subsystems] Discovering subsystems at path /Users/mariusss/Coding/IMR_RAFTING_2025/RaftingProject/Assets
GfxDevice: creating device client; kGfxThreadingModeNonThreaded
 preferred device: Apple M1 (high power)
Metal devices available: 1
0: Apple M1 (high power)
Using device Apple M1 (high power)
Initializing Metal device caps: Apple M1
Initialize mono
Mono path[0] = '/Applications/Unity/Hub/Editor/6000.0.59f2/Unity.app/Contents/Managed'
Mono path[1] = '/Applications/Unity/Hub/Editor/6000.0.59f2/Unity.app/Contents/MonoBleedingEdge/lib/mono/unityjit-macos'
Mono config path = '/Applications/Unity/Hub/Editor/6000.0.59f2/Unity.app/Contents/MonoBleedingEdge/etc'
Using monoOptions --debugger-agent=transport=dt_socket,embedding=1,server=y,suspend=n,address=127.0.0.1:56884
Begin MonoManager ReloadAssembly
Registering precompiled unity dll's ...
Register platform support module: /Applications/Unity/Hub/Editor/6000.0.59f2/Unity.app/Contents/PlaybackEngines/MacStandaloneSupport/UnityEditor.OSXStandalone.Extensions.dll
Register platform support module: /Applications/Unity/Hub/Editor/6000.0.59f2/PlaybackEngines/AndroidPlayer/UnityEditor.Android.Extensions.dll
Register platform support module: /Applications/Unity/Hub/Editor/6000.0.59f2/PlaybackEngines/iOSSupport/UnityEditor.iOS.Extensions.dll
Registered in 0.008294 seconds.
- Loaded All Assemblies, in  0.637 seconds
[usbmuxd] Start listen thread
[usbmuxd] Listen thread started
[usbmuxd] Send listen message
Native extension for iOS target not found
Native extension for Android target not found
Android Extension - Scanning For ADB Devices 402 ms
Native extension for OSXStandalone target not found
Mono: successfully reloaded assembly
- Finished resetting the current domain, in  1.232 seconds
Domain Reload Profiling: 1871ms
	BeginReloadAssembly (244ms)
		ExecutionOrderSort (0ms)
		DisableScriptedObjects (0ms)
		BackupInstance (0ms)
		ReleaseScriptingObjects (0ms)
		CreateAndSetChildDomain (1ms)
	RebuildCommonClasses (67ms)
	RebuildNativeTypeToScriptingClass (22ms)
	initialDomainReloadingComplete (62ms)
	LoadAllAssembliesAndSetupDomain (242ms)
		LoadAssemblies (247ms)
		RebuildTransferFunctionScriptingTraits (0ms)
		AnalyzeDomain (233ms)
			TypeCache.Refresh (231ms)
				TypeCache.ScanAssembly (193ms)
			BuildScriptInfoCaches (0ms)
			ResolveRequiredComponents (0ms)
	FinalizeReload (1233ms)
		ReleaseScriptCaches (0ms)
		RebuildScriptCaches (0ms)
		SetupLoadedEditorAssemblies (1158ms)
			LogAssemblyErrors (0ms)
			InitializePlatformSupportModulesInManaged (837ms)
			SetLoadedEditorAssemblies (6ms)
			BeforeProcessingInitializeOnLoad (87ms)
			ProcessInitializeOnLoadAttributes (132ms)
			ProcessInitializeOnLoadMethodAttributes (94ms)
			AfterProcessingInitializeOnLoad (0ms)
			EditorAssembliesLoaded (0ms)
		ExecutionOrderSort2 (0ms)
		AwakeInstancesAfterBackupRestoration (0ms)
========================================================================
Worker process is ready to serve import requests
Import Worker Mode flag is 0x00
Begin MonoManager ReloadAssembly
- Loaded All Assemblies, in  1.535 seconds
'Packages/com.unity.render-pipelines.high-definition/Editor/Wizard/HDWizard.UIElement.cs' contains partial class of Unity.Object, exactly 1 of the partial classes needs to be in a file with the same filename. This is to know the one that can be referenced from ie. GameObjects
'Packages/com.unity.render-pipelines.high-definition/Editor/Wizard/HDWizard.Configuration.cs' contains partial class of Unity.Object, exactly 1 of the partial classes needs to be in a file with the same filename. This is to know the one that can be referenced from ie. GameObjects
'Packages/com.unity.render-pipelines.high-definition/Editor/Wizard/HDWizard.Window.cs' contains partial class of Unity.Object, exactly 1 of the partial classes needs to be in a file with the same filename. This is to know the one that can be referenced from ie. GameObjects
Refreshing native plugins compatible for Editor in 15.71 ms, found 11 plugins.
Native extension for iOS target not found
Native extension for Android target not found
Native extension for OSXStandalone target not found
Package Manager log level set to [2]
[Package Manager] Failed to launch server process. Reason: Unity was launched with the -noUpm command-line argument
[Package Manager] Unable to send message (not connected to server process).
[Package Manager] Cannot connect to Unity Package Manager local server
[MODES] ModeService[none].Initialize
[MODES] ModeService[none].LoadModes
[MODES] Loading mode Default (0) for mode-current-id-RaftingProject
Mono: successfully reloaded assembly
[Package Manager] Failed to launch server process. Reason: Unity was launched with the -noUpm command-line argument
[Package Manager] Unable to send message (not connected to server process).
[Package Manager] Cannot connect to Unity Package Manager local server
[Package Manager] Failed to launch server process. Reason: Unity was launched with the -noUpm command-line argument
[Package Manager] Unable to send message (not connected to server process).
[Package Manager] Cannot connect to Unity Package Manager local server
- Finished resetting the current domain, in  1.397 seconds
Domain Reload Profiling: 2932ms
	BeginReloadAssembly (192ms)
		ExecutionOrderSort (0ms)
		DisableScriptedObjects (10ms)
		BackupInstance (0ms)
		ReleaseScriptingObjects (0ms)
		CreateAndSetChildDomain (55ms)
	RebuildCommonClasses (39ms)
	RebuildNativeTypeToScriptingClass (11ms)
	initialDomainReloadingComplete (38ms)
	LoadAllAssembliesAndSetupDomain (1254ms)
		LoadAssemblies (618ms)
		RebuildTransferFunctionScriptingTraits (0ms)
		AnalyzeDomain (708ms)
			TypeCache.Refresh (411ms)
				TypeCache.ScanAssembly (355ms)
			BuildScriptInfoCaches (227ms)
			ResolveRequiredComponents (34ms)
	FinalizeReload (1398ms)
		ReleaseScriptCaches (0ms)
		RebuildScriptCaches (0ms)
		SetupLoadedEditorAssemblies (1024ms)
			LogAssemblyErrors (0ms)
			InitializePlatformSupportModulesInManaged (37ms)
			SetLoadedEditorAssemblies (8ms)
			BeforeProcessingInitializeOnLoad (200ms)
			ProcessInitializeOnLoadAttributes (470ms)
			ProcessInitializeOnLoadMethodAttributes (309ms)
			AfterProcessingInitializeOnLoad (1ms)
			EditorAssembliesLoaded (0ms)
		ExecutionOrderSort2 (0ms)
		AwakeInstancesAfterBackupRestoration (3ms)
WARNING: Shader Unsupported: 'HDRP/TerrainLit' - All subshaders removed
WARNING: Shader Did you use #pragma only_renderers and omit this platform?
WARNING: Shader If subshaders removal was intentional, you may have forgotten turning Fallback off?
WARNING: Shader Unsupported: 'HDRP/TerrainLit' - All subshaders removed
WARNING: Shader Did you use #pragma only_renderers and omit this platform?
WARNING: Shader If subshaders removal was intentional, you may have forgotten turning Fallback off?
WARNING: Shader Unsupported: 'Universal Render Pipeline/VR/SpatialMapping/Wireframe' - All subshaders removed
WARNING: Shader Did you use #pragma only_renderers and omit this platform?
WARNING: Shader If subshaders removal was intentional, you may have forgotten turning Fallback off?
WARNING: Shader Unsupported: 'Universal Render Pipeline/VR/SpatialMapping/Wireframe' - All subshaders removed
WARNING: Shader Did you use #pragma only_renderers and omit this platform?
WARNING: Shader If subshaders removal was intentional, you may have forgotten turning Fallback off?
Launching external process: /Applications/Unity/Hub/Editor/6000.0.59f2/Unity.app/Contents/Tools/UnityShaderCompiler
Launched and connected shader compiler UnityShaderCompiler after 0.10 seconds
Refreshing native plugins compatible for Editor in 17.31 ms, found 11 plugins.
Preloading 1 native plugins for Editor in 1.38 ms.
Unloading 172 Unused Serialized files (Serialized files now loaded: 0)
Unloading 9117 unused Assets / (12.9 MB). Loaded Objects now: 9835.
Memory consumption went from 203.2 MB to 190.3 MB.
Total: 99.003500 ms (FindLiveObjects: 10.672792 ms CreateObjectMapping: 1.656375 ms MarkObjects: 54.615834 ms  DeleteObjects: 32.056416 ms)

========================================================================
Received Import Request.
  Time since last request: 465454.762288 seconds.
  path: Assets/TerrainDemoScene_URP/Prefabs/Details/Grass_A.prefab
  artifactKey: Guid(4e6885e0d11bd224fa27617a4657c329) Importer(815301076,1909f56bfc062723c751e8b465ee728b)
Start importing Assets/TerrainDemoScene_URP/Prefabs/Details/Grass_A.prefab using Guid(4e6885e0d11bd224fa27617a4657c329) Importer(815301076,1909f56bfc062723c751e8b465ee728b) (PreviewImporter) -> (artifact id: 'ef62b14e9dabeedfa7b8195295601d81') in 14.988718 seconds
Number of updated asset objects reloaded before import = 0Number of asset objects unloaded after import = 355

========================================================================
Received Import Request.
  Time since last request: 0.002573 seconds.
  path: Assets/TerrainDemoScene_URP/Prefabs/Lighting/ExtentsLightProbes.prefab
  artifactKey: Guid(67143f4ca4712b74d976245b72441097) Importer(815301076,1909f56bfc062723c751e8b465ee728b)
Start importing Assets/TerrainDemoScene_URP/Prefabs/Lighting/ExtentsLightProbes.prefab using Guid(67143f4ca4712b74d976245b72441097) Importer(815301076,1909f56bfc062723c751e8b465ee728b) (PreviewImporter) -> (artifact id: '876fa4b90c6d6aabccccec6910abe743') in 0.01294125 seconds
Number of updated asset objects reloaded before import = 0Number of asset objects unloaded after import = 5

========================================================================
Received Import Request.
  Time since last request: 0.000092 seconds.
  path: Assets/TerrainDemoScene_URP/Prefabs/Lighting/MainLightProbes.prefab
  artifactKey: Guid(f4e4d8517c45a1a4390ceaa4221bd34e) Importer(815301076,1909f56bfc062723c751e8b465ee728b)
Start importing Assets/TerrainDemoScene_URP/Prefabs/Lighting/MainLightProbes.prefab using Guid(f4e4d8517c45a1a4390ceaa4221bd34e) Importer(815301076,1909f56bfc062723c751e8b465ee728b) (PreviewImporter) -> (artifact id: '50f649d5517db820486185bcfca5f0f4') in 0.005124125 seconds
Number of updated asset objects reloaded before import = 0Number of asset objects unloaded after import = 5

========================================================================
Received Import Request.
  Time since last request: 0.000078 seconds.
  path: Assets/TerrainDemoScene_URP/Prefabs/Rocks/Rock_A_02.prefab
  artifactKey: Guid(d300c554f4589a640a733a84d30422d4) Importer(815301076,1909f56bfc062723c751e8b465ee728b)
Start importing Assets/TerrainDemoScene_URP/Prefabs/Rocks/Rock_A_02.prefab using Guid(d300c554f4589a640a733a84d30422d4) Importer(815301076,1909f56bfc062723c751e8b465ee728b) (PreviewImporter) -> (artifact id: '365f75b6eca9453c180694132451b2e2') in 11.586241625 seconds
Number of updated asset objects reloaded before import = 0Number of asset objects unloaded after import = 53

========================================================================
Received Import Request.
  Time since last request: 0.000899 seconds.
  path: Assets/TerrainDemoScene_URP/Prefabs/Shots/TreePanningShot.prefab
  artifactKey: Guid(bbdac3f1c1cbe8c42a6770126147d794) Importer(815301076,1909f56bfc062723c751e8b465ee728b)
Start importing Assets/TerrainDemoScene_URP/Prefabs/Shots/TreePanningShot.prefab using Guid(bbdac3f1c1cbe8c42a6770126147d794) Importer(815301076,1909f56bfc062723c751e8b465ee728b) (PreviewImporter) -> (artifact id: '0800c39178894b6dd8ed4687a34f6e6d') in 0.031351041 seconds
Number of updated asset objects reloaded before import = 0Number of asset objects unloaded after import = 27

========================================================================
Received Import Request.
  Time since last request: 0.000081 seconds.
  path: Assets/TerrainDemoScene_URP/Prefabs/Lighting/GulleyReflectionProbes.prefab
  artifactKey: Guid(c7439120b060b624592b9301b7050780) Importer(815301076,1909f56bfc062723c751e8b465ee728b)
Start importing Assets/TerrainDemoScene_URP/Prefabs/Lighting/GulleyReflectionProbes.prefab using Guid(c7439120b060b624592b9301b7050780) Importer(815301076,1909f56bfc062723c751e8b465ee728b) (PreviewImporter) -> (artifact id: '8badadd89de322d3d78d939ea9ae6dc6') in 0.014651083 seconds
Number of updated asset objects reloaded before import = 0Number of asset objects unloaded after import = 10

========================================================================
Received Import Request.
  Time since last request: 0.000185 seconds.
  path: Assets/TerrainDemoScene_URP/Prefabs/Details/GrassDry_C.prefab
  artifactKey: Guid(3d4dd2affe15db043a6502ae256cd0d4) Importer(815301076,1909f56bfc062723c751e8b465ee728b)
Start importing Assets/TerrainDemoScene_URP/Prefabs/Details/GrassDry_C.prefab using Guid(3d4dd2affe15db043a6502ae256cd0d4) Importer(815301076,1909f56bfc062723c751e8b465ee728b) (PreviewImporter) -> (artifact id: 'e5ac8e8678ce4c8965dbccbc585a82ad') in 0.114218708 seconds
Number of updated asset objects reloaded before import = 0Number of asset objects unloaded after import = 25

========================================================================
Received Import Request.
  Time since last request: 0.000173 seconds.
  path: Assets/TerrainDemoScene_URP/Prefabs/Details/Fern_A.prefab
  artifactKey: Guid(6629880e46886724fa0107d3035304e6) Importer(815301076,1909f56bfc062723c751e8b465ee728b)
Start importing Assets/TerrainDemoScene_URP/Prefabs/Details/Fern_A.prefab using Guid(6629880e46886724fa0107d3035304e6) Importer(815301076,1909f56bfc062723c751e8b465ee728b) (PreviewImporter) -> (artifact id: '00d7167a42540408e7a39c1f70939fb1') in 0.052301 seconds
Number of updated asset objects reloaded before import = 0Number of asset objects unloaded after import = 25

========================================================================
Received Import Request.
  Time since last request: 0.000142 seconds.
  path: Assets/TerrainDemoScene_URP/Prefabs/Trees/Pines/Pine_D/Pine_D.st
  artifactKey: Guid(e17a253999e7e294981e5ed8ce32646f) Importer(815301076,1909f56bfc062723c751e8b465ee728b)
Start importing Assets/TerrainDemoScene_URP/Prefabs/Trees/Pines/Pine_D/Pine_D.st using Guid(e17a253999e7e294981e5ed8ce32646f) Importer(815301076,1909f56bfc062723c751e8b465ee728b) (PreviewImporter) -> (artifact id: '06f9fd779732eb39a0357583f4291805') in 36.03323375 seconds
Number of updated asset objects reloaded before import = 0Number of asset objects unloaded after import = 65

========================================================================
Received Import Request.
  Time since last request: 0.000234 seconds.
  path: Assets/TerrainDemoScene_URP/Prefabs/Rocks/Models/Rock_Overgrown_A.FBX
  artifactKey: Guid(249458d5129350f42a5146a75f8b4710) Importer(815301076,1909f56bfc062723c751e8b465ee728b)
Start importing Assets/TerrainDemoScene_URP/Prefabs/Rocks/Models/Rock_Overgrown_A.FBX using Guid(249458d5129350f42a5146a75f8b4710) Importer(815301076,1909f56bfc062723c751e8b465ee728b) (PreviewImporter) -> (artifact id: '00b610a5480803116cf3dcfcad95a6da') in 0.297243875 seconds
Number of updated asset objects reloaded before import = 0Number of asset objects unloaded after import = 21

========================================================================
Received Import Request.
  Time since last request: 0.000144 seconds.
  path: Assets/TerrainDemoScene_URP/Prefabs/Trees/Conifer/Conifer.st
  artifactKey: Guid(c7068782d88ce434ba35d8cf4f84f657) Importer(815301076,1909f56bfc062723c751e8b465ee728b)
Start importing Assets/TerrainDemoScene_URP/Prefabs/Trees/Conifer/Conifer.st using Guid(c7068782d88ce434ba35d8cf4f84f657) Importer(815301076,1909f56bfc062723c751e8b465ee728b) (PreviewImporter) -> (artifact id: 'b64d999ba0db40cc962bbc29741dcf1c') in 35.702003042 seconds
Number of updated asset objects reloaded before import = 0Number of asset objects unloaded after import = 64

========================================================================
Received Prepare
Begin MonoManager ReloadAssembly
Thread 0x170f7b000 may have been prematurely finalized
- Loaded All Assemblies, in  2.245 seconds
'Packages/com.unity.render-pipelines.high-definition/Editor/Wizard/HDWizard.UIElement.cs' contains partial class of Unity.Object, exactly 1 of the partial classes needs to be in a file with the same filename. This is to know the one that can be referenced from ie. GameObjects
'Packages/com.unity.render-pipelines.high-definition/Editor/Wizard/HDWizard.Configuration.cs' contains partial class of Unity.Object, exactly 1 of the partial classes needs to be in a file with the same filename. This is to know the one that can be referenced from ie. GameObjects
'Packages/com.unity.render-pipelines.high-definition/Editor/Wizard/HDWizard.Window.cs' contains partial class of Unity.Object, exactly 1 of the partial classes needs to be in a file with the same filename. This is to know the one that can be referenced from ie. GameObjects
Refreshing native plugins compatible for Editor in 21.44 ms, found 11 plugins.
Native extension for iOS target not found
Native extension for Android target not found
Native extension for OSXStandalone target not found
[Package Manager] Failed to launch server process. Reason: Unity was launched with the -noUpm command-line argument
[Package Manager] Unable to send message (not connected to server process).
[Package Manager] Cannot connect to Unity Package Manager local server
[MODES] ModeService[none].Initialize
[MODES] ModeService[none].LoadModes
Mono: successfully reloaded assembly
[Package Manager] Failed to launch server process. Reason: Unity was launched with the -noUpm command-line argument
[Package Manager] Unable to send message (not connected to server process).
[Package Manager] Cannot connect to Unity Package Manager local server
- Finished resetting the current domain, in  1.447 seconds
Domain Reload Profiling: 3706ms
	BeginReloadAssembly (1231ms)
		ExecutionOrderSort (8ms)
		DisableScriptedObjects (121ms)
		BackupInstance (0ms)
		ReleaseScriptingObjects (2ms)
		CreateAndSetChildDomain (499ms)
	RebuildCommonClasses (37ms)
	RebuildNativeTypeToScriptingClass (10ms)
	initialDomainReloadingComplete (35ms)
	LoadAllAssembliesAndSetupDomain (947ms)
		LoadAssemblies (666ms)
		RebuildTransferFunctionScriptingTraits (0ms)
		AnalyzeDomain (470ms)
			TypeCache.Refresh (55ms)
				TypeCache.ScanAssembly (0ms)
			BuildScriptInfoCaches (386ms)
			ResolveRequiredComponents (16ms)
	FinalizeReload (1448ms)
		ReleaseScriptCaches (0ms)
		RebuildScriptCaches (0ms)
		SetupLoadedEditorAssemblies (1191ms)
			LogAssemblyErrors (0ms)
			InitializePlatformSupportModulesInManaged (199ms)
			SetLoadedEditorAssemblies (7ms)
			BeforeProcessingInitializeOnLoad (222ms)
			ProcessInitializeOnLoadAttributes (427ms)
			ProcessInitializeOnLoadMethodAttributes (335ms)
			AfterProcessingInitializeOnLoad (1ms)
			EditorAssembliesLoaded (0ms)
		ExecutionOrderSort2 (0ms)
		AwakeInstancesAfterBackupRestoration (10ms)
WARNING: Shader Unsupported: 'HDRP/TerrainLit' - All subshaders removed
WARNING: Shader Did you use #pragma only_renderers and omit this platform?
WARNING: Shader If subshaders removal was intentional, you may have forgotten turning Fallback off?
WARNING: Shader Unsupported: 'HDRP/TerrainLit' - All subshaders removed
WARNING: Shader Did you use #pragma only_renderers and omit this platform?
WARNING: Shader If subshaders removal was intentional, you may have forgotten turning Fallback off?
WARNING: Shader Unsupported: 'Universal Render Pipeline/VR/SpatialMapping/Wireframe' - All subshaders removed
WARNING: Shader Did you use #pragma only_renderers and omit this platform?
WARNING: Shader If subshaders removal was intentional, you may have forgotten turning Fallback off?
WARNING: Shader Unsupported: 'Universal Render Pipeline/VR/SpatialMapping/Wireframe' - All subshaders removed
WARNING: Shader Did you use #pragma only_renderers and omit this platform?
WARNING: Shader If subshaders removal was intentional, you may have forgotten turning Fallback off?
Refreshing native plugins compatible for Editor in 12.83 ms, found 11 plugins.
Preloading 1 native plugins for Editor in 1.77 ms.
Unloading 169 Unused Serialized files (Serialized files now loaded: 0)
Unloading 9120 unused Assets / (12.4 MB). Loaded Objects now: 9921.
Memory consumption went from 232.4 MB to 220.0 MB.
Total: 142.534583 ms (FindLiveObjects: 52.605458 ms CreateObjectMapping: 7.240208 ms MarkObjects: 52.713667 ms  DeleteObjects: 29.973916 ms)

Prepare: number of updated asset objects reloaded= 0
========================================================================
Received Prepare
Begin MonoManager ReloadAssembly
Thread 0x170f4b000 may have been prematurely finalized
- Loaded All Assemblies, in  2.400 seconds
'Packages/com.unity.render-pipelines.high-definition/Editor/Wizard/HDWizard.UIElement.cs' contains partial class of Unity.Object, exactly 1 of the partial classes needs to be in a file with the same filename. This is to know the one that can be referenced from ie. GameObjects
'Packages/com.unity.render-pipelines.high-definition/Editor/Wizard/HDWizard.Configuration.cs' contains partial class of Unity.Object, exactly 1 of the partial classes needs to be in a file with the same filename. This is to know the one that can be referenced from ie. GameObjects
'Packages/com.unity.render-pipelines.high-definition/Editor/Wizard/HDWizard.Window.cs' contains partial class of Unity.Object, exactly 1 of the partial classes needs to be in a file with the same filename. This is to know the one that can be referenced from ie. GameObjects
Refreshing native plugins compatible for Editor in 10.67 ms, found 11 plugins.
Native extension for iOS target not found
Native extension for Android target not found
Native extension for OSXStandalone target not found
[Package Manager] Failed to launch server process. Reason: Unity was launched with the -noUpm command-line argument
[Package Manager] Unable to send message (not connected to server process).
[Package Manager] Cannot connect to Unity Package Manager local server
[MODES] ModeService[none].Initialize
[MODES] ModeService[none].LoadModes
Mono: successfully reloaded assembly
[Package Manager] Failed to launch server process. Reason: Unity was launched with the -noUpm command-line argument
[Package Manager] Unable to send message (not connected to server process).
[Package Manager] Cannot connect to Unity Package Manager local server
- Finished resetting the current domain, in  1.282 seconds
Domain Reload Profiling: 3694ms
	BeginReloadAssembly (888ms)
		ExecutionOrderSort (6ms)
		DisableScriptedObjects (31ms)
		BackupInstance (0ms)
		ReleaseScriptingObjects (2ms)
		CreateAndSetChildDomain (223ms)
	RebuildCommonClasses (70ms)
	RebuildNativeTypeToScriptingClass (14ms)
	initialDomainReloadingComplete (76ms)
	LoadAllAssembliesAndSetupDomain (1362ms)
		LoadAssemblies (1309ms)
		RebuildTransferFunctionScriptingTraits (0ms)
		AnalyzeDomain (423ms)
			TypeCache.Refresh (35ms)
				TypeCache.ScanAssembly (0ms)
			BuildScriptInfoCaches (364ms)
			ResolveRequiredComponents (16ms)
	FinalizeReload (1284ms)
		ReleaseScriptCaches (0ms)
		RebuildScriptCaches (0ms)
		SetupLoadedEditorAssemblies (1078ms)
			LogAssemblyErrors (0ms)
			InitializePlatformSupportModulesInManaged (243ms)
			SetLoadedEditorAssemblies (5ms)
			BeforeProcessingInitializeOnLoad (158ms)
			ProcessInitializeOnLoadAttributes (379ms)
			ProcessInitializeOnLoadMethodAttributes (290ms)
			AfterProcessingInitializeOnLoad (2ms)
			EditorAssembliesLoaded (1ms)
		ExecutionOrderSort2 (0ms)
		AwakeInstancesAfterBackupRestoration (17ms)
WARNING: Shader Unsupported: 'HDRP/TerrainLit' - All subshaders removed
WARNING: Shader Did you use #pragma only_renderers and omit this platform?
WARNING: Shader If subshaders removal was intentional, you may have forgotten turning Fallback off?
WARNING: Shader Unsupported: 'HDRP/TerrainLit' - All subshaders removed
WARNING: Shader Did you use #pragma only_renderers and omit this platform?
WARNING: Shader If subshaders removal was intentional, you may have forgotten turning Fallback off?
WARNING: Shader Unsupported: 'Universal Render Pipeline/VR/SpatialMapping/Wireframe' - All subshaders removed
WARNING: Shader Did you use #pragma only_renderers and omit this platform?
WARNING: Shader If subshaders removal was intentional, you may have forgotten turning Fallback off?
WARNING: Shader Unsupported: 'Universal Render Pipeline/VR/SpatialMapping/Wireframe' - All subshaders removed
WARNING: Shader Did you use #pragma only_renderers and omit this platform?
WARNING: Shader If subshaders removal was intentional, you may have forgotten turning Fallback off?
Refreshing native plugins compatible for Editor in 3.42 ms, found 11 plugins.
Preloading 1 native plugins for Editor in 0.36 ms.
Unloading 168 Unused Serialized files (Serialized files now loaded: 0)
Unloading 9113 unused Assets / (22.1 MB). Loaded Objects now: 9924.
Memory consumption went from 229.2 MB to 207.1 MB.
Total: 61.122042 ms (FindLiveObjects: 9.918041 ms CreateObjectMapping: 1.437583 ms MarkObjects: 32.589208 ms  DeleteObjects: 17.175916 ms)

Prepare: number of updated asset objects reloaded= 0
========================================================================
Received Prepare
Begin MonoManager ReloadAssembly
Thread 0x170f4b000 may have been prematurely finalized
- Loaded All Assemblies, in  1.818 seconds
'Packages/com.unity.render-pipelines.high-definition/Editor/Wizard/HDWizard.UIElement.cs' contains partial class of Unity.Object, exactly 1 of the partial classes needs to be in a file with the same filename. This is to know the one that can be referenced from ie. GameObjects
'Packages/com.unity.render-pipelines.high-definition/Editor/Wizard/HDWizard.Configuration.cs' contains partial class of Unity.Object, exactly 1 of the partial classes needs to be in a file with the same filename. This is to know the one that can be referenced from ie. GameObjects
'Packages/com.unity.render-pipelines.high-definition/Editor/Wizard/HDWizard.Window.cs' contains partial class of Unity.Object, exactly 1 of the partial classes needs to be in a file with the same filename. This is to know the one that can be referenced from ie. GameObjects
Refreshing native plugins compatible for Editor in 9.76 ms, found 11 plugins.
Native extension for iOS target not found
Native extension for Android target not found
Native extension for OSXStandalone target not found
[Package Manager] Failed to launch server process. Reason: Unity was launched with the -noUpm command-line argument
[Package Manager] Unable to send message (not connected to server process).
[Package Manager] Cannot connect to Unity Package Manager local server
[MODES] ModeService[none].Initialize
[MODES] ModeService[none].LoadModes
Mono: successfully reloaded assembly
[Package Manager] Failed to launch server process. Reason: Unity was launched with the -noUpm command-line argument
[Package Manager] Unable to send message (not connected to server process).
[Package Manager] Cannot connect to Unity Package Manager local server
- Finished resetting the current domain, in  1.342 seconds
Domain Reload Profiling: 3169ms
	BeginReloadAssembly (695ms)
		ExecutionOrderSort (1ms)
		DisableScriptedObjects (28ms)
		BackupInstance (0ms)
		ReleaseScriptingObjects (2ms)
		CreateAndSetChildDomain (159ms)
	RebuildCommonClasses (30ms)
	RebuildNativeTypeToScriptingClass (11ms)
	initialDomainReloadingComplete (20ms)
	LoadAllAssembliesAndSetupDomain (1071ms)
		LoadAssemblies (1006ms)
		RebuildTransferFunctionScriptingTraits (0ms)
		AnalyzeDomain (364ms)
			TypeCache.Refresh (37ms)
				TypeCache.ScanAssembly (0ms)
			BuildScriptInfoCaches (290ms)
			ResolveRequiredComponents (25ms)
	FinalizeReload (1343ms)
		ReleaseScriptCaches (0ms)
		RebuildScriptCaches (0ms)
		SetupLoadedEditorAssemblies (1069ms)
			LogAssemblyErrors (0ms)
			InitializePlatformSupportModulesInManaged (67ms)
			SetLoadedEditorAssemblies (6ms)
			BeforeProcessingInitializeOnLoad (217ms)
			ProcessInitializeOnLoadAttributes (553ms)
			ProcessInitializeOnLoadMethodAttributes (224ms)
			AfterProcessingInitializeOnLoad (1ms)
			EditorAssembliesLoaded (1ms)
		ExecutionOrderSort2 (1ms)
		AwakeInstancesAfterBackupRestoration (12ms)
WARNING: Shader Unsupported: 'HDRP/TerrainLit' - All subshaders removed
WARNING: Shader Did you use #pragma only_renderers and omit this platform?
WARNING: Shader If subshaders removal was intentional, you may have forgotten turning Fallback off?
WARNING: Shader Unsupported: 'HDRP/TerrainLit' - All subshaders removed
WARNING: Shader Did you use #pragma only_renderers and omit this platform?
WARNING: Shader If subshaders removal was intentional, you may have forgotten turning Fallback off?
WARNING: Shader Unsupported: 'Universal Render Pipeline/VR/SpatialMapping/Wireframe' - All subshaders removed
WARNING: Shader Did you use #pragma only_renderers and omit this platform?
WARNING: Shader If subshaders removal was intentional, you may have forgotten turning Fallback off?
WARNING: Shader Unsupported: 'Universal Render Pipeline/VR/SpatialMapping/Wireframe' - All subshaders removed
WARNING: Shader Did you use #pragma only_renderers and omit this platform?
WARNING: Shader If subshaders removal was intentional, you may have forgotten turning Fallback off?
Refreshing native plugins compatible for Editor in 4.25 ms, found 11 plugins.
Preloading 1 native plugins for Editor in 0.31 ms.
Unloading 168 Unused Serialized files (Serialized files now loaded: 0)
Unloading 9113 unused Assets / (16.3 MB). Loaded Objects now: 9927.
Memory consumption went from 226.6 MB to 210.2 MB.
Total: 108.442334 ms (FindLiveObjects: 14.774250 ms CreateObjectMapping: 0.852042 ms MarkObjects: 60.864458 ms  DeleteObjects: 31.950542 ms)

Prepare: number of updated asset objects reloaded= 0
========================================================================
Received Import Request.
  Time since last request: 1771.379180 seconds.
  path: Assets/TerrainDemoScene_URP
  artifactKey: Guid(06506be6ce893144abe59a833a5c09e1) Importer(815301076,1909f56bfc062723c751e8b465ee728b)
Start importing Assets/TerrainDemoScene_URP using Guid(06506be6ce893144abe59a833a5c09e1) Importer(815301076,1909f56bfc062723c751e8b465ee728b) (PreviewImporter) -> (artifact id: '10cb3fe1e74df1894476befcabe55ddd') in 0.235590041 seconds
Number of updated asset objects reloaded before import = 0Number of asset objects unloaded after import = 0

========================================================================
Received Import Request.
  Time since last request: 8.091173 seconds.
  path: Assets/TerrainDemoScene_URP/Terrain
  artifactKey: Guid(1c7d9479254419746b6bef253ae5853b) Importer(815301076,1909f56bfc062723c751e8b465ee728b)
Start importing Assets/TerrainDemoScene_URP/Terrain using Guid(1c7d9479254419746b6bef253ae5853b) Importer(815301076,1909f56bfc062723c751e8b465ee728b) (PreviewImporter) -> (artifact id: '95693fea8444fc1278a86ca92ba94303') in 0.006511417 seconds
Number of updated asset objects reloaded before import = 0Number of asset objects unloaded after import = 0

========================================================================
Received Import Request.
  Time since last request: 3.434527 seconds.
  path: Assets/TerrainDemoScene_URP/Terrain/Textures
  artifactKey: Guid(403f503485f141040ad4a96e37fbf98b) Importer(815301076,1909f56bfc062723c751e8b465ee728b)
Start importing Assets/TerrainDemoScene_URP/Terrain/Textures using Guid(403f503485f141040ad4a96e37fbf98b) Importer(815301076,1909f56bfc062723c751e8b465ee728b) (PreviewImporter) -> (artifact id: '8c04b06e565a5dc457978507601d851d') in 0.00610325 seconds
Number of updated asset objects reloaded before import = 0Number of asset objects unloaded after import = 0

========================================================================
Received Import Request.
  Time since last request: 0.062451 seconds.
  path: Assets/TerrainDemoScene_URP/Terrain/Textures/TerrainColorBlend.psd
  artifactKey: Guid(02fd33ef9ed967d4aa71fb7beaf2e4df) Importer(815301076,1909f56bfc062723c751e8b465ee728b)
Start importing Assets/TerrainDemoScene_URP/Terrain/Textures/TerrainColorBlend.psd using Guid(02fd33ef9ed967d4aa71fb7beaf2e4df) Importer(815301076,1909f56bfc062723c751e8b465ee728b) (PreviewImporter) -> (artifact id: 'd5ba4a7f0fd9971f84702a64f2dbe00d') in 0.657910458 seconds
Number of updated asset objects reloaded before import = 0Number of asset objects unloaded after import = 2

========================================================================
Received Import Request.
  Time since last request: 3.462981 seconds.
  path: Assets/TerrainDemoScene_URP/Terrain/Textures/Grass_A
  artifactKey: Guid(a3152493089347f4b9c9d728111b2631) Importer(815301076,1909f56bfc062723c751e8b465ee728b)
Start importing Assets/TerrainDemoScene_URP/Terrain/Textures/Grass_A using Guid(a3152493089347f4b9c9d728111b2631) Importer(815301076,1909f56bfc062723c751e8b465ee728b) (PreviewImporter) -> (artifact id: 'a89bd4979be941f68478224010498c90') in 0.00606525 seconds
Number of updated asset objects reloaded before import = 0Number of asset objects unloaded after import = 0

========================================================================
Received Import Request.
  Time since last request: 0.273797 seconds.
  path: Assets/TerrainDemoScene_URP/Terrain/Textures/Grass_A/Grass_A_BaseColor.tif
  artifactKey: Guid(b39336e67b68db14aa4a8a7f883e5aff) Importer(815301076,1909f56bfc062723c751e8b465ee728b)
Start importing Assets/TerrainDemoScene_URP/Terrain/Textures/Grass_A/Grass_A_BaseColor.tif using Guid(b39336e67b68db14aa4a8a7f883e5aff) Importer(815301076,1909f56bfc062723c751e8b465ee728b) (PreviewImporter) -> (artifact id: 'cf3265274d6a2d7b17d858fa5b0c94d9') in 0.107967208 seconds
Number of updated asset objects reloaded before import = 0Number of asset objects unloaded after import = 2

========================================================================
Received Import Request.
  Time since last request: 0.000138 seconds.
  path: Assets/TerrainDemoScene_URP/Terrain/Textures/Grass_A/Grass_A_Normal.tif
  artifactKey: Guid(c00756ebe5d45cd49a5af53f5b77118f) Importer(815301076,1909f56bfc062723c751e8b465ee728b)
Start importing Assets/TerrainDemoScene_URP/Terrain/Textures/Grass_A/Grass_A_Normal.tif using Guid(c00756ebe5d45cd49a5af53f5b77118f) Importer(815301076,1909f56bfc062723c751e8b465ee728b) (PreviewImporter) -> (artifact id: '8b3f7ca86fbd88d1b843ca024791b50d') in 0.812500083 seconds
Number of updated asset objects reloaded before import = 0Number of asset objects unloaded after import = 2

========================================================================
Received Import Request.
  Time since last request: 38.128194 seconds.
  path: Assets/New Terrain.asset
  artifactKey: Guid(da7bcb6a808be3740963ba42608e7072) Importer(2089858483,192608db42251d675da83286b1cce702)
Start importing Assets/New Terrain.asset using Guid(da7bcb6a808be3740963ba42608e7072) Importer(2089858483,192608db42251d675da83286b1cce702) (ScriptedImporter)The tree XR Device Simulator UI couldn't be instanced because the prefab contains no valid mesh renderer.
UnityEngine.Debug:ExtractStackTraceNoAlloc (byte*,int,string)
UnityEngine.StackTraceUtility:ExtractStackTrace () (at /Users/bokken/build/output/unity/unity/Runtime/Export/Scripting/StackTrace.cs:35)
UnityEditor.AssetDatabase:LoadMainAssetAtPath (string)
UnityEditor.Search.AssetIndexer:IndexProperties (int&,string&,bool&) (at /Users/bokken/build/output/unity/unity/Modules/QuickSearch/Editor/Indexing/AssetIndexer.cs:287)
UnityEditor.Search.AssetIndexer:IndexDocument (string,bool) (at /Users/bokken/build/output/unity/unity/Modules/QuickSearch/Editor/Indexing/AssetIndexer.cs:194)
UnityEditor.Search.SearchIndexEntryImporter:OnImportAsset (UnityEditor.AssetImporters.AssetImportContext) (at /Users/bokken/build/output/unity/unity/Modules/QuickSearch/Editor/Indexing/SearchIndexEntryImporter.cs:64)
UnityEditor.AssetImporters.ScriptedImporter:GenerateAssetData (UnityEditor.AssetImporters.AssetImportContext) (at /Users/bokken/build/output/unity/unity/Modules/AssetPipelineEditor/Public/ScriptedImporter.cs:25)

[/Users/bokken/build/output/unity/unity/Modules/QuickSearch/Editor/Indexing/AssetIndexer.cs line 287]

Tree prefab at index 1 is missing.
UnityEngine.Debug:ExtractStackTraceNoAlloc (byte*,int,string)
UnityEngine.StackTraceUtility:ExtractStackTrace () (at /Users/bokken/build/output/unity/unity/Runtime/Export/Scripting/StackTrace.cs:35)
UnityEditor.AssetDatabase:LoadMainAssetAtPath (string)
UnityEditor.Search.AssetIndexer:IndexProperties (int&,string&,bool&) (at /Users/bokken/build/output/unity/unity/Modules/QuickSearch/Editor/Indexing/AssetIndexer.cs:287)
UnityEditor.Search.AssetIndexer:IndexDocument (string,bool) (at /Users/bokken/build/output/unity/unity/Modules/QuickSearch/Editor/Indexing/AssetIndexer.cs:194)
UnityEditor.Search.SearchIndexEntryImporter:OnImportAsset (UnityEditor.AssetImporters.AssetImportContext) (at /Users/bokken/build/output/unity/unity/Modules/QuickSearch/Editor/Indexing/SearchIndexEntryImporter.cs:64)
UnityEditor.AssetImporters.ScriptedImporter:GenerateAssetData (UnityEditor.AssetImporters.AssetImportContext) (at /Users/bokken/build/output/unity/unity/Modules/AssetPipelineEditor/Public/ScriptedImporter.cs:25)

[/Users/bokken/build/output/unity/unity/Modules/QuickSearch/Editor/Indexing/AssetIndexer.cs line 287]

 -> (artifact id: 'a17971eb5cb53bcb47f6ea8cd3696aaf') in 1.056635958 seconds
Number of updated asset objects reloaded before import = 0Number of asset objects unloaded after import = 765

========================================================================
Received Import Request.
  Time since last request: 0.000232 seconds.
  path: Assets/TerrainDemoScene_URP/VFXGraphs/Textures/WispySmoke02_8x8.tga
  artifactKey: Guid(3bc65015d0523ed4f9895b40e1febdaf) Importer(2089858483,192608db42251d675da83286b1cce702)
Start importing Assets/TerrainDemoScene_URP/VFXGraphs/Textures/WispySmoke02_8x8.tga using Guid(3bc65015d0523ed4f9895b40e1febdaf) Importer(2089858483,192608db42251d675da83286b1cce702) (ScriptedImporter) -> (artifact id: 'e284af43bb815d807b9de5c12c1aa9d7') in 0.132324167 seconds
Number of updated asset objects reloaded before import = 0Number of asset objects unloaded after import = 1

========================================================================
Received Import Request.
  Time since last request: 0.000262 seconds.
  path: Assets/TerrainDemoScene_URP/Terrain/Data/Terrain_1_2_1694bb0f-cffe-402c-b6f9-cf47692fbb78 1.asset
  artifactKey: Guid(aeff0a23b7ccf34449828084f9be714b) Importer(2089858483,192608db42251d675da83286b1cce702)
Start importing Assets/TerrainDemoScene_URP/Terrain/Data/Terrain_1_2_1694bb0f-cffe-402c-b6f9-cf47692fbb78 1.asset using Guid(aeff0a23b7ccf34449828084f9be714b) Importer(2089858483,192608db42251d675da83286b1cce702) (ScriptedImporter) -> (artifact id: 'f4f04700c4ff618a46de49527a5dc5bb') in 0.092137459 seconds
Number of updated asset objects reloaded before import = 0Number of asset objects unloaded after import = 3

========================================================================
Received Import Request.
  Time since last request: 0.000242 seconds.
  path: Assets/TerrainDemoScene_URP/Prefabs/Rocks/Models/Rock_C_01.fbx
  artifactKey: Guid(9ec4ab395efae3f44b859f77742dd451) Importer(2089858483,192608db42251d675da83286b1cce702)
Start importing Assets/TerrainDemoScene_URP/Prefabs/Rocks/Models/Rock_C_01.fbx using Guid(9ec4ab395efae3f44b859f77742dd451) Importer(2089858483,192608db42251d675da83286b1cce702) (ScriptedImporter) -> (artifact id: 'dd1133d1d56bb1f2d00f153fb57cf754') in 0.216920084 seconds
Number of updated asset objects reloaded before import = 0Number of asset objects unloaded after import = 30

========================================================================
Received Import Request.
  Time since last request: 0.000888 seconds.
  path: Assets/TerrainDemoScene_URP/Terrain/Data/Terrain_1_1_4bf22c8f-eb55-436d-84e3-dedfa85665b1 1.asset
  artifactKey: Guid(f845cff3ca4bd9e46b0cbff7fa1a05d0) Importer(2089858483,192608db42251d675da83286b1cce702)
Start importing Assets/TerrainDemoScene_URP/Terrain/Data/Terrain_1_1_4bf22c8f-eb55-436d-84e3-dedfa85665b1 1.asset using Guid(f845cff3ca4bd9e46b0cbff7fa1a05d0) Importer(2089858483,192608db42251d675da83286b1cce702) (ScriptedImporter) -> (artifact id: 'ff841e5623243673201d116fe65634cf') in 0.077487166 seconds
Number of updated asset objects reloaded before import = 0Number of asset objects unloaded after import = 3

========================================================================
Received Import Request.
  Time since last request: 0.000138 seconds.
  path: Assets/TerrainDemoScene_URP/Prefabs/Trees/Pines/Pine_C/Pine_C.st
  artifactKey: Guid(b3da1778a10a6eb48b449d9c0bc21c2e) Importer(2089858483,192608db42251d675da83286b1cce702)
Start importing Assets/TerrainDemoScene_URP/Prefabs/Trees/Pines/Pine_C/Pine_C.st using Guid(b3da1778a10a6eb48b449d9c0bc21c2e) Importer(2089858483,192608db42251d675da83286b1cce702) (ScriptedImporter) -> (artifact id: '2478e2f8c6e5b3cb18186d513a39e06d') in 0.086632167 seconds
Number of updated asset objects reloaded before import = 0Number of asset objects unloaded after import = 43

========================================================================
Received Import Request.
  Time since last request: 0.000268 seconds.
  path: Assets/TerrainDemoScene_URP/Prefabs/Rocks/Materials/Rock_A.mat
  artifactKey: Guid(5d53f2d3d2871cc40bfce7f567098cbe) Importer(2089858483,192608db42251d675da83286b1cce702)
Start importing Assets/TerrainDemoScene_URP/Prefabs/Rocks/Materials/Rock_A.mat using Guid(5d53f2d3d2871cc40bfce7f567098cbe) Importer(2089858483,192608db42251d675da83286b1cce702) (ScriptedImporter) -> (artifact id: '1cfcbab680defb8322b10f02744c368b') in 0.199987 seconds
Number of updated asset objects reloaded before import = 0Number of asset objects unloaded after import = 4

========================================================================
Received Import Request.
  Time since last request: 0.000078 seconds.
  path: Assets/TerrainDemoScene_URP/Prefabs/Foliage
  artifactKey: Guid(712f415bdf93a7f4f8034d8d9fe0174f) Importer(2089858483,192608db42251d675da83286b1cce702)
Start importing Assets/TerrainDemoScene_URP/Prefabs/Foliage using Guid(712f415bdf93a7f4f8034d8d9fe0174f) Importer(2089858483,192608db42251d675da83286b1cce702) (ScriptedImporter) -> (artifact id: '3153d88954e24c15475c87fccc7dc10f') in 0.00846275 seconds
Number of updated asset objects reloaded before import = 0Number of asset objects unloaded after import = 1

========================================================================
Received Import Request.
  Time since last request: 0.000097 seconds.
  path: Assets/TerrainDemoScene_URP/Terrain/Data/Terrain_1_1_4bf22c8f-eb55-436d-84e3-dedfa85665b1.asset
  artifactKey: Guid(2c7d995d24203834c836e7c0407dbe41) Importer(2089858483,192608db42251d675da83286b1cce702)
Start importing Assets/TerrainDemoScene_URP/Terrain/Data/Terrain_1_1_4bf22c8f-eb55-436d-84e3-dedfa85665b1.asset using Guid(2c7d995d24203834c836e7c0407dbe41) Importer(2089858483,192608db42251d675da83286b1cce702) (ScriptedImporter) -> (artifact id: '843d9e66411dd491d0c374457aa1046f') in 0.805031667 seconds
Number of updated asset objects reloaded before import = 0Number of asset objects unloaded after import = 505

========================================================================
Received Import Request.
  Time since last request: 0.000188 seconds.
  path: Assets/TerrainDemoScene_URP/Terrain/Textures/Rock_Jagged_B/Rock_Jagged_B_MaskMap.tif
  artifactKey: Guid(3edfb64464bef1647a55994bda8865ce) Importer(2089858483,192608db42251d675da83286b1cce702)
Start importing Assets/TerrainDemoScene_URP/Terrain/Textures/Rock_Jagged_B/Rock_Jagged_B_MaskMap.tif using Guid(3edfb64464bef1647a55994bda8865ce) Importer(2089858483,192608db42251d675da83286b1cce702) (ScriptedImporter) -> (artifact id: '00586177255e5276f05d966fe8609e42') in 0.046686417 seconds
Number of updated asset objects reloaded before import = 0Number of asset objects unloaded after import = 1

========================================================================
Received Import Request.
  Time since last request: 0.000128 seconds.
  path: Assets/TerrainDemoScene_URP/Prefabs/Trees/Pines/Pine_C/Textures/Bark_Normal.png
  artifactKey: Guid(45b93e314671d57498de7ba5262aa7b8) Importer(2089858483,192608db42251d675da83286b1cce702)
Start importing Assets/TerrainDemoScene_URP/Prefabs/Trees/Pines/Pine_C/Textures/Bark_Normal.png using Guid(45b93e314671d57498de7ba5262aa7b8) Importer(2089858483,192608db42251d675da83286b1cce702) (ScriptedImporter) -> (artifact id: '7bfabe7f99b54be761f565d6e2d2c490') in 0.021038542 seconds
Number of updated asset objects reloaded before import = 0Number of asset objects unloaded after import = 1

========================================================================
Received Import Request.
  Time since last request: 0.000105 seconds.
  path: Assets/TerrainDemoScene_URP/Terrain/DetailMaps/_Terrain_2_2_b6e03cf0-de91-4cae-b6af-0128d856ae43_0.asset
  artifactKey: Guid(8ff9aa0d67ac8734ab813468b3b71ece) Importer(2089858483,192608db42251d675da83286b1cce702)
Start importing Assets/TerrainDemoScene_URP/Terrain/DetailMaps/_Terrain_2_2_b6e03cf0-de91-4cae-b6af-0128d856ae43_0.asset using Guid(8ff9aa0d67ac8734ab813468b3b71ece) Importer(2089858483,192608db42251d675da83286b1cce702) (ScriptedImporter) -> (artifact id: '003eca70c14a481547c8b5526e918905') in 0.035186458 seconds
Number of updated asset objects reloaded before import = 0Number of asset objects unloaded after import = 1

========================================================================
Received Import Request.
  Time since last request: 0.000056 seconds.
  path: Assets/TerrainDemoScene_URP/TextMeshPro/Shaders/TextMeshPro/TMPro_Mobile.cginc
  artifactKey: Guid(c334973cef89a9840b0b0c507e0377ab) Importer(2089858483,192608db42251d675da83286b1cce702)
Start importing Assets/TerrainDemoScene_URP/TextMeshPro/Shaders/TextMeshPro/TMPro_Mobile.cginc using Guid(c334973cef89a9840b0b0c507e0377ab) Importer(2089858483,192608db42251d675da83286b1cce702) (ScriptedImporter) -> (artifact id: '035df02eaa325ffd9a1fec6c83b02b7c') in 0.006401458 seconds
Number of updated asset objects reloaded before import = 0Number of asset objects unloaded after import = 1

========================================================================
Received Import Request.
  Time since last request: 0.000111 seconds.
  path: Assets/TerrainDemoScene_URP/Notes/FadeDistances.txt
  artifactKey: Guid(508aa7bfe1ce5c34d8fe95a10a6ce1a3) Importer(2089858483,192608db42251d675da83286b1cce702)
Start importing Assets/TerrainDemoScene_URP/Notes/FadeDistances.txt using Guid(508aa7bfe1ce5c34d8fe95a10a6ce1a3) Importer(2089858483,192608db42251d675da83286b1cce702) (ScriptedImporter) -> (artifact id: '5b6f2c62b541ace0e8a0b899eac2be11') in 0.015823166 seconds
Number of updated asset objects reloaded before import = 0Number of asset objects unloaded after import = 1

========================================================================
Received Import Request.
  Time since last request: 0.000167 seconds.
  path: Assets/TerrainDemoScene_URP/Prefabs/Trees/Conifer
  artifactKey: Guid(248507eb20396854bae758400e5794a6) Importer(2089858483,192608db42251d675da83286b1cce702)
Start importing Assets/TerrainDemoScene_URP/Prefabs/Trees/Conifer using Guid(248507eb20396854bae758400e5794a6) Importer(2089858483,192608db42251d675da83286b1cce702) (ScriptedImporter) -> (artifact id: '467abc79fa20c3a9eb122288d4c164c2') in 0.004089208 seconds
Number of updated asset objects reloaded before import = 0Number of asset objects unloaded after import = 1

========================================================================
Received Import Request.
  Time since last request: 0.000090 seconds.
  path: Assets/TerrainDemoScene_URP/Prefabs/Trees/Pines/Pine_D/Textures/Pine_D_Billboard_Color.png
  artifactKey: Guid(ba0de0e45c7d69e4194d1f2409a7269e) Importer(2089858483,192608db42251d675da83286b1cce702)
Start importing Assets/TerrainDemoScene_URP/Prefabs/Trees/Pines/Pine_D/Textures/Pine_D_Billboard_Color.png using Guid(ba0de0e45c7d69e4194d1f2409a7269e) Importer(2089858483,192608db42251d675da83286b1cce702) (ScriptedImporter) -> (artifact id: '492e98d9e478ecf3f6e2ac17dde251d5') in 0.022406084 seconds
Number of updated asset objects reloaded before import = 0Number of asset objects unloaded after import = 1

========================================================================
Received Import Request.
  Time since last request: 0.004790 seconds.
  path: Assets/TerrainDemoScene_URP/Prefabs/Lighting/ExtentsLightProbes.prefab
  artifactKey: Guid(67143f4ca4712b74d976245b72441097) Importer(2089858483,192608db42251d675da83286b1cce702)
Start importing Assets/TerrainDemoScene_URP/Prefabs/Lighting/ExtentsLightProbes.prefab using Guid(67143f4ca4712b74d976245b72441097) Importer(2089858483,192608db42251d675da83286b1cce702) (ScriptedImporter) -> (artifact id: '5bf2040f63e22decd7a8a6c36a653eb4') in 0.02434625 seconds
Number of updated asset objects reloaded before import = 0Number of asset objects unloaded after import = 5

========================================================================
Received Import Request.
  Time since last request: 0.000201 seconds.
  path: Assets/TerrainDemoScene_URP/Prefabs/Rocks/Textures/Rock_Details_02.tif
  artifactKey: Guid(618e85e4233432a47942a74538b7b2dd) Importer(2089858483,192608db42251d675da83286b1cce702)
Start importing Assets/TerrainDemoScene_URP/Prefabs/Rocks/Textures/Rock_Details_02.tif using Guid(618e85e4233432a47942a74538b7b2dd) Importer(2089858483,192608db42251d675da83286b1cce702) (ScriptedImporter) -> (artifact id: '3e5b1f6d4f992c32b46acaf5ecbeb9f3') in 0.054494416 seconds
Number of updated asset objects reloaded before import = 0Number of asset objects unloaded after import = 1

========================================================================
Received Import Request.
  Time since last request: 0.000136 seconds.
  path: Assets/TerrainDemoScene_URP/Prefabs/Trees/Pines/Pine_D/Materials
  artifactKey: Guid(ecd9c4526be12964aa0cfb2120c4f5c7) Importer(2089858483,192608db42251d675da83286b1cce702)
Start importing Assets/TerrainDemoScene_URP/Prefabs/Trees/Pines/Pine_D/Materials using Guid(ecd9c4526be12964aa0cfb2120c4f5c7) Importer(2089858483,192608db42251d675da83286b1cce702) (ScriptedImporter) -> (artifact id: '13833fc2d7d87af994eb904f5f8913d0') in 0.005934 seconds
Number of updated asset objects reloaded before import = 0Number of asset objects unloaded after import = 1

========================================================================
Received Import Request.
  Time since last request: 0.000078 seconds.
  path: Assets/TerrainDemoScene_URP/Terrain/Data/Terrain_3_3_9b11d05b-b237-4de7-82ed-a402f9cedebd 1.asset
  artifactKey: Guid(0c7476005817e1a44b58b85fdcc5e10f) Importer(2089858483,192608db42251d675da83286b1cce702)
Start importing Assets/TerrainDemoScene_URP/Terrain/Data/Terrain_3_3_9b11d05b-b237-4de7-82ed-a402f9cedebd 1.asset using Guid(0c7476005817e1a44b58b85fdcc5e10f) Importer(2089858483,192608db42251d675da83286b1cce702) (ScriptedImporter) -> (artifact id: 'af3b23fbab5fbd8885dc0a49c628eedf') in 0.070289583 seconds
Number of updated asset objects reloaded before import = 0Number of asset objects unloaded after import = 2

========================================================================
Received Import Request.
  Time since last request: 0.000330 seconds.
  path: Assets/TerrainDemoScene_URP/Terrain/Data/Terrain_0_1_e85387be-618a-4f11-a28f-1cbc224e6e94 1.asset
  artifactKey: Guid(ded90e33612eeef40bcb088e3c8d7e9a) Importer(2089858483,192608db42251d675da83286b1cce702)
Start importing Assets/TerrainDemoScene_URP/Terrain/Data/Terrain_0_1_e85387be-618a-4f11-a28f-1cbc224e6e94 1.asset using Guid(ded90e33612eeef40bcb088e3c8d7e9a) Importer(2089858483,192608db42251d675da83286b1cce702) (ScriptedImporter) -> (artifact id: '46bec1ed1d286a05fc7f17d049e62a3d') in 0.074681792 seconds
Number of updated asset objects reloaded before import = 0Number of asset objects unloaded after import = 3

========================================================================
Received Import Request.
  Time since last request: 0.000147 seconds.
  path: Assets/TerrainDemoScene_URP/ShaderGraphs/SubGraphs/TerrainMatchUV.shadersubgraph
  artifactKey: Guid(4bfc6d9830dbb014080890b4b2fe6275) Importer(2089858483,192608db42251d675da83286b1cce702)
Start importing Assets/TerrainDemoScene_URP/ShaderGraphs/SubGraphs/TerrainMatchUV.shadersubgraph using Guid(4bfc6d9830dbb014080890b4b2fe6275) Importer(2089858483,192608db42251d675da83286b1cce702) (ScriptedImporter) -> (artifact id: '612b5becc6ed9ac61a7c30e272ce799d') in 0.123283167 seconds
Number of updated asset objects reloaded before import = 0Number of asset objects unloaded after import = 1

========================================================================
Received Import Request.
  Time since last request: 0.000249 seconds.
  path: Assets/TerrainDemoScene_URP/Prefabs/Rocks/Rock_B_01.prefab
  artifactKey: Guid(e71b98edf7da4b448bc6ae07b82d6935) Importer(2089858483,192608db42251d675da83286b1cce702)
Start importing Assets/TerrainDemoScene_URP/Prefabs/Rocks/Rock_B_01.prefab using Guid(e71b98edf7da4b448bc6ae07b82d6935) Importer(2089858483,192608db42251d675da83286b1cce702) (ScriptedImporter) -> (artifact id: '914d84c8f5b7d3f27d9c515382b4b286') in 0.035642958 seconds
Number of updated asset objects reloaded before import = 0Number of asset objects unloaded after import = 57

========================================================================
Received Import Request.
  Time since last request: 0.000062 seconds.
  path: Assets/TerrainDemoScene_URP/Prefabs/Rocks/Materials/Rock_D.mat
  artifactKey: Guid(93f26f1dcd275b04fa902391e368e102) Importer(2089858483,192608db42251d675da83286b1cce702)
Start importing Assets/TerrainDemoScene_URP/Prefabs/Rocks/Materials/Rock_D.mat using Guid(93f26f1dcd275b04fa902391e368e102) Importer(2089858483,192608db42251d675da83286b1cce702) (ScriptedImporter) -> (artifact id: 'd6372f0d471cb42661badf525519fd0b') in 0.053294083 seconds
Number of updated asset objects reloaded before import = 0Number of asset objects unloaded after import = 4

========================================================================
Received Import Request.
  Time since last request: 0.000329 seconds.
  path: Assets/TerrainDemoScene_URP/Prefabs/Trees/Pines/Pine_D/Textures/Pine_D_Subsurface.png
  artifactKey: Guid(dc365f063cec9364fa1e63a07bdcd2e5) Importer(2089858483,192608db42251d675da83286b1cce702)
Start importing Assets/TerrainDemoScene_URP/Prefabs/Trees/Pines/Pine_D/Textures/Pine_D_Subsurface.png using Guid(dc365f063cec9364fa1e63a07bdcd2e5) Importer(2089858483,192608db42251d675da83286b1cce702) (ScriptedImporter) -> (artifact id: '5ac93a5cfc19b002439a772bc1c8cd4e') in 0.040985084 seconds
Number of updated asset objects reloaded before import = 0Number of asset objects unloaded after import = 1

========================================================================
Received Import Request.
  Time since last request: 0.003154 seconds.
  path: Assets/TerrainDemoScene_URP/Prefabs/Rocks/Models/Rock_Overgrown_D.fbx
  artifactKey: Guid(d162d260ab0c07b43b7e7e90d954b83a) Importer(2089858483,192608db42251d675da83286b1cce702)
Start importing Assets/TerrainDemoScene_URP/Prefabs/Rocks/Models/Rock_Overgrown_D.fbx using Guid(d162d260ab0c07b43b7e7e90d954b83a) Importer(2089858483,192608db42251d675da83286b1cce702) (ScriptedImporter) -> (artifact id: '1e9045539de5fa5e097b58db1a06c421') in 0.045183292 seconds
Number of updated asset objects reloaded before import = 0Number of asset objects unloaded after import = 20

========================================================================
Received Import Request.
  Time since last request: 0.000175 seconds.
  path: Assets/TerrainDemoScene_URP/Terrain/DetailMaps/_Terrain_2_2_b6e03cf0-de91-4cae-b6af-0128d856ae43_7.asset
  artifactKey: Guid(4f4a09046c2d6b14484cc0d4eed21909) Importer(2089858483,192608db42251d675da83286b1cce702)
Start importing Assets/TerrainDemoScene_URP/Terrain/DetailMaps/_Terrain_2_2_b6e03cf0-de91-4cae-b6af-0128d856ae43_7.asset using Guid(4f4a09046c2d6b14484cc0d4eed21909) Importer(2089858483,192608db42251d675da83286b1cce702) (ScriptedImporter) -> (artifact id: '62d042f7a7f2ccce70c96672ad21840f') in 0.038487333 seconds
Number of updated asset objects reloaded before import = 0Number of asset objects unloaded after import = 1

========================================================================
Received Import Request.
  Time since last request: 0.000102 seconds.
  path: Assets/TerrainDemoScene_URP/Prefabs/Rocks/Textures/Rock_Overgrown_I/Rock_Overgrown_I_LayerMask.tif
  artifactKey: Guid(1c9074250ae38fd4ca1c3a5ac4759edf) Importer(2089858483,192608db42251d675da83286b1cce702)
Start importing Assets/TerrainDemoScene_URP/Prefabs/Rocks/Textures/Rock_Overgrown_I/Rock_Overgrown_I_LayerMask.tif using Guid(1c9074250ae38fd4ca1c3a5ac4759edf) Importer(2089858483,192608db42251d675da83286b1cce702) (ScriptedImporter) -> (artifact id: 'f8dee14b426c95762e7f8b0300738cd6') in 0.021907292 seconds
Number of updated asset objects reloaded before import = 0Number of asset objects unloaded after import = 1

========================================================================
Received Import Request.
  Time since last request: 0.000058 seconds.
  path: Assets/TerrainDemoScene_URP/Terrain/Data
  artifactKey: Guid(9b62388c10bc4ce48bcc18a7d6e9635f) Importer(2089858483,192608db42251d675da83286b1cce702)
Start importing Assets/TerrainDemoScene_URP/Terrain/Data using Guid(9b62388c10bc4ce48bcc18a7d6e9635f) Importer(2089858483,192608db42251d675da83286b1cce702) (ScriptedImporter) -> (artifact id: '98f2e3568e87c770d237984ed6105741') in 0.008374542 seconds
Number of updated asset objects reloaded before import = 0Number of asset objects unloaded after import = 1

========================================================================
Received Import Request.
  Time since last request: 0.000189 seconds.
  path: Assets/TerrainDemoScene_URP/Settings/URP
  artifactKey: Guid(ea0e7231aa9a70b4a889acc456301b06) Importer(2089858483,192608db42251d675da83286b1cce702)
Start importing Assets/TerrainDemoScene_URP/Settings/URP using Guid(ea0e7231aa9a70b4a889acc456301b06) Importer(2089858483,192608db42251d675da83286b1cce702) (ScriptedImporter) -> (artifact id: '8a9ce68687082ee2de9b4d6661405cdd') in 0.005137959 seconds
Number of updated asset objects reloaded before import = 0Number of asset objects unloaded after import = 1

========================================================================
Received Import Request.
  Time since last request: 0.000121 seconds.
  path: Assets/TerrainDemoScene_URP/Prefabs/Details/Textures/Shrub_BaseColor.tif
  artifactKey: Guid(1348350b78dbb1947ab058c188bcf99b) Importer(2089858483,192608db42251d675da83286b1cce702)
Start importing Assets/TerrainDemoScene_URP/Prefabs/Details/Textures/Shrub_BaseColor.tif using Guid(1348350b78dbb1947ab058c188bcf99b) Importer(2089858483,192608db42251d675da83286b1cce702) (ScriptedImporter) -> (artifact id: '6e5bea29483faddea2e9eb1876e321de') in 0.039740792 seconds
Number of updated asset objects reloaded before import = 0Number of asset objects unloaded after import = 1

========================================================================
Received Import Request.
  Time since last request: 0.000153 seconds.
  path: Assets/TerrainDemoScene_URP/Prefabs/Foliage/Red_Bush/Models/Red_Bush.fbx
  artifactKey: Guid(5e76989194570e246acc05a8d2697af2) Importer(2089858483,192608db42251d675da83286b1cce702)
Start importing Assets/TerrainDemoScene_URP/Prefabs/Foliage/Red_Bush/Models/Red_Bush.fbx using Guid(5e76989194570e246acc05a8d2697af2) Importer(2089858483,192608db42251d675da83286b1cce702) (ScriptedImporter) -> (artifact id: 'e0aceb29b48bf1e12024c21166e88f63') in 0.035645833 seconds
Number of updated asset objects reloaded before import = 0Number of asset objects unloaded after import = 20

========================================================================
Received Import Request.
  Time since last request: 0.000046 seconds.
  path: Assets/TerrainDemoScene_URP/Prefabs/Rocks/Textures/Rock_B_Albedo.tif
  artifactKey: Guid(88d552d8a6b0ed94e8b93ed89beb5ba5) Importer(2089858483,192608db42251d675da83286b1cce702)
Start importing Assets/TerrainDemoScene_URP/Prefabs/Rocks/Textures/Rock_B_Albedo.tif using Guid(88d552d8a6b0ed94e8b93ed89beb5ba5) Importer(2089858483,192608db42251d675da83286b1cce702) (ScriptedImporter) -> (artifact id: '3bccbdf298573470d60d02a207ee64a5') in 0.024727125 seconds
Number of updated asset objects reloaded before import = 0Number of asset objects unloaded after import = 1

========================================================================
Received Import Request.
  Time since last request: 0.000127 seconds.
  path: Assets/TerrainDemoScene_URP/Terrain/Textures/Lake/Lake_Margins.tif
  artifactKey: Guid(3d0465da28334da439cc37c5a3ac88fe) Importer(2089858483,192608db42251d675da83286b1cce702)
Start importing Assets/TerrainDemoScene_URP/Terrain/Textures/Lake/Lake_Margins.tif using Guid(3d0465da28334da439cc37c5a3ac88fe) Importer(2089858483,192608db42251d675da83286b1cce702) (ScriptedImporter) -> (artifact id: 'ecf2c4203a75eeb46da52f1fcf327606') in 0.026148959 seconds
Number of updated asset objects reloaded before import = 0Number of asset objects unloaded after import = 1

========================================================================
Received Import Request.
  Time since last request: 0.000121 seconds.
  path: Assets/TerrainDemoScene_URP/Prefabs/Rocks/Textures/Rock_Overgrown_A
  artifactKey: Guid(211e5b37fa93cbc49b8dccba618a7eda) Importer(2089858483,192608db42251d675da83286b1cce702)
Start importing Assets/TerrainDemoScene_URP/Prefabs/Rocks/Textures/Rock_Overgrown_A using Guid(211e5b37fa93cbc49b8dccba618a7eda) Importer(2089858483,192608db42251d675da83286b1cce702) (ScriptedImporter) -> (artifact id: 'ef650cf45998290141fd1fad930faba6') in 0.022262125 seconds
Number of updated asset objects reloaded before import = 0Number of asset objects unloaded after import = 1

========================================================================
Received Import Request.
  Time since last request: 0.001902 seconds.
  path: Assets/TerrainDemoScene_URP/Prefabs/Trees/Pines/Pine_A/Materials/Pine_A.mat
  artifactKey: Guid(2c519d34c0d1e4f47b742fc12d67f09c) Importer(2089858483,192608db42251d675da83286b1cce702)
Start importing Assets/TerrainDemoScene_URP/Prefabs/Trees/Pines/Pine_A/Materials/Pine_A.mat using Guid(2c519d34c0d1e4f47b742fc12d67f09c) Importer(2089858483,192608db42251d675da83286b1cce702) (ScriptedImporter) -> (artifact id: '8dd551f4fd19d8ad9ad60a938ac568ca') in 0.186673208 seconds
Number of updated asset objects reloaded before import = 0Number of asset objects unloaded after import = 12

========================================================================
Received Import Request.
  Time since last request: 0.003407 seconds.
  path: Assets/TerrainDemoScene_URP/Terrain/DetailMaps/_Terrain_2_2_b6e03cf0-de91-4cae-b6af-0128d856ae43_12.asset
  artifactKey: Guid(789df0a5fbdb44d498339b6c1b6d2189) Importer(2089858483,192608db42251d675da83286b1cce702)
Start importing Assets/TerrainDemoScene_URP/Terrain/DetailMaps/_Terrain_2_2_b6e03cf0-de91-4cae-b6af-0128d856ae43_12.asset using Guid(789df0a5fbdb44d498339b6c1b6d2189) Importer(2089858483,192608db42251d675da83286b1cce702) (ScriptedImporter) -> (artifact id: 'c7671d16b94b439ac903ba8a973863e6') in 0.057681708 seconds
Number of updated asset objects reloaded before import = 0Number of asset objects unloaded after import = 1

========================================================================
Received Import Request.
  Time since last request: 0.000123 seconds.
  path: Assets/TerrainDemoScene_URP/Terrain/DetailMaps/_Terrain_2_2_b6e03cf0-de91-4cae-b6af-0128d856ae43_9.asset
  artifactKey: Guid(7de2b5bfc155d374bbdbe8e15e0b3cb9) Importer(2089858483,192608db42251d675da83286b1cce702)
Start importing Assets/TerrainDemoScene_URP/Terrain/DetailMaps/_Terrain_2_2_b6e03cf0-de91-4cae-b6af-0128d856ae43_9.asset using Guid(7de2b5bfc155d374bbdbe8e15e0b3cb9) Importer(2089858483,192608db42251d675da83286b1cce702) (ScriptedImporter) -> (artifact id: '89f75900b1c1fae4513d30b5d0105744') in 0.076719417 seconds
Number of updated asset objects reloaded before import = 0Number of asset objects unloaded after import = 1

========================================================================
Received Import Request.
  Time since last request: 0.000194 seconds.
  path: Assets/TerrainDemoScene_URP/Scripts/Help_Icon.png
  artifactKey: Guid(34f556d724b1bbf4097ca6220db2c581) Importer(2089858483,192608db42251d675da83286b1cce702)
Start importing Assets/TerrainDemoScene_URP/Scripts/Help_Icon.png using Guid(34f556d724b1bbf4097ca6220db2c581) Importer(2089858483,192608db42251d675da83286b1cce702) (ScriptedImporter) -> (artifact id: '0f6ca193aae2c4692e1c4e37662484dc') in 0.03037475 seconds
Number of updated asset objects reloaded before import = 0Number of asset objects unloaded after import = 1

========================================================================
Received Import Request.
  Time since last request: 0.000077 seconds.
  path: Assets/TerrainDemoScene_URP/Terrain/DetailMaps/_Terrain_2_2_b6e03cf0-de91-4cae-b6af-0128d856ae43_13.asset
  artifactKey: Guid(c0c0202050292754eb8a9eb6ef87d1bf) Importer(2089858483,192608db42251d675da83286b1cce702)
Start importing Assets/TerrainDemoScene_URP/Terrain/DetailMaps/_Terrain_2_2_b6e03cf0-de91-4cae-b6af-0128d856ae43_13.asset using Guid(c0c0202050292754eb8a9eb6ef87d1bf) Importer(2089858483,192608db42251d675da83286b1cce702) (ScriptedImporter) -> (artifact id: 'c700401afcfb8ba74e9019cf76bd9d73') in 0.045403792 seconds
Number of updated asset objects reloaded before import = 0Number of asset objects unloaded after import = 1

========================================================================
Received Import Request.
  Time since last request: 0.000631 seconds.
  path: Assets/TerrainDemoScene_URP/Prefabs/Trees/Pines/Pine_D/Textures/Bark_Normal.png
  artifactKey: Guid(3c5395a6f02d6f34188a8b7ca1ea9112) Importer(2089858483,192608db42251d675da83286b1cce702)
Start importing Assets/TerrainDemoScene_URP/Prefabs/Trees/Pines/Pine_D/Textures/Bark_Normal.png using Guid(3c5395a6f02d6f34188a8b7ca1ea9112) Importer(2089858483,192608db42251d675da83286b1cce702) (ScriptedImporter) -> (artifact id: 'e605ff3d120a0f6721798532a617cb22') in 0.055752917 seconds
Number of updated asset objects reloaded before import = 0Number of asset objects unloaded after import = 1

========================================================================
Received Import Request.
  Time since last request: 0.000096 seconds.
  path: Assets/TerrainDemoScene_URP/Prefabs/Trees/Conifer/Textures/Confier_Cap_Extra.png
  artifactKey: Guid(30acfc55e14e8c14d9803ad97fbe8174) Importer(2089858483,192608db42251d675da83286b1cce702)
Start importing Assets/TerrainDemoScene_URP/Prefabs/Trees/Conifer/Textures/Confier_Cap_Extra.png using Guid(30acfc55e14e8c14d9803ad97fbe8174) Importer(2089858483,192608db42251d675da83286b1cce702) (ScriptedImporter) -> (artifact id: 'a95d27fad19d3a3f6ac3f966d98d90fa') in 0.053171958 seconds
Number of updated asset objects reloaded before import = 0Number of asset objects unloaded after import = 1

========================================================================
Received Import Request.
  Time since last request: 0.000212 seconds.
  path: Assets/TerrainDemoScene_URP/Prefabs/Trees/Cypress/Materials/Cypress_Forest_Desktop_Billboard.mat
  artifactKey: Guid(6e96b44ff17a7de4a859752d4aa68e3d) Importer(2089858483,192608db42251d675da83286b1cce702)
Start importing Assets/TerrainDemoScene_URP/Prefabs/Trees/Cypress/Materials/Cypress_Forest_Desktop_Billboard.mat using Guid(6e96b44ff17a7de4a859752d4aa68e3d) Importer(2089858483,192608db42251d675da83286b1cce702) (ScriptedImporter) -> (artifact id: '6b8826b7a8db402d96cb31eef2d59b4d') in 0.074547375 seconds
Number of updated asset objects reloaded before import = 0Number of asset objects unloaded after import = 11

========================================================================
Received Import Request.
  Time since last request: 0.000066 seconds.
  path: Assets/TerrainDemoScene_URP/Terrain/Layers/Grass_Soil_A.terrainlayer
  artifactKey: Guid(ffb94bff813c3c041b5c22cc023fb25e) Importer(2089858483,192608db42251d675da83286b1cce702)
Start importing Assets/TerrainDemoScene_URP/Terrain/Layers/Grass_Soil_A.terrainlayer using Guid(ffb94bff813c3c041b5c22cc023fb25e) Importer(2089858483,192608db42251d675da83286b1cce702) (ScriptedImporter) -> (artifact id: 'c22b827e0444a0fc80fe1dbd143c7cd0') in 0.127093541 seconds
Number of updated asset objects reloaded before import = 0Number of asset objects unloaded after import = 4

========================================================================
Received Import Request.
  Time since last request: 0.000188 seconds.
  path: Assets/TerrainDemoScene_URP/Prefabs/Trees/Pines/Pine_B/Textures/Pine_B_Color.png
  artifactKey: Guid(abdf029e56dd80947a3928739a0d2a45) Importer(2089858483,192608db42251d675da83286b1cce702)
Start importing Assets/TerrainDemoScene_URP/Prefabs/Trees/Pines/Pine_B/Textures/Pine_B_Color.png using Guid(abdf029e56dd80947a3928739a0d2a45) Importer(2089858483,192608db42251d675da83286b1cce702) (ScriptedImporter) -> (artifact id: '09981e8d1dd464938926c0c09c9b30f2') in 0.041854792 seconds
Number of updated asset objects reloaded before import = 0Number of asset objects unloaded after import = 1

========================================================================
Received Import Request.
  Time since last request: 0.000754 seconds.
  path: Assets/TerrainDemoScene_URP/Terrain/Layers/Black_Sand_A.terrainlayer
  artifactKey: Guid(823d80b2a8eb07748b59d1aa37a1e7fb) Importer(2089858483,192608db42251d675da83286b1cce702)
Start importing Assets/TerrainDemoScene_URP/Terrain/Layers/Black_Sand_A.terrainlayer using Guid(823d80b2a8eb07748b59d1aa37a1e7fb) Importer(2089858483,192608db42251d675da83286b1cce702) (ScriptedImporter) -> (artifact id: '0eaa488a8c4c272d8e85d05b7b699b02') in 0.049967458 seconds
Number of updated asset objects reloaded before import = 0Number of asset objects unloaded after import = 4

========================================================================
Received Import Request.
  Time since last request: 0.000061 seconds.
  path: Assets/TerrainDemoScene_URP/Scenes/TerrainDemoScene/ReflectionProbe-4.exr
  artifactKey: Guid(c4fe0ef426e5cca4ca63a75527762e16) Importer(2089858483,192608db42251d675da83286b1cce702)
Start importing Assets/TerrainDemoScene_URP/Scenes/TerrainDemoScene/ReflectionProbe-4.exr using Guid(c4fe0ef426e5cca4ca63a75527762e16) Importer(2089858483,192608db42251d675da83286b1cce702) (ScriptedImporter) -> (artifact id: '1a0b82eb00cce69b6d92020fd7082b2f') in 0.035679375 seconds
Number of updated asset objects reloaded before import = 0Number of asset objects unloaded after import = 1

========================================================================
Received Import Request.
  Time since last request: 0.012649 seconds.
  path: Assets/TerrainDemoScene_URP/Terrain/Data/Terrain_0_2_5f735b10-59bc-418b-b24d-4385eb3a186d 1.asset
  artifactKey: Guid(8486ad95e77021345816eeefb224ee43) Importer(2089858483,192608db42251d675da83286b1cce702)
Start importing Assets/TerrainDemoScene_URP/Terrain/Data/Terrain_0_2_5f735b10-59bc-418b-b24d-4385eb3a186d 1.asset using Guid(8486ad95e77021345816eeefb224ee43) Importer(2089858483,192608db42251d675da83286b1cce702) (ScriptedImporter) -> (artifact id: '848cef77a4b755d377a5c69e94472a67') in 0.092022584 seconds
Number of updated asset objects reloaded before import = 0Number of asset objects unloaded after import = 2

========================================================================
Received Import Request.
  Time since last request: 0.000383 seconds.
  path: Assets/TerrainDemoScene_URP/Terrain/Textures/Black_Sand_A/Black_Sand_A_Normal.tif
  artifactKey: Guid(c5dc3a539900ab7449f7bcd10186e331) Importer(2089858483,192608db42251d675da83286b1cce702)
Start importing Assets/TerrainDemoScene_URP/Terrain/Textures/Black_Sand_A/Black_Sand_A_Normal.tif using Guid(c5dc3a539900ab7449f7bcd10186e331) Importer(2089858483,192608db42251d675da83286b1cce702) (ScriptedImporter) -> (artifact id: '8da95a048e236eeebf556d0dc838064f') in 0.019467 seconds
Number of updated asset objects reloaded before import = 0Number of asset objects unloaded after import = 1

========================================================================
Received Import Request.
  Time since last request: 0.000155 seconds.
  path: Assets/TerrainDemoScene_URP/Notes/Layers.txt
  artifactKey: Guid(a5cad9e358345494daade076bc2e6855) Importer(2089858483,192608db42251d675da83286b1cce702)
Start importing Assets/TerrainDemoScene_URP/Notes/Layers.txt using Guid(a5cad9e358345494daade076bc2e6855) Importer(2089858483,192608db42251d675da83286b1cce702) (ScriptedImporter) -> (artifact id: 'aecb187dded01aa7069c4be9a8ae655a') in 0.020530917 seconds
Number of updated asset objects reloaded before import = 0Number of asset objects unloaded after import = 1

========================================================================
Received Import Request.
  Time since last request: 0.003446 seconds.
  path: Assets/TerrainDemoScene_URP/Scripts/Resources
  artifactKey: Guid(af639cfce61049c449c263246c0b6708) Importer(2089858483,192608db42251d675da83286b1cce702)
Start importing Assets/TerrainDemoScene_URP/Scripts/Resources using Guid(af639cfce61049c449c263246c0b6708) Importer(2089858483,192608db42251d675da83286b1cce702) (ScriptedImporter) -> (artifact id: '7c76a95dd9b44114f9410f646a49596f') in 0.012711667 seconds
Number of updated asset objects reloaded before import = 0Number of asset objects unloaded after import = 1

========================================================================
Received Import Request.
  Time since last request: 0.000159 seconds.
  path: Assets/TerrainDemoScene_URP/Settings/Lighting
  artifactKey: Guid(d9e055609a149e945ab3745ebb3c3c82) Importer(2089858483,192608db42251d675da83286b1cce702)
Start importing Assets/TerrainDemoScene_URP/Settings/Lighting using Guid(d9e055609a149e945ab3745ebb3c3c82) Importer(2089858483,192608db42251d675da83286b1cce702) (ScriptedImporter) -> (artifact id: 'd16ae88c99da3df5f1b85330f8cce6be') in 0.007681208 seconds
Number of updated asset objects reloaded before import = 0Number of asset objects unloaded after import = 1

========================================================================
Received Import Request.
  Time since last request: 0.000078 seconds.
  path: Assets/TerrainDemoScene_URP/Prefabs/Details/Models/Shrub.asset
  artifactKey: Guid(f9b4f3bf18c47064db8d653d9b3ddf38) Importer(2089858483,192608db42251d675da83286b1cce702)
Start importing Assets/TerrainDemoScene_URP/Prefabs/Details/Models/Shrub.asset using Guid(f9b4f3bf18c47064db8d653d9b3ddf38) Importer(2089858483,192608db42251d675da83286b1cce702) (ScriptedImporter) -> (artifact id: '4f06fb0d10ff47e68c19042d6bb61f6f') in 0.041344083 seconds
Number of updated asset objects reloaded before import = 0Number of asset objects unloaded after import = 1

========================================================================
Received Import Request.
  Time since last request: 0.000099 seconds.
  path: Assets/TerrainDemoScene_URP/Prefabs/Terrain
  artifactKey: Guid(52028504f6a214c4eb1ff7f29fdfa605) Importer(2089858483,192608db42251d675da83286b1cce702)
Start importing Assets/TerrainDemoScene_URP/Prefabs/Terrain using Guid(52028504f6a214c4eb1ff7f29fdfa605) Importer(2089858483,192608db42251d675da83286b1cce702) (ScriptedImporter) -> (artifact id: 'ce64f264562891b4b0f5debe55fd2acd') in 0.007780667 seconds
Number of updated asset objects reloaded before import = 0Number of asset objects unloaded after import = 1

========================================================================
Received Import Request.
  Time since last request: 0.000098 seconds.
  path: Assets/TerrainDemoScene_URP/Prefabs/Trees/Cypress/Materials
  artifactKey: Guid(9699a400c9b261d40b9aae5c4b1e45d3) Importer(2089858483,192608db42251d675da83286b1cce702)
Start importing Assets/TerrainDemoScene_URP/Prefabs/Trees/Cypress/Materials using Guid(9699a400c9b261d40b9aae5c4b1e45d3) Importer(2089858483,192608db42251d675da83286b1cce702) (ScriptedImporter) -> (artifact id: '6483af8232ac582b4ed5bbef4476bf3e') in 0.010604125 seconds
Number of updated asset objects reloaded before import = 0Number of asset objects unloaded after import = 1

========================================================================
Received Import Request.
  Time since last request: 0.013929 seconds.
  path: Assets/TerrainDemoScene_URP/Notes/SpeedTrees.txt
  artifactKey: Guid(6e8c0b4ad7004f74ea479e4bc25afcf4) Importer(2089858483,192608db42251d675da83286b1cce702)
Start importing Assets/TerrainDemoScene_URP/Notes/SpeedTrees.txt using Guid(6e8c0b4ad7004f74ea479e4bc25afcf4) Importer(2089858483,192608db42251d675da83286b1cce702) (ScriptedImporter) -> (artifact id: '3a192a9675f64f60b6536df70dc8ce74') in 0.015817 seconds
Number of updated asset objects reloaded before import = 0Number of asset objects unloaded after import = 1

========================================================================
Received Import Request.
  Time since last request: 0.000469 seconds.
  path: Assets/TerrainDemoScene_URP/Prefabs/Rocks/Textures/Cliff_Mossy_A/Cliff_Mossy_A_Normal.tif
  artifactKey: Guid(132963cfd531c2e42af8a2286594f0b8) Importer(2089858483,192608db42251d675da83286b1cce702)
Start importing Assets/TerrainDemoScene_URP/Prefabs/Rocks/Textures/Cliff_Mossy_A/Cliff_Mossy_A_Normal.tif using Guid(132963cfd531c2e42af8a2286594f0b8) Importer(2089858483,192608db42251d675da83286b1cce702) (ScriptedImporter) -> (artifact id: 'ce699a4983f8df213d7f49954d61e6b6') in 0.07476025 seconds
Number of updated asset objects reloaded before import = 0Number of asset objects unloaded after import = 1

========================================================================
Received Import Request.
  Time since last request: 0.000270 seconds.
  path: Assets/TerrainDemoScene_URP/Prefabs/Rocks/Textures/Rock_Overgrown_C
  artifactKey: Guid(8778a46f172e1e74caa4bdff8c7d3bd4) Importer(2089858483,192608db42251d675da83286b1cce702)
Start importing Assets/TerrainDemoScene_URP/Prefabs/Rocks/Textures/Rock_Overgrown_C using Guid(8778a46f172e1e74caa4bdff8c7d3bd4) Importer(2089858483,192608db42251d675da83286b1cce702) (ScriptedImporter) -> (artifact id: '82161edc5a6400012d66d809f786d1b6') in 0.021765167 seconds
Number of updated asset objects reloaded before import = 0Number of asset objects unloaded after import = 1

========================================================================
Received Import Request.
  Time since last request: 0.003850 seconds.
  path: Assets/TerrainDemoScene_URP/Prefabs/Skybox/Materials/Sky.mat
  artifactKey: Guid(26f55ddef4057d341bb944e97b32d31c) Importer(2089858483,192608db42251d675da83286b1cce702)
Start importing Assets/TerrainDemoScene_URP/Prefabs/Skybox/Materials/Sky.mat using Guid(26f55ddef4057d341bb944e97b32d31c) Importer(2089858483,192608db42251d675da83286b1cce702) (ScriptedImporter) -> (artifact id: '212a64c609a0806525ed36a2ef6bdbd3') in 0.079140208 seconds
Number of updated asset objects reloaded before import = 0Number of asset objects unloaded after import = 2

========================================================================
Received Import Request.
  Time since last request: 0.000944 seconds.
  path: Assets/TerrainDemoScene_URP/Prefabs/Water/Materials
  artifactKey: Guid(82bf79e39b5fbe342b012d0ed40699d1) Importer(2089858483,192608db42251d675da83286b1cce702)
Start importing Assets/TerrainDemoScene_URP/Prefabs/Water/Materials using Guid(82bf79e39b5fbe342b012d0ed40699d1) Importer(2089858483,192608db42251d675da83286b1cce702) (ScriptedImporter) -> (artifact id: '579f0cd80a244d4802554b33f0952b16') in 0.044759834 seconds
Number of updated asset objects reloaded before import = 0Number of asset objects unloaded after import = 1

========================================================================
Received Import Request.
  Time since last request: 0.005136 seconds.
  path: Assets/TerrainDemoScene_URP/Prefabs/Trees/Pines/Pine_A/Textures/Pine_A_Extra.png
  artifactKey: Guid(f1ce8fcb76987c84393c175b8ada22df) Importer(2089858483,192608db42251d675da83286b1cce702)
Start importing Assets/TerrainDemoScene_URP/Prefabs/Trees/Pines/Pine_A/Textures/Pine_A_Extra.png using Guid(f1ce8fcb76987c84393c175b8ada22df) Importer(2089858483,192608db42251d675da83286b1cce702) (ScriptedImporter) -> (artifact id: '68d56a11d2e40c77d723fedf33eb5266') in 0.040794375 seconds
Number of updated asset objects reloaded before import = 0Number of asset objects unloaded after import = 1

========================================================================
Received Import Request.
  Time since last request: 0.000262 seconds.
  path: Assets/TerrainDemoScene_URP/Prefabs/Trees/Cypress/Cypress_Forest_Desktop.prefab
  artifactKey: Guid(e730e362773695e408e48f59e6dff87a) Importer(2089858483,192608db42251d675da83286b1cce702)
Start importing Assets/TerrainDemoScene_URP/Prefabs/Trees/Cypress/Cypress_Forest_Desktop.prefab using Guid(e730e362773695e408e48f59e6dff87a) Importer(2089858483,192608db42251d675da83286b1cce702) (ScriptedImporter) -> (artifact id: '4f28f4d59c3012d1f099f6fce524cc45') in 0.117373917 seconds
Number of updated asset objects reloaded before import = 0Number of asset objects unloaded after import = 33

========================================================================
Received Import Request.
  Time since last request: 0.000095 seconds.
  path: Assets/TerrainDemoScene_URP/Prefabs/Trees/Pines/Pine_D/Textures
  artifactKey: Guid(6b6f4bb24ffdaa9408e34d4d23fa5bad) Importer(2089858483,192608db42251d675da83286b1cce702)
Start importing Assets/TerrainDemoScene_URP/Prefabs/Trees/Pines/Pine_D/Textures using Guid(6b6f4bb24ffdaa9408e34d4d23fa5bad) Importer(2089858483,192608db42251d675da83286b1cce702) (ScriptedImporter) -> (artifact id: '0f686a1a0286e86141dd788f5e7fad1f') in 0.012562209 seconds
Number of updated asset objects reloaded before import = 0Number of asset objects unloaded after import = 1

========================================================================
Received Import Request.
  Time since last request: 0.000160 seconds.
  path: Assets/TerrainDemoScene_URP/Scenes/TerrainDemoScene.unity
  artifactKey: Guid(9a18cc5d35536fd428eb6e90b3402589) Importer(2089858483,192608db42251d675da83286b1cce702)
Start importing Assets/TerrainDemoScene_URP/Scenes/TerrainDemoScene.unity using Guid(9a18cc5d35536fd428eb6e90b3402589) Importer(2089858483,192608db42251d675da83286b1cce702) (ScriptedImporter) -> (artifact id: '166158650c16e51942a05a54ace0874c') in 0.105401292 seconds
Number of updated asset objects reloaded before import = 0Number of asset objects unloaded after import = 1

========================================================================
Received Import Request.
  Time since last request: 0.001195 seconds.
  path: Assets/TerrainDemoScene_URP/Terrain/Textures/Cliff_Mossy_E/Cliff_Mossy_E_Normal.tif
  artifactKey: Guid(6a40a13a0056f6649bcce95734364b25) Importer(2089858483,192608db42251d675da83286b1cce702)
Start importing Assets/TerrainDemoScene_URP/Terrain/Textures/Cliff_Mossy_E/Cliff_Mossy_E_Normal.tif using Guid(6a40a13a0056f6649bcce95734364b25) Importer(2089858483,192608db42251d675da83286b1cce702) (ScriptedImporter) -> (artifact id: '63a1833753980df2a207525f5bdbc77d') in 0.037034375 seconds
Number of updated asset objects reloaded before import = 0Number of asset objects unloaded after import = 1

========================================================================
Received Import Request.
  Time since last request: 0.000060 seconds.
  path: Assets/TerrainDemoScene_URP/Prefabs/Trees/Pines/Pine_B/Materials/Pine_B_Billboard.mat
  artifactKey: Guid(4777e8363f131b54c9bc570b8c7ad9a2) Importer(2089858483,192608db42251d675da83286b1cce702)
Start importing Assets/TerrainDemoScene_URP/Prefabs/Trees/Pines/Pine_B/Materials/Pine_B_Billboard.mat using Guid(4777e8363f131b54c9bc570b8c7ad9a2) Importer(2089858483,192608db42251d675da83286b1cce702) (ScriptedImporter) -> (artifact id: '02f7018dc00476fed5054329574e183a') in 0.114769208 seconds
Number of updated asset objects reloaded before import = 0Number of asset objects unloaded after import = 12

========================================================================
Received Import Request.
  Time since last request: 0.000288 seconds.
  path: Assets/TerrainDemoScene_URP/TextMeshPro/Resources/LineBreaking Following Characters.txt
  artifactKey: Guid(fade42e8bc714b018fac513c043d323b) Importer(2089858483,192608db42251d675da83286b1cce702)
Start importing Assets/TerrainDemoScene_URP/TextMeshPro/Resources/LineBreaking Following Characters.txt using Guid(fade42e8bc714b018fac513c043d323b) Importer(2089858483,192608db42251d675da83286b1cce702) (ScriptedImporter) -> (artifact id: '7b73081751686913cf5709f7783d1776') in 0.010332375 seconds
Number of updated asset objects reloaded before import = 0Number of asset objects unloaded after import = 1

========================================================================
Received Import Request.
  Time since last request: 0.000365 seconds.
  path: Assets/TerrainDemoScene_URP/Prefabs/Trees/Cypress/Textures/Cypress_Forest_Desktop_Color.tif
  artifactKey: Guid(cf1ec094e4846ce4a80157b947bff0c5) Importer(2089858483,192608db42251d675da83286b1cce702)
Start importing Assets/TerrainDemoScene_URP/Prefabs/Trees/Cypress/Textures/Cypress_Forest_Desktop_Color.tif using Guid(cf1ec094e4846ce4a80157b947bff0c5) Importer(2089858483,192608db42251d675da83286b1cce702) (ScriptedImporter) -> (artifact id: 'ad80a9fe73b8295b2af789f6550d08e8') in 0.028514792 seconds
Number of updated asset objects reloaded before import = 0Number of asset objects unloaded after import = 1

========================================================================
Received Import Request.
  Time since last request: 0.000074 seconds.
  path: Assets/TerrainDemoScene_URP/Scenes/TerrainDemoScene/Lightmap-1_comp_dir.png
  artifactKey: Guid(59572351066cb0840a039bd48fa8ca57) Importer(2089858483,192608db42251d675da83286b1cce702)
Start importing Assets/TerrainDemoScene_URP/Scenes/TerrainDemoScene/Lightmap-1_comp_dir.png using Guid(59572351066cb0840a039bd48fa8ca57) Importer(2089858483,192608db42251d675da83286b1cce702) (ScriptedImporter) -> (artifact id: 'afb55bd33cb30e49188da94a820b6744') in 0.035804 seconds
Number of updated asset objects reloaded before import = 0Number of asset objects unloaded after import = 1

========================================================================
Received Import Request.
  Time since last request: 0.000062 seconds.
  path: Assets/TerrainDemoScene_URP/Prefabs/UI/Fader.prefab
  artifactKey: Guid(1bba1089884f54c28a3beed5b4192e68) Importer(2089858483,192608db42251d675da83286b1cce702)
Start importing Assets/TerrainDemoScene_URP/Prefabs/UI/Fader.prefab using Guid(1bba1089884f54c28a3beed5b4192e68) Importer(2089858483,192608db42251d675da83286b1cce702) (ScriptedImporter) -> (artifact id: '2908fb68450859c046e4bce3c5348378') in 0.116488875 seconds
Number of updated asset objects reloaded before import = 0Number of asset objects unloaded after import = 7

========================================================================
Received Import Request.
  Time since last request: 0.039774 seconds.
  path: Assets/TerrainDemoScene_URP/TextMeshPro/Shaders/TextMeshPro
  artifactKey: Guid(023615f836b284d45bde3ca1e41f8935) Importer(2089858483,192608db42251d675da83286b1cce702)
Start importing Assets/TerrainDemoScene_URP/TextMeshPro/Shaders/TextMeshPro using Guid(023615f836b284d45bde3ca1e41f8935) Importer(2089858483,192608db42251d675da83286b1cce702) (ScriptedImporter) -> (artifact id: '0b45650bfbbe3d34839043424037a462') in 0.023254875 seconds
Number of updated asset objects reloaded before import = 0Number of asset objects unloaded after import = 1

========================================================================
Received Import Request.
  Time since last request: 0.001597 seconds.
  path: Assets/TerrainDemoScene_URP/Prefabs/Trees/Pines/Pine_D/Materials/Pine_D_Bark.mat
  artifactKey: Guid(c2717908c5ce43b4ea29f64dbc360a9f) Importer(2089858483,192608db42251d675da83286b1cce702)
Start importing Assets/TerrainDemoScene_URP/Prefabs/Trees/Pines/Pine_D/Materials/Pine_D_Bark.mat using Guid(c2717908c5ce43b4ea29f64dbc360a9f) Importer(2089858483,192608db42251d675da83286b1cce702) (ScriptedImporter) -> (artifact id: '788b49effbe9064ec536f1c6bbe0815f') in 0.065447208 seconds
Number of updated asset objects reloaded before import = 0Number of asset objects unloaded after import = 8

========================================================================
Received Import Request.
  Time since last request: 0.007329 seconds.
  path: Assets/TerrainDemoScene_URP/TextMeshPro/Shaders/TextMeshPro/TMP_SDF SSD.shader
  artifactKey: Guid(14eb328de4b8eb245bb7cea29e4ac00b) Importer(2089858483,192608db42251d675da83286b1cce702)
Start importing Assets/TerrainDemoScene_URP/TextMeshPro/Shaders/TextMeshPro/TMP_SDF SSD.shader using Guid(14eb328de4b8eb245bb7cea29e4ac00b) Importer(2089858483,192608db42251d675da83286b1cce702) (ScriptedImporter) -> (artifact id: 'f54e3cca64ef2aab5e27a79ad94248ee') in 0.046883166 seconds
Number of updated asset objects reloaded before import = 0Number of asset objects unloaded after import = 1

========================================================================
Received Import Request.
  Time since last request: 0.001770 seconds.
  path: Assets/TerrainDemoScene_URP/Settings/URP/URP-LowQuality Pipeline Asset.asset
  artifactKey: Guid(758559729899d1340bf85e82688a079f) Importer(2089858483,192608db42251d675da83286b1cce702)
Start importing Assets/TerrainDemoScene_URP/Settings/URP/URP-LowQuality Pipeline Asset.asset using Guid(758559729899d1340bf85e82688a079f) Importer(2089858483,192608db42251d675da83286b1cce702) (ScriptedImporter) -> (artifact id: '198fa35724376ac6db2e639b5416f055') in 0.23893475 seconds
Number of updated asset objects reloaded before import = 0Number of asset objects unloaded after import = 2

========================================================================
Received Import Request.
  Time since last request: 0.001708 seconds.
  path: Assets/TerrainDemoScene_URP/Terrain/DetailMaps/_Terrain_2_2_b6e03cf0-de91-4cae-b6af-0128d856ae43_5.asset
  artifactKey: Guid(e4834153a0330b0478c86d8e610a38ea) Importer(2089858483,192608db42251d675da83286b1cce702)
Start importing Assets/TerrainDemoScene_URP/Terrain/DetailMaps/_Terrain_2_2_b6e03cf0-de91-4cae-b6af-0128d856ae43_5.asset using Guid(e4834153a0330b0478c86d8e610a38ea) Importer(2089858483,192608db42251d675da83286b1cce702) (ScriptedImporter) -> (artifact id: '9da7bdf39f6d64a2823a80c03e807dd8') in 0.111075417 seconds
Number of updated asset objects reloaded before import = 0Number of asset objects unloaded after import = 1

========================================================================
Received Import Request.
  Time since last request: 0.008899 seconds.
  path: Assets/TerrainDemoScene_URP/Prefabs/Trees/Cypress/Textures/Bark_Color.tif
  artifactKey: Guid(877e214aa51fdc743b16177e0438bc29) Importer(2089858483,192608db42251d675da83286b1cce702)
Start importing Assets/TerrainDemoScene_URP/Prefabs/Trees/Cypress/Textures/Bark_Color.tif using Guid(877e214aa51fdc743b16177e0438bc29) Importer(2089858483,192608db42251d675da83286b1cce702) (ScriptedImporter) -> (artifact id: '104435da367736b785bfdba42f6bfebc') in 0.025572917 seconds
Number of updated asset objects reloaded before import = 0Number of asset objects unloaded after import = 1

========================================================================
Received Import Request.
  Time since last request: 0.000140 seconds.
  path: Assets/TerrainDemoScene_URP/Prefabs/Volumes/GlobalVolume.prefab
  artifactKey: Guid(930ec9e5bd4e2794ebb443cff6b18f5d) Importer(2089858483,192608db42251d675da83286b1cce702)
Start importing Assets/TerrainDemoScene_URP/Prefabs/Volumes/GlobalVolume.prefab using Guid(930ec9e5bd4e2794ebb443cff6b18f5d) Importer(2089858483,192608db42251d675da83286b1cce702) (ScriptedImporter) -> (artifact id: '18380e4d2d4383df3b090c8c2171025c') in 0.078241833 seconds
Number of updated asset objects reloaded before import = 0Number of asset objects unloaded after import = 14

========================================================================
Received Import Request.
  Time since last request: 0.000153 seconds.
  path: Assets/TerrainDemoScene_URP/Prefabs/Rocks/Textures/Rock_Overgrown_B/Rock_Overgrown_B_LayerMask.tif
  artifactKey: Guid(76ac408a18a332d43b6e83a5cffa8adf) Importer(2089858483,192608db42251d675da83286b1cce702)
Start importing Assets/TerrainDemoScene_URP/Prefabs/Rocks/Textures/Rock_Overgrown_B/Rock_Overgrown_B_LayerMask.tif using Guid(76ac408a18a332d43b6e83a5cffa8adf) Importer(2089858483,192608db42251d675da83286b1cce702) (ScriptedImporter) -> (artifact id: 'c38aa23194932a65700992cb12ba8b71') in 0.025683208 seconds
Number of updated asset objects reloaded before import = 0Number of asset objects unloaded after import = 1

========================================================================
Received Import Request.
  Time since last request: 0.000067 seconds.
  path: Assets/TerrainDemoScene_URP/Terrain/DetailMaps/_Terrain_2_2_b6e03cf0-de91-4cae-b6af-0128d856ae43_1.asset
  artifactKey: Guid(193afb428f6c35b47a0b5923e105033b) Importer(2089858483,192608db42251d675da83286b1cce702)
Start importing Assets/TerrainDemoScene_URP/Terrain/DetailMaps/_Terrain_2_2_b6e03cf0-de91-4cae-b6af-0128d856ae43_1.asset using Guid(193afb428f6c35b47a0b5923e105033b) Importer(2089858483,192608db42251d675da83286b1cce702) (ScriptedImporter) -> (artifact id: '1035eb5ab7351bc5e5882ea00f0f2b62') in 0.067986333 seconds
Number of updated asset objects reloaded before import = 0Number of asset objects unloaded after import = 1

========================================================================
Received Import Request.
  Time since last request: 0.001620 seconds.
  path: Assets/TerrainDemoScene_URP/Prefabs/Trees/Pines/Pine_B/Textures/Pine_B_Billboard_Subsurface.png
  artifactKey: Guid(b62ae04c53c97654a84908e91da2cb08) Importer(2089858483,192608db42251d675da83286b1cce702)
Start importing Assets/TerrainDemoScene_URP/Prefabs/Trees/Pines/Pine_B/Textures/Pine_B_Billboard_Subsurface.png using Guid(b62ae04c53c97654a84908e91da2cb08) Importer(2089858483,192608db42251d675da83286b1cce702) (ScriptedImporter) -> (artifact id: 'f2c396749eac3e73c5ffa51e26166bed') in 0.056298541 seconds
Number of updated asset objects reloaded before import = 0Number of asset objects unloaded after import = 1

========================================================================
Received Import Request.
  Time since last request: 0.000401 seconds.
  path: Assets/TerrainDemoScene_URP/Prefabs/Trees/Cypress/Textures/Bark_Extra.tif
  artifactKey: Guid(199f5d792c70f744ba9d046685be46fa) Importer(2089858483,192608db42251d675da83286b1cce702)
Start importing Assets/TerrainDemoScene_URP/Prefabs/Trees/Cypress/Textures/Bark_Extra.tif using Guid(199f5d792c70f744ba9d046685be46fa) Importer(2089858483,192608db42251d675da83286b1cce702) (ScriptedImporter) -> (artifact id: '55b6b1c71d18a71f13e931053738330e') in 0.024858584 seconds
Number of updated asset objects reloaded before import = 0Number of asset objects unloaded after import = 1

========================================================================
Received Import Request.
  Time since last request: 0.000186 seconds.
  path: Assets/TerrainDemoScene_URP/Notes/ProxyTerrain.txt
  artifactKey: Guid(7230214813bdfa34087d0c6274e8e723) Importer(2089858483,192608db42251d675da83286b1cce702)
Start importing Assets/TerrainDemoScene_URP/Notes/ProxyTerrain.txt using Guid(7230214813bdfa34087d0c6274e8e723) Importer(2089858483,192608db42251d675da83286b1cce702) (ScriptedImporter) -> (artifact id: 'eb4b61e936ed54c2494d6007fae49f3e') in 0.011249625 seconds
Number of updated asset objects reloaded before import = 0Number of asset objects unloaded after import = 1

========================================================================
Received Import Request.
  Time since last request: 0.000126 seconds.
  path: Assets/TerrainDemoScene_URP/Settings
  artifactKey: Guid(e74a50c174002f848bd53aeb343b55e7) Importer(2089858483,192608db42251d675da83286b1cce702)
Start importing Assets/TerrainDemoScene_URP/Settings using Guid(e74a50c174002f848bd53aeb343b55e7) Importer(2089858483,192608db42251d675da83286b1cce702) (ScriptedImporter) -> (artifact id: 'ebe1a014d1b4f45203d23ed0d70f75e7') in 0.006267 seconds
Number of updated asset objects reloaded before import = 0Number of asset objects unloaded after import = 1

========================================================================
Received Import Request.
  Time since last request: 0.000569 seconds.
  path: Assets/TerrainDemoScene_URP/Prefabs/Details/Models
  artifactKey: Guid(7c12d91a38d5be9499dbd1e7c8d6b6f5) Importer(2089858483,192608db42251d675da83286b1cce702)
Start importing Assets/TerrainDemoScene_URP/Prefabs/Details/Models using Guid(7c12d91a38d5be9499dbd1e7c8d6b6f5) Importer(2089858483,192608db42251d675da83286b1cce702) (ScriptedImporter) -> (artifact id: 'daf0ff3727d244aebfe7775273fe0f6f') in 0.010242875 seconds
Number of updated asset objects reloaded before import = 0Number of asset objects unloaded after import = 1

========================================================================
Received Import Request.
  Time since last request: 0.000092 seconds.
  path: Assets/TerrainDemoScene_URP/Terrain/Brushes/Heightmaps/_New/terrace.tiff
  artifactKey: Guid(08cb9634b02f9f4408cd1a3982071248) Importer(2089858483,192608db42251d675da83286b1cce702)
Start importing Assets/TerrainDemoScene_URP/Terrain/Brushes/Heightmaps/_New/terrace.tiff using Guid(08cb9634b02f9f4408cd1a3982071248) Importer(2089858483,192608db42251d675da83286b1cce702) (ScriptedImporter) -> (artifact id: '1bf5cfc6a94b2245baa18e6c1c808a10') in 0.045010209 seconds
Number of updated asset objects reloaded before import = 0Number of asset objects unloaded after import = 1

========================================================================
Received Import Request.
  Time since last request: 0.000237 seconds.
  path: Assets/TerrainDemoScene_URP/Prefabs/Trees/Pines/Pine_A/Textures/Pine_A_Billboard_Normal.png
  artifactKey: Guid(e84e0f4013e447a419c72d7f742a52e5) Importer(2089858483,192608db42251d675da83286b1cce702)
Start importing Assets/TerrainDemoScene_URP/Prefabs/Trees/Pines/Pine_A/Textures/Pine_A_Billboard_Normal.png using Guid(e84e0f4013e447a419c72d7f742a52e5) Importer(2089858483,192608db42251d675da83286b1cce702) (ScriptedImporter) -> (artifact id: '60b8f4a449a048c171e7bba168ccdbb7') in 0.0302365 seconds
Number of updated asset objects reloaded before import = 0Number of asset objects unloaded after import = 1

========================================================================
Received Import Request.
  Time since last request: 0.000934 seconds.
  path: Assets/TerrainDemoScene_URP/Prefabs/Trees/Pines/Pine_D/Textures/Bark_Color.png
  artifactKey: Guid(74c27baaa4fcb914e839a6cb26e4fb98) Importer(2089858483,192608db42251d675da83286b1cce702)
Start importing Assets/TerrainDemoScene_URP/Prefabs/Trees/Pines/Pine_D/Textures/Bark_Color.png using Guid(74c27baaa4fcb914e839a6cb26e4fb98) Importer(2089858483,192608db42251d675da83286b1cce702) (ScriptedImporter) -> (artifact id: 'dc1e076f1a5e98f46e03d719673030e8') in 0.017837583 seconds
Number of updated asset objects reloaded before import = 0Number of asset objects unloaded after import = 1

========================================================================
Received Import Request.
  Time since last request: 0.000327 seconds.
  path: Assets/TerrainDemoScene_URP/Prefabs/Trees/Pines/Pine_A/Pine_A.prefab
  artifactKey: Guid(451d860cead90b64bbbab1639909594c) Importer(2089858483,192608db42251d675da83286b1cce702)
Start importing Assets/TerrainDemoScene_URP/Prefabs/Trees/Pines/Pine_A/Pine_A.prefab using Guid(451d860cead90b64bbbab1639909594c) Importer(2089858483,192608db42251d675da83286b1cce702) (ScriptedImporter) -> (artifact id: '768135725df90fe7b60dc62a765bb705') in 0.019947875 seconds
Number of updated asset objects reloaded before import = 0Number of asset objects unloaded after import = 33

========================================================================
Received Import Request.
  Time since last request: 0.000561 seconds.
  path: Assets/TerrainDemoScene_URP/Scripts/TerrainTreeToggle.cs
  artifactKey: Guid(2604d658e60cd9948ae5544d939ad153) Importer(2089858483,192608db42251d675da83286b1cce702)
Start importing Assets/TerrainDemoScene_URP/Scripts/TerrainTreeToggle.cs using Guid(2604d658e60cd9948ae5544d939ad153) Importer(2089858483,192608db42251d675da83286b1cce702) (ScriptedImporter) -> (artifact id: 'd5d9af5803d2af8f54967913a1f40754') in 0.016188 seconds
Number of updated asset objects reloaded before import = 0Number of asset objects unloaded after import = 0

========================================================================
Received Import Request.
  Time since last request: 0.000078 seconds.
  path: Assets/TerrainDemoScene_URP/Terrain/Data/Terrain_1_3_c8bbd3cb-768c-4918-85c9-b01968beea93.asset
  artifactKey: Guid(27b9665fe58316146a09d5226c18f939) Importer(2089858483,192608db42251d675da83286b1cce702)
Start importing Assets/TerrainDemoScene_URP/Terrain/Data/Terrain_1_3_c8bbd3cb-768c-4918-85c9-b01968beea93.asset using Guid(27b9665fe58316146a09d5226c18f939) Importer(2089858483,192608db42251d675da83286b1cce702) (ScriptedImporter) -> (artifact id: '640c33d9b46e4e407838575c1c722f18') in 0.581395667 seconds
Number of updated asset objects reloaded before import = 0Number of asset objects unloaded after import = 423

========================================================================
Received Import Request.
  Time since last request: 0.000177 seconds.
  path: Assets/TerrainDemoScene_URP/Prefabs/Rocks/Textures/Rock_Overgrown_A/Rock_Overgrown_A_MaskMap.tif
  artifactKey: Guid(5f64036cc2c54f1498e413a0428e5835) Importer(2089858483,192608db42251d675da83286b1cce702)
Start importing Assets/TerrainDemoScene_URP/Prefabs/Rocks/Textures/Rock_Overgrown_A/Rock_Overgrown_A_MaskMap.tif using Guid(5f64036cc2c54f1498e413a0428e5835) Importer(2089858483,192608db42251d675da83286b1cce702) (ScriptedImporter) -> (artifact id: '4d899c6495d90ed559e537842943388e') in 0.090800708 seconds
Number of updated asset objects reloaded before import = 0Number of asset objects unloaded after import = 1

========================================================================
Received Import Request.
  Time since last request: 0.008107 seconds.
  path: Assets/TerrainDemoScene_URP/Prefabs/Rocks/Textures/Rock_Overgrown_C/Rock_Overgrown_C_LayerMask.tif
  artifactKey: Guid(f0f4adefc6dd3314896f6019591f7fda) Importer(2089858483,192608db42251d675da83286b1cce702)
Start importing Assets/TerrainDemoScene_URP/Prefabs/Rocks/Textures/Rock_Overgrown_C/Rock_Overgrown_C_LayerMask.tif using Guid(f0f4adefc6dd3314896f6019591f7fda) Importer(2089858483,192608db42251d675da83286b1cce702) (ScriptedImporter) -> (artifact id: '31142903116fe1083c19847a49e26e82') in 0.0483835 seconds
Number of updated asset objects reloaded before import = 0Number of asset objects unloaded after import = 1

========================================================================
Received Import Request.
  Time since last request: 0.000668 seconds.
  path: Assets/TerrainDemoScene_URP/Prefabs/Skybox/Textures/Afternoon_Skybox.hdr
  artifactKey: Guid(4f8405359dce52b41851d5cf17778811) Importer(2089858483,192608db42251d675da83286b1cce702)
Start importing Assets/TerrainDemoScene_URP/Prefabs/Skybox/Textures/Afternoon_Skybox.hdr using Guid(4f8405359dce52b41851d5cf17778811) Importer(2089858483,192608db42251d675da83286b1cce702) (ScriptedImporter) -> (artifact id: '4aa4cd10c62d930f0948f51a872c6203') in 0.061537333 seconds
Number of updated asset objects reloaded before import = 0Number of asset objects unloaded after import = 1

========================================================================
Received Import Request.
  Time since last request: 0.001075 seconds.
  path: Assets/TerrainDemoScene_URP/Prefabs/Trees/Pines/Pine_B/Textures/Pine_B_Billboard_Normal.png
  artifactKey: Guid(766d2ba50ee207e41b0985b10163ccad) Importer(2089858483,192608db42251d675da83286b1cce702)
Start importing Assets/TerrainDemoScene_URP/Prefabs/Trees/Pines/Pine_B/Textures/Pine_B_Billboard_Normal.png using Guid(766d2ba50ee207e41b0985b10163ccad) Importer(2089858483,192608db42251d675da83286b1cce702) (ScriptedImporter) -> (artifact id: '019a86f84fd80d30917269d6b9eb1c33') in 0.079572458 seconds
Number of updated asset objects reloaded before import = 0Number of asset objects unloaded after import = 1

========================================================================
Received Import Request.
  Time since last request: 0.007600 seconds.
  path: Assets/TerrainDemoScene_URP/Prefabs/Trees/Pines/Pine_D/Textures/Bark_Extra.png
  artifactKey: Guid(38d89d146b766dc44961bf535af7de58) Importer(2089858483,192608db42251d675da83286b1cce702)
Start importing Assets/TerrainDemoScene_URP/Prefabs/Trees/Pines/Pine_D/Textures/Bark_Extra.png using Guid(38d89d146b766dc44961bf535af7de58) Importer(2089858483,192608db42251d675da83286b1cce702) (ScriptedImporter) -> (artifact id: '4075ba73bd19a67ac88304f92f8953da') in 0.066665375 seconds
Number of updated asset objects reloaded before import = 0Number of asset objects unloaded after import = 1

========================================================================
Received Import Request.
  Time since last request: 0.001996 seconds.
  path: Assets/TerrainDemoScene_URP/Prefabs/Trees/Pines/Pine_C/Pine_C.prefab
  artifactKey: Guid(942660f4ebcf9cd438f45122b0ad63eb) Importer(2089858483,192608db42251d675da83286b1cce702)
Start importing Assets/TerrainDemoScene_URP/Prefabs/Trees/Pines/Pine_C/Pine_C.prefab using Guid(942660f4ebcf9cd438f45122b0ad63eb) Importer(2089858483,192608db42251d675da83286b1cce702) (ScriptedImporter) -> (artifact id: 'b6ac6bf85594e97eb1da468e6d7aea93') in 0.040649083 seconds
Number of updated asset objects reloaded before import = 0Number of asset objects unloaded after import = 33

========================================================================
Received Import Request.
  Time since last request: 0.000092 seconds.
  path: Assets/TerrainDemoScene_URP/Scenes/TerrainDemoScene/ReflectionProbe-0.exr
  artifactKey: Guid(796ad14fbb0f97a4c8677ab39938e446) Importer(2089858483,192608db42251d675da83286b1cce702)
Start importing Assets/TerrainDemoScene_URP/Scenes/TerrainDemoScene/ReflectionProbe-0.exr using Guid(796ad14fbb0f97a4c8677ab39938e446) Importer(2089858483,192608db42251d675da83286b1cce702) (ScriptedImporter) -> (artifact id: '97b4d98353f2e476643e380e183dd30a') in 0.019213334 seconds
Number of updated asset objects reloaded before import = 0Number of asset objects unloaded after import = 1

========================================================================
Received Import Request.
  Time since last request: 0.000647 seconds.
  path: Assets/TerrainDemoScene_URP/Prefabs/Trees/Pines/Pine_A/Textures
  artifactKey: Guid(97baf8b4a2c4ee04fba377eb05dfd1ed) Importer(2089858483,192608db42251d675da83286b1cce702)
Start importing Assets/TerrainDemoScene_URP/Prefabs/Trees/Pines/Pine_A/Textures using Guid(97baf8b4a2c4ee04fba377eb05dfd1ed) Importer(2089858483,192608db42251d675da83286b1cce702) (ScriptedImporter) -> (artifact id: '44d0f5de2de1a8d20a99783e8ef73e53') in 0.004579875 seconds
Number of updated asset objects reloaded before import = 0Number of asset objects unloaded after import = 1

========================================================================
Received Import Request.
  Time since last request: 0.000244 seconds.
  path: Assets/TerrainDemoScene_URP/ShaderGraphs/SubGraphs/SphereAO.shadersubgraph
  artifactKey: Guid(41f928fb138f2a54c977831d1d3bb343) Importer(2089858483,192608db42251d675da83286b1cce702)
Start importing Assets/TerrainDemoScene_URP/ShaderGraphs/SubGraphs/SphereAO.shadersubgraph using Guid(41f928fb138f2a54c977831d1d3bb343) Importer(2089858483,192608db42251d675da83286b1cce702) (ScriptedImporter) -> (artifact id: '23e920eab608af8a8deb4036626696e6') in 0.074403334 seconds
Number of updated asset objects reloaded before import = 0Number of asset objects unloaded after import = 1

========================================================================
Received Import Request.
  Time since last request: 0.000666 seconds.
  path: Assets/TerrainDemoScene_URP/Prefabs/Trees/Pines/Pine_A/Textures/Bark_Extra.png
  artifactKey: Guid(3679c3f7234286e4fbcb6fea7385c59b) Importer(2089858483,192608db42251d675da83286b1cce702)
Start importing Assets/TerrainDemoScene_URP/Prefabs/Trees/Pines/Pine_A/Textures/Bark_Extra.png using Guid(3679c3f7234286e4fbcb6fea7385c59b) Importer(2089858483,192608db42251d675da83286b1cce702) (ScriptedImporter) -> (artifact id: '326063010fdf054de712a507cf9c6574') in 0.0960135 seconds
Number of updated asset objects reloaded before import = 0Number of asset objects unloaded after import = 1

========================================================================
Received Import Request.
  Time since last request: 0.001183 seconds.
  path: Assets/TerrainDemoScene_URP/Scenes/TerrainDemoScene/Lightmap-3_comp_light.exr
  artifactKey: Guid(b3ee092d21df3d24da4d45391832c0e8) Importer(2089858483,192608db42251d675da83286b1cce702)
Start importing Assets/TerrainDemoScene_URP/Scenes/TerrainDemoScene/Lightmap-3_comp_light.exr using Guid(b3ee092d21df3d24da4d45391832c0e8) Importer(2089858483,192608db42251d675da83286b1cce702) (ScriptedImporter) -> (artifact id: 'a6d062254b5acad694d3553fe0cc0e33') in 0.049616583 seconds
Number of updated asset objects reloaded before import = 0Number of asset objects unloaded after import = 1

========================================================================
Received Import Request.
  Time since last request: 0.000464 seconds.
  path: Assets/TerrainDemoScene_URP/Prefabs/Details/Models/GrassDry_A.asset
  artifactKey: Guid(09a1659fd760b4145bd8d18504bd1bff) Importer(2089858483,192608db42251d675da83286b1cce702)
Start importing Assets/TerrainDemoScene_URP/Prefabs/Details/Models/GrassDry_A.asset using Guid(09a1659fd760b4145bd8d18504bd1bff) Importer(2089858483,192608db42251d675da83286b1cce702) (ScriptedImporter) -> (artifact id: '219e251ef6560ba4316e61cecb44bb2a') in 0.012104375 seconds
Number of updated asset objects reloaded before import = 0Number of asset objects unloaded after import = 1

========================================================================
Received Import Request.
  Time since last request: 0.000505 seconds.
  path: Assets/TerrainDemoScene_URP/Terrain/Textures/Grass_Soil_A/Grass_Soil_A_Albedo.tif
  artifactKey: Guid(8d132b50decf7aa429d6d84a9e7a1217) Importer(2089858483,192608db42251d675da83286b1cce702)
Start importing Assets/TerrainDemoScene_URP/Terrain/Textures/Grass_Soil_A/Grass_Soil_A_Albedo.tif using Guid(8d132b50decf7aa429d6d84a9e7a1217) Importer(2089858483,192608db42251d675da83286b1cce702) (ScriptedImporter) -> (artifact id: 'cd6ce79d691e677a26b900907d7c3e54') in 0.024214541 seconds
Number of updated asset objects reloaded before import = 0Number of asset objects unloaded after import = 1

========================================================================
Received Import Request.
  Time since last request: 0.010423 seconds.
  path: Assets/TerrainDemoScene_URP/Prefabs/Trees/Pines/Pine_A/Textures/Pine_A_Color.png
  artifactKey: Guid(e643715c913228d4a949a99cde13392f) Importer(2089858483,192608db42251d675da83286b1cce702)
Start importing Assets/TerrainDemoScene_URP/Prefabs/Trees/Pines/Pine_A/Textures/Pine_A_Color.png using Guid(e643715c913228d4a949a99cde13392f) Importer(2089858483,192608db42251d675da83286b1cce702) (ScriptedImporter) -> (artifact id: '634b995df8708f76d4a2a7711eac89bd') in 0.0253055 seconds
Number of updated asset objects reloaded before import = 0Number of asset objects unloaded after import = 1

========================================================================
Received Import Request.
  Time since last request: 0.001937 seconds.
  path: Assets/TerrainDemoScene_URP/Prefabs/Rocks/Textures/Cliff_Mossy_B/Cliff_Mossy_B_Height.tif
  artifactKey: Guid(701273150b2d11641b58887a1048d3bd) Importer(2089858483,192608db42251d675da83286b1cce702)
Start importing Assets/TerrainDemoScene_URP/Prefabs/Rocks/Textures/Cliff_Mossy_B/Cliff_Mossy_B_Height.tif using Guid(701273150b2d11641b58887a1048d3bd) Importer(2089858483,192608db42251d675da83286b1cce702) (ScriptedImporter) -> (artifact id: '7882a7551e29f80733438d5755cf960f') in 0.02039875 seconds
Number of updated asset objects reloaded before import = 0Number of asset objects unloaded after import = 1

========================================================================
Received Import Request.
  Time since last request: 0.000060 seconds.
  path: Assets/TerrainDemoScene_URP/Prefabs/Trees/Pines/Pine_A/Textures/Pine_A_Normal.png
  artifactKey: Guid(0623efe4c43f0a14db6d75c5e177edb2) Importer(2089858483,192608db42251d675da83286b1cce702)
Start importing Assets/TerrainDemoScene_URP/Prefabs/Trees/Pines/Pine_A/Textures/Pine_A_Normal.png using Guid(0623efe4c43f0a14db6d75c5e177edb2) Importer(2089858483,192608db42251d675da83286b1cce702) (ScriptedImporter) -> (artifact id: 'f6943a94fcc345a416d48c21efcb788e') in 0.016900458 seconds
Number of updated asset objects reloaded before import = 0Number of asset objects unloaded after import = 1

========================================================================
Received Import Request.
  Time since last request: 0.004941 seconds.
  path: Assets/TutorialInfo/Scripts/Editor/ReadmeEditor.cs
  artifactKey: Guid(476cc7d7cd9874016adc216baab94a0a) Importer(2089858483,192608db42251d675da83286b1cce702)
Start importing Assets/TutorialInfo/Scripts/Editor/ReadmeEditor.cs using Guid(476cc7d7cd9874016adc216baab94a0a) Importer(2089858483,192608db42251d675da83286b1cce702) (ScriptedImporter) -> (artifact id: '84452cbc712ded7898c9c8600f19ae42') in 0.007066 seconds
Number of updated asset objects reloaded before import = 0Number of asset objects unloaded after import = 0

========================================================================
Received Import Request.
  Time since last request: 0.002267 seconds.
  path: Assets/TerrainDemoScene_URP/TextMeshPro/Fonts/InterRegular.asset
  artifactKey: Guid(0dbb88c50070c3f4f885744db5291cc0) Importer(2089858483,192608db42251d675da83286b1cce702)
Start importing Assets/TerrainDemoScene_URP/TextMeshPro/Fonts/InterRegular.asset using Guid(0dbb88c50070c3f4f885744db5291cc0) Importer(2089858483,192608db42251d675da83286b1cce702) (ScriptedImporter) -> (artifact id: '275f319b7ee6ca764db46eaa3d967b4d') in 0.583135875 seconds
Number of updated asset objects reloaded before import = 0Number of asset objects unloaded after import = 3

========================================================================
Received Import Request.
  Time since last request: 0.018925 seconds.
  path: Assets/TerrainDemoScene_URP/Terrain/Textures/Heather_A
  artifactKey: Guid(642246c16f83223418b78cd85145c847) Importer(2089858483,192608db42251d675da83286b1cce702)
Start importing Assets/TerrainDemoScene_URP/Terrain/Textures/Heather_A using Guid(642246c16f83223418b78cd85145c847) Importer(2089858483,192608db42251d675da83286b1cce702) (ScriptedImporter) -> (artifact id: '4bf08260ae7b907dad30bb79f3af3949') in 0.049177625 seconds
Number of updated asset objects reloaded before import = 0Number of asset objects unloaded after import = 1

========================================================================
Received Import Request.
  Time since last request: 0.000117 seconds.
  path: Assets/TerrainDemoScene_URP/Prefabs/Rocks/Textures/Rock_A_Normal.tif
  artifactKey: Guid(e9e566d59c8df664d8eb70743cd5b760) Importer(2089858483,192608db42251d675da83286b1cce702)
Start importing Assets/TerrainDemoScene_URP/Prefabs/Rocks/Textures/Rock_A_Normal.tif using Guid(e9e566d59c8df664d8eb70743cd5b760) Importer(2089858483,192608db42251d675da83286b1cce702) (ScriptedImporter) -> (artifact id: 'b9e78ab9dedf774d2450852553ea3d10') in 0.040222458 seconds
Number of updated asset objects reloaded before import = 0Number of asset objects unloaded after import = 1

========================================================================
Received Import Request.
  Time since last request: 0.000229 seconds.
  path: Assets/TerrainDemoScene_URP/Prefabs/Water/Textures/Moss_B_BaseColor.tif
  artifactKey: Guid(9cb1644a840e1be49b7dcbd2be19ca01) Importer(2089858483,192608db42251d675da83286b1cce702)
Start importing Assets/TerrainDemoScene_URP/Prefabs/Water/Textures/Moss_B_BaseColor.tif using Guid(9cb1644a840e1be49b7dcbd2be19ca01) Importer(2089858483,192608db42251d675da83286b1cce702) (ScriptedImporter) -> (artifact id: '4a7f2f89e15f80968deae17f7a63fb24') in 0.022019083 seconds
Number of updated asset objects reloaded before import = 0Number of asset objects unloaded after import = 1

========================================================================
Received Import Request.
  Time since last request: 0.000258 seconds.
  path: Assets/TerrainDemoScene_URP/Prefabs/Trees/Conifer/Textures/Confier_Cap_Color.png
  artifactKey: Guid(357c917d325bcf24982efec540bbc87a) Importer(2089858483,192608db42251d675da83286b1cce702)
Start importing Assets/TerrainDemoScene_URP/Prefabs/Trees/Conifer/Textures/Confier_Cap_Color.png using Guid(357c917d325bcf24982efec540bbc87a) Importer(2089858483,192608db42251d675da83286b1cce702) (ScriptedImporter) -> (artifact id: 'aacf7a2e6d7bcaca07fb3123e0eef543') in 0.017821334 seconds
Number of updated asset objects reloaded before import = 0Number of asset objects unloaded after import = 1

========================================================================
Received Import Request.
  Time since last request: 0.000184 seconds.
  path: Assets/TerrainDemoScene_URP/Prefabs/Shots/ValleyShot.prefab
  artifactKey: Guid(f16496cae10264a26a76646fd4d9d155) Importer(2089858483,192608db42251d675da83286b1cce702)
Start importing Assets/TerrainDemoScene_URP/Prefabs/Shots/ValleyShot.prefab using Guid(f16496cae10264a26a76646fd4d9d155) Importer(2089858483,192608db42251d675da83286b1cce702) (ScriptedImporter) -> (artifact id: '3e5ee4ea9ce8a671aa88eb7142cbd4db') in 0.078241708 seconds
Number of updated asset objects reloaded before import = 0Number of asset objects unloaded after import = 34

========================================================================
Received Import Request.
  Time since last request: 0.000113 seconds.
  path: Assets/TerrainDemoScene_URP/TextMeshPro/Fonts
  artifactKey: Guid(6ab70aee4d56447429c680537fbf93ed) Importer(2089858483,192608db42251d675da83286b1cce702)
Start importing Assets/TerrainDemoScene_URP/TextMeshPro/Fonts using Guid(6ab70aee4d56447429c680537fbf93ed) Importer(2089858483,192608db42251d675da83286b1cce702) (ScriptedImporter) -> (artifact id: '9ad1e745d48711dff995d327f2a05cce') in 0.00636725 seconds
Number of updated asset objects reloaded before import = 0Number of asset objects unloaded after import = 1

========================================================================
Received Import Request.
  Time since last request: 0.000132 seconds.
  path: Assets/TerrainDemoScene_URP/Prefabs/Trees/Pines/Pine_D/Textures/Pine_D_Billboard_Extra.png
  artifactKey: Guid(a3de5649b073d9f4eabd0101828bbdf9) Importer(2089858483,192608db42251d675da83286b1cce702)
Start importing Assets/TerrainDemoScene_URP/Prefabs/Trees/Pines/Pine_D/Textures/Pine_D_Billboard_Extra.png using Guid(a3de5649b073d9f4eabd0101828bbdf9) Importer(2089858483,192608db42251d675da83286b1cce702) (ScriptedImporter) -> (artifact id: 'dd8f0691105af840a02276bf33b1770b') in 0.032369208 seconds
Number of updated asset objects reloaded before import = 0Number of asset objects unloaded after import = 1

========================================================================
Received Import Request.
  Time since last request: 0.000076 seconds.
  path: Assets/TerrainDemoScene_URP/Terrain
  artifactKey: Guid(1c7d9479254419746b6bef253ae5853b) Importer(2089858483,192608db42251d675da83286b1cce702)
Start importing Assets/TerrainDemoScene_URP/Terrain using Guid(1c7d9479254419746b6bef253ae5853b) Importer(2089858483,192608db42251d675da83286b1cce702) (ScriptedImporter) -> (artifact id: 'ebf34b336759a39cb27592a986574d9b') in 0.008034834 seconds
Number of updated asset objects reloaded before import = 0Number of asset objects unloaded after import = 1

========================================================================
Received Import Request.
  Time since last request: 0.000080 seconds.
  path: Assets/TerrainDemoScene_URP/Notes/Stamps.txt
  artifactKey: Guid(4014ab7164a02e549a630f1b9cf4f875) Importer(2089858483,192608db42251d675da83286b1cce702)
Start importing Assets/TerrainDemoScene_URP/Notes/Stamps.txt using Guid(4014ab7164a02e549a630f1b9cf4f875) Importer(2089858483,192608db42251d675da83286b1cce702) (ScriptedImporter) -> (artifact id: '83c15c9663daabe4f6a6cdab1504ba09') in 0.006393375 seconds
Number of updated asset objects reloaded before import = 0Number of asset objects unloaded after import = 1

========================================================================
Received Import Request.
  Time since last request: 0.000150 seconds.
  path: Assets/TerrainDemoScene_URP/Prefabs/Details/Materials/Shrub.asset
  artifactKey: Guid(3fed16abbb8ff3145983ba65eca1cca2) Importer(2089858483,192608db42251d675da83286b1cce702)
Start importing Assets/TerrainDemoScene_URP/Prefabs/Details/Materials/Shrub.asset using Guid(3fed16abbb8ff3145983ba65eca1cca2) Importer(2089858483,192608db42251d675da83286b1cce702) (ScriptedImporter) -> (artifact id: '45beb07ad6d719576bda378565a8fd78') in 0.056246208 seconds
Number of updated asset objects reloaded before import = 0Number of asset objects unloaded after import = 15

========================================================================
Received Import Request.
  Time since last request: 0.000075 seconds.
  path: Assets/TerrainDemoScene_URP/VFXGraphs/Fog.vfx
  artifactKey: Guid(2241ac7f4af506e468db03b480dabdce) Importer(2089858483,192608db42251d675da83286b1cce702)
Start importing Assets/TerrainDemoScene_URP/VFXGraphs/Fog.vfx using Guid(2241ac7f4af506e468db03b480dabdce) Importer(2089858483,192608db42251d675da83286b1cce702) (ScriptedImporter) -> (artifact id: '73e416c2e7aa27e0b7202672c1957c2e') in 0.053412 seconds
Number of updated asset objects reloaded before import = 0Number of asset objects unloaded after import = 5

========================================================================
Received Import Request.
  Time since last request: 0.000118 seconds.
  path: Assets/TerrainDemoScene_URP/Terrain/Data/Terrain_2_1_82fc4922-5564-4a18-858e-787f6d901556.asset
  artifactKey: Guid(61a4a9b8fba44b54e91d1d09079f740c) Importer(2089858483,192608db42251d675da83286b1cce702)
Start importing Assets/TerrainDemoScene_URP/Terrain/Data/Terrain_2_1_82fc4922-5564-4a18-858e-787f6d901556.asset using Guid(61a4a9b8fba44b54e91d1d09079f740c) Importer(2089858483,192608db42251d675da83286b1cce702) (ScriptedImporter) -> (artifact id: '7577fec648d5055e892269090136aae8') in 0.642493834 seconds
Number of updated asset objects reloaded before import = 0Number of asset objects unloaded after import = 510

========================================================================
Received Import Request.
  Time since last request: 0.065604 seconds.
  path: Assets/TerrainDemoScene_URP/Prefabs/Rocks/Textures/Rock_B_Normal.tif
  artifactKey: Guid(d5d9655cb5560cb44bcdf9a190e2a068) Importer(2089858483,192608db42251d675da83286b1cce702)
Start importing Assets/TerrainDemoScene_URP/Prefabs/Rocks/Textures/Rock_B_Normal.tif using Guid(d5d9655cb5560cb44bcdf9a190e2a068) Importer(2089858483,192608db42251d675da83286b1cce702) (ScriptedImporter) -> (artifact id: 'af997d4dac6541e7f7d965c535bf4a87') in 0.051082375 seconds
Number of updated asset objects reloaded before import = 0Number of asset objects unloaded after import = 1

========================================================================
Received Import Request.
  Time since last request: 0.032174 seconds.
  path: Assets/TerrainDemoScene_URP/Prefabs/Trees/Pines/Pine_A/Textures/Bark_Normal.png
  artifactKey: Guid(fc09e687e58f23740b273e93c357f0c4) Importer(2089858483,192608db42251d675da83286b1cce702)
Start importing Assets/TerrainDemoScene_URP/Prefabs/Trees/Pines/Pine_A/Textures/Bark_Normal.png using Guid(fc09e687e58f23740b273e93c357f0c4) Importer(2089858483,192608db42251d675da83286b1cce702) (ScriptedImporter) -> (artifact id: 'eadcd39470eb96c462ea4328fd41847e') in 0.072966834 seconds
Number of updated asset objects reloaded before import = 0Number of asset objects unloaded after import = 1

========================================================================
Received Import Request.
  Time since last request: 0.016105 seconds.
  path: Assets/TerrainDemoScene_URP/Prefabs/Trees/Pines/Pine_C/Textures/Pine_C_Billboard_Subsurface.png
  artifactKey: Guid(4e3e9f2a55d6511488fa952048fb9707) Importer(2089858483,192608db42251d675da83286b1cce702)
Start importing Assets/TerrainDemoScene_URP/Prefabs/Trees/Pines/Pine_C/Textures/Pine_C_Billboard_Subsurface.png using Guid(4e3e9f2a55d6511488fa952048fb9707) Importer(2089858483,192608db42251d675da83286b1cce702) (ScriptedImporter) -> (artifact id: '47a27e691a7869110d66bfa233322a15') in 0.077325958 seconds
Number of updated asset objects reloaded before import = 0Number of asset objects unloaded after import = 1

========================================================================
Received Import Request.
  Time since last request: 0.000329 seconds.
  path: Assets/TerrainDemoScene_URP/TextMeshPro/Shaders/TextMeshPro/TMP_Sprite.shader
  artifactKey: Guid(cf81c85f95fe47e1a27f6ae460cf182c) Importer(2089858483,192608db42251d675da83286b1cce702)
Start importing Assets/TerrainDemoScene_URP/TextMeshPro/Shaders/TextMeshPro/TMP_Sprite.shader using Guid(cf81c85f95fe47e1a27f6ae460cf182c) Importer(2089858483,192608db42251d675da83286b1cce702) (ScriptedImporter) -> (artifact id: '0200a46542a7a27905b1ff07670cb546') in 0.041896375 seconds
Number of updated asset objects reloaded before import = 0Number of asset objects unloaded after import = 1

========================================================================
Received Import Request.
  Time since last request: 0.001543 seconds.
  path: Assets/TerrainDemoScene_URP/TextMeshPro/Shaders/TextMeshPro/TMP_SDF Overlay.shader
  artifactKey: Guid(dd89cf5b9246416f84610a006f916af7) Importer(2089858483,192608db42251d675da83286b1cce702)
Start importing Assets/TerrainDemoScene_URP/TextMeshPro/Shaders/TextMeshPro/TMP_SDF Overlay.shader using Guid(dd89cf5b9246416f84610a006f916af7) Importer(2089858483,192608db42251d675da83286b1cce702) (ScriptedImporter) -> (artifact id: '5d92151776b5ca806c181f534515c34e') in 0.028354459 seconds
Number of updated asset objects reloaded before import = 0Number of asset objects unloaded after import = 1

========================================================================
Received Import Request.
  Time since last request: 0.000646 seconds.
  path: Assets/TerrainDemoScene_URP/ShaderGraphs/SubGraphs/CheapDistance.shadersubgraph
  artifactKey: Guid(94e23ddb4164d5046bf6bb968a73ff6c) Importer(2089858483,192608db42251d675da83286b1cce702)
Start importing Assets/TerrainDemoScene_URP/ShaderGraphs/SubGraphs/CheapDistance.shadersubgraph using Guid(94e23ddb4164d5046bf6bb968a73ff6c) Importer(2089858483,192608db42251d675da83286b1cce702) (ScriptedImporter) -> (artifact id: 'ba1084da13ed07ae8b789eacd11620a4') in 0.016389834 seconds
Number of updated asset objects reloaded before import = 0Number of asset objects unloaded after import = 1

========================================================================
Received Import Request.
  Time since last request: 0.000045 seconds.
  path: Assets/TerrainDemoScene_URP/Prefabs/Rocks/Materials/Rock_Overgrown_A.mat
  artifactKey: Guid(fba07ae0ac6dbe94188dc1bd2c505bd8) Importer(2089858483,192608db42251d675da83286b1cce702)
Start importing Assets/TerrainDemoScene_URP/Prefabs/Rocks/Materials/Rock_Overgrown_A.mat using Guid(fba07ae0ac6dbe94188dc1bd2c505bd8) Importer(2089858483,192608db42251d675da83286b1cce702) (ScriptedImporter) -> (artifact id: '754400e17b57e3bf931a8600e418bcfb') in 2.3333235 seconds
Number of updated asset objects reloaded before import = 0Number of asset objects unloaded after import = 19

========================================================================
Received Import Request.
  Time since last request: 0.000254 seconds.
  path: Assets/TerrainDemoScene_URP/Terrain/Data/Terrain_0_0_8723fb12-db1c-4ba2-97c5-90e784c8adbf 1.asset
  artifactKey: Guid(c3cf84b6d8462e9418e2da6c641f112b) Importer(2089858483,192608db42251d675da83286b1cce702)
Start importing Assets/TerrainDemoScene_URP/Terrain/Data/Terrain_0_0_8723fb12-db1c-4ba2-97c5-90e784c8adbf 1.asset using Guid(c3cf84b6d8462e9418e2da6c641f112b) Importer(2089858483,192608db42251d675da83286b1cce702) (ScriptedImporter) -> (artifact id: '69f10a65ae2ca6fcd02483d9a61ebec3') in 0.058441583 seconds
Number of updated asset objects reloaded before import = 0Number of asset objects unloaded after import = 2

========================================================================
Received Import Request.
  Time since last request: 0.000140 seconds.
  path: Assets/TerrainDemoScene_URP/Prefabs/Skybox/SkyboxMountains.prefab
  artifactKey: Guid(bafa13e7f7584804785c3f212ae0bf27) Importer(2089858483,192608db42251d675da83286b1cce702)
Start importing Assets/TerrainDemoScene_URP/Prefabs/Skybox/SkyboxMountains.prefab using Guid(bafa13e7f7584804785c3f212ae0bf27) Importer(2089858483,192608db42251d675da83286b1cce702) (ScriptedImporter) -> (artifact id: '365fd035ab8bfdf722d838011fe0c542') in 0.059363292 seconds
Number of updated asset objects reloaded before import = 0Number of asset objects unloaded after import = 46

========================================================================
Received Import Request.
  Time since last request: 0.015568 seconds.
  path: Assets/TerrainDemoScene_URP/Scenes/TerrainDemoScene/ReflectionProbe-2.exr
  artifactKey: Guid(b4dcc86012dc5a347a3dbc54a7c0dc65) Importer(2089858483,192608db42251d675da83286b1cce702)
Start importing Assets/TerrainDemoScene_URP/Scenes/TerrainDemoScene/ReflectionProbe-2.exr using Guid(b4dcc86012dc5a347a3dbc54a7c0dc65) Importer(2089858483,192608db42251d675da83286b1cce702) (ScriptedImporter) -> (artifact id: 'f18162e967ccef373ca7867c658f7028') in 0.028798333 seconds
Number of updated asset objects reloaded before import = 0Number of asset objects unloaded after import = 1

========================================================================
Received Import Request.
  Time since last request: 0.000360 seconds.
  path: Assets/TerrainDemoScene_URP/Prefabs/Trees/Pines/Pine_B/Textures/Bark_Normal.png
  artifactKey: Guid(ad6480470c15d984f84830f327244ee7) Importer(2089858483,192608db42251d675da83286b1cce702)
Start importing Assets/TerrainDemoScene_URP/Prefabs/Trees/Pines/Pine_B/Textures/Bark_Normal.png using Guid(ad6480470c15d984f84830f327244ee7) Importer(2089858483,192608db42251d675da83286b1cce702) (ScriptedImporter) -> (artifact id: '6159e3a6fc3378aac499a14b776296e2') in 0.019091583 seconds
Number of updated asset objects reloaded before import = 0Number of asset objects unloaded after import = 1

========================================================================
Received Import Request.
  Time since last request: 0.000113 seconds.
  path: Assets/TerrainDemoScene_URP/Prefabs/Trees/Cypress/Textures/Cypress_Forest_Desktop_Billboard_Extra.tif
  artifactKey: Guid(dbda5ab6f9a23bd46b831987f6a14c89) Importer(2089858483,192608db42251d675da83286b1cce702)
Start importing Assets/TerrainDemoScene_URP/Prefabs/Trees/Cypress/Textures/Cypress_Forest_Desktop_Billboard_Extra.tif using Guid(dbda5ab6f9a23bd46b831987f6a14c89) Importer(2089858483,192608db42251d675da83286b1cce702) (ScriptedImporter) -> (artifact id: '3fdf8b427b0cbf269c42c11fd204173e') in 0.016295042 seconds
Number of updated asset objects reloaded before import = 0Number of asset objects unloaded after import = 1

========================================================================
Received Import Request.
  Time since last request: 0.003063 seconds.
  path: Assets/TerrainDemoScene_URP/TextMeshPro/Shaders
  artifactKey: Guid(7c60d6770dc1a894e9e9cd135e583235) Importer(2089858483,192608db42251d675da83286b1cce702)
Start importing Assets/TerrainDemoScene_URP/TextMeshPro/Shaders using Guid(7c60d6770dc1a894e9e9cd135e583235) Importer(2089858483,192608db42251d675da83286b1cce702) (ScriptedImporter) -> (artifact id: 'd9c93b9b1fdeb7663518b7f524b4075a') in 0.007763541 seconds
Number of updated asset objects reloaded before import = 0Number of asset objects unloaded after import = 1

========================================================================
Received Import Request.
  Time since last request: 0.000069 seconds.
  path: Assets/TerrainDemoScene_URP/TextMeshPro/Resources/Sprite Assets
  artifactKey: Guid(512a49d95c0c4332bdd98131869c23c9) Importer(2089858483,192608db42251d675da83286b1cce702)
Start importing Assets/TerrainDemoScene_URP/TextMeshPro/Resources/Sprite Assets using Guid(512a49d95c0c4332bdd98131869c23c9) Importer(2089858483,192608db42251d675da83286b1cce702) (ScriptedImporter) -> (artifact id: 'd0b8a65c72ecd3a2ac655b6d62b5543f') in 0.031541792 seconds
Number of updated asset objects reloaded before import = 0Number of asset objects unloaded after import = 1

========================================================================
Received Import Request.
  Time since last request: 0.000276 seconds.
  path: Assets/TerrainDemoScene_URP/Prefabs/Trees/Conifer/Materials/Conifer_Billboard.mat
  artifactKey: Guid(807b0ad96d574a1469ca70ba065258a7) Importer(2089858483,192608db42251d675da83286b1cce702)
Start importing Assets/TerrainDemoScene_URP/Prefabs/Trees/Conifer/Materials/Conifer_Billboard.mat using Guid(807b0ad96d574a1469ca70ba065258a7) Importer(2089858483,192608db42251d675da83286b1cce702) (ScriptedImporter) -> (artifact id: '437ba07701df7cf66b0a95c38113bb0f') in 0.068137667 seconds
Number of updated asset objects reloaded before import = 0Number of asset objects unloaded after import = 10

========================================================================
Received Import Request.
  Time since last request: 0.000197 seconds.
  path: Assets/TerrainDemoScene_URP/Prefabs/Shots/OxbowShot.prefab
  artifactKey: Guid(a0e93c0dd1c8f414d9b3df8d239794ce) Importer(2089858483,192608db42251d675da83286b1cce702)
Start importing Assets/TerrainDemoScene_URP/Prefabs/Shots/OxbowShot.prefab using Guid(a0e93c0dd1c8f414d9b3df8d239794ce) Importer(2089858483,192608db42251d675da83286b1cce702) (ScriptedImporter) -> (artifact id: 'e341b5b76663f71dee8c6459fdec03b3') in 0.035248083 seconds
Number of updated asset objects reloaded before import = 0Number of asset objects unloaded after import = 38

========================================================================
Received Import Request.
  Time since last request: 0.000644 seconds.
  path: Assets/TerrainDemoScene_URP/Notes/Tiles.txt
  artifactKey: Guid(ec0aa8044538696418cb9fd2347ad459) Importer(2089858483,192608db42251d675da83286b1cce702)
Start importing Assets/TerrainDemoScene_URP/Notes/Tiles.txt using Guid(ec0aa8044538696418cb9fd2347ad459) Importer(2089858483,192608db42251d675da83286b1cce702) (ScriptedImporter) -> (artifact id: '32912b03d9097dc49c4b108e60e68da8') in 0.007650084 seconds
Number of updated asset objects reloaded before import = 0Number of asset objects unloaded after import = 1

========================================================================
Received Import Request.
  Time since last request: 0.068560 seconds.
  path: Assets/TerrainDemoScene_URP/Prefabs/Water/Textures
  artifactKey: Guid(71dc7228a8e271e4ab8ad92922160c94) Importer(2089858483,192608db42251d675da83286b1cce702)
Start importing Assets/TerrainDemoScene_URP/Prefabs/Water/Textures using Guid(71dc7228a8e271e4ab8ad92922160c94) Importer(2089858483,192608db42251d675da83286b1cce702) (ScriptedImporter) -> (artifact id: 'a24b7ff3fc6d5aa329ec4f41802aa8e9') in 0.034565834 seconds
Number of updated asset objects reloaded before import = 0Number of asset objects unloaded after import = 1

========================================================================
Received Import Request.
  Time since last request: 0.000158 seconds.
  path: Assets/TerrainDemoScene_URP/Prefabs/Trees/Pines/Pine_A/Textures/Pine_A_Billboard_Subsurface.png
  artifactKey: Guid(b0a5fd9feb707d84386943f66b0ad9fe) Importer(2089858483,192608db42251d675da83286b1cce702)
Start importing Assets/TerrainDemoScene_URP/Prefabs/Trees/Pines/Pine_A/Textures/Pine_A_Billboard_Subsurface.png using Guid(b0a5fd9feb707d84386943f66b0ad9fe) Importer(2089858483,192608db42251d675da83286b1cce702) (ScriptedImporter) -> (artifact id: '52b8c513c3cb45c924beecf66c184b77') in 0.031268875 seconds
Number of updated asset objects reloaded before import = 0Number of asset objects unloaded after import = 1

========================================================================
Received Import Request.
  Time since last request: 0.006736 seconds.
  path: Assets/TerrainDemoScene_URP/Prefabs/Rocks/Materials/Rock_Overgrown_B.mat
  artifactKey: Guid(dde3f8edf14984b4a8709892ab5c4c92) Importer(2089858483,192608db42251d675da83286b1cce702)
Start importing Assets/TerrainDemoScene_URP/Prefabs/Rocks/Materials/Rock_Overgrown_B.mat using Guid(dde3f8edf14984b4a8709892ab5c4c92) Importer(2089858483,192608db42251d675da83286b1cce702) (ScriptedImporter) -> (artifact id: '190e0de723d303ee9a5c523e327ab6ba') in 0.152723334 seconds
Number of updated asset objects reloaded before import = 0Number of asset objects unloaded after import = 19

========================================================================
Received Import Request.
  Time since last request: 0.000173 seconds.
  path: Assets/TerrainDemoScene_URP/Prefabs/Details/Models/Bush_Red.asset
  artifactKey: Guid(c6d1e88a3a0c3cf4581050100e178cab) Importer(2089858483,192608db42251d675da83286b1cce702)
Start importing Assets/TerrainDemoScene_URP/Prefabs/Details/Models/Bush_Red.asset using Guid(c6d1e88a3a0c3cf4581050100e178cab) Importer(2089858483,192608db42251d675da83286b1cce702) (ScriptedImporter) -> (artifact id: '07d7e8781986e5af4a7e074b5f5e0938') in 0.052557458 seconds
Number of updated asset objects reloaded before import = 0Number of asset objects unloaded after import = 1

========================================================================
Received Import Request.
  Time since last request: 0.000055 seconds.
  path: Assets/TerrainDemoScene_URP/Prefabs/Rocks/Models/Rock_C_02.fbx
  artifactKey: Guid(42a5fc4117eb11e4db95a975d19a76ca) Importer(2089858483,192608db42251d675da83286b1cce702)
Start importing Assets/TerrainDemoScene_URP/Prefabs/Rocks/Models/Rock_C_02.fbx using Guid(42a5fc4117eb11e4db95a975d19a76ca) Importer(2089858483,192608db42251d675da83286b1cce702) (ScriptedImporter) -> (artifact id: '946b51e27b12abea115cfbcb582fc66d') in 0.020792292 seconds
Number of updated asset objects reloaded before import = 0Number of asset objects unloaded after import = 30

========================================================================
Received Import Request.
  Time since last request: 0.000086 seconds.
  path: Assets/TerrainDemoScene_URP/Prefabs/Rocks/Textures/Rock_06_MaskMap.tif
  artifactKey: Guid(e85131b1ddfaf9a468c8461b4be882ed) Importer(2089858483,192608db42251d675da83286b1cce702)
Start importing Assets/TerrainDemoScene_URP/Prefabs/Rocks/Textures/Rock_06_MaskMap.tif using Guid(e85131b1ddfaf9a468c8461b4be882ed) Importer(2089858483,192608db42251d675da83286b1cce702) (ScriptedImporter) -> (artifact id: '284fad46216c511d0a89604b2ae5fa80') in 0.020826125 seconds
Number of updated asset objects reloaded before import = 0Number of asset objects unloaded after import = 1

========================================================================
Received Import Request.
  Time since last request: 0.007259 seconds.
  path: Assets/TerrainDemoScene_URP/Scenes/TerrainDemoScene/Lightmap-2_comp_dir.png
  artifactKey: Guid(8099aed24c182814eadb71aecf223c06) Importer(2089858483,192608db42251d675da83286b1cce702)
Start importing Assets/TerrainDemoScene_URP/Scenes/TerrainDemoScene/Lightmap-2_comp_dir.png using Guid(8099aed24c182814eadb71aecf223c06) Importer(2089858483,192608db42251d675da83286b1cce702) (ScriptedImporter) -> (artifact id: '46e086ad840d8743f65defc267291ce7') in 0.020693208 seconds
Number of updated asset objects reloaded before import = 0Number of asset objects unloaded after import = 1

========================================================================
Received Import Request.
  Time since last request: 0.000212 seconds.
  path: Assets/TerrainDemoScene_URP/Prefabs/Shots/LakeShot.prefab
  artifactKey: Guid(e94e2b0bf3dc14d12922aa5beba76208) Importer(2089858483,192608db42251d675da83286b1cce702)
Start importing Assets/TerrainDemoScene_URP/Prefabs/Shots/LakeShot.prefab using Guid(e94e2b0bf3dc14d12922aa5beba76208) Importer(2089858483,192608db42251d675da83286b1cce702) (ScriptedImporter) -> (artifact id: '695b7b993792381cd98f94a41246f655') in 0.026461542 seconds
Number of updated asset objects reloaded before import = 0Number of asset objects unloaded after import = 30

========================================================================
Received Import Request.
  Time since last request: 0.000113 seconds.
  path: Assets/TerrainDemoScene_URP/Prefabs/Trees/Conifer/Conifer.prefab
  artifactKey: Guid(cce4d8667f2436a479759f07084d8ff4) Importer(2089858483,192608db42251d675da83286b1cce702)
Start importing Assets/TerrainDemoScene_URP/Prefabs/Trees/Conifer/Conifer.prefab using Guid(cce4d8667f2436a479759f07084d8ff4) Importer(2089858483,192608db42251d675da83286b1cce702) (ScriptedImporter) -> (artifact id: 'd5acf2a504bdb7e0bf91d65baa0ead2f') in 0.08316 seconds
Number of updated asset objects reloaded before import = 0Number of asset objects unloaded after import = 33

========================================================================
Received Import Request.
  Time since last request: 0.000252 seconds.
  path: Assets/TerrainDemoScene_URP/Terrain/Textures/Lake
  artifactKey: Guid(643f444c735b3964f8792fc1f4431d76) Importer(2089858483,192608db42251d675da83286b1cce702)
Start importing Assets/TerrainDemoScene_URP/Terrain/Textures/Lake using Guid(643f444c735b3964f8792fc1f4431d76) Importer(2089858483,192608db42251d675da83286b1cce702) (ScriptedImporter) -> (artifact id: '9b6b76fc29985aae39dbba2861468719') in 0.013036958 seconds
Number of updated asset objects reloaded before import = 0Number of asset objects unloaded after import = 1

========================================================================
Received Import Request.
  Time since last request: 0.001349 seconds.
  path: Assets/TerrainDemoScene_URP/Prefabs/Trees/Conifer/Materials/Conifer_Cap.mat
  artifactKey: Guid(792a237589906584cab08fca5ee836de) Importer(2089858483,192608db42251d675da83286b1cce702)
Start importing Assets/TerrainDemoScene_URP/Prefabs/Trees/Conifer/Materials/Conifer_Cap.mat using Guid(792a237589906584cab08fca5ee836de) Importer(2089858483,192608db42251d675da83286b1cce702) (ScriptedImporter) -> (artifact id: 'c696f9d8269fbcc5e6084bb7404ed63e') in 0.034733542 seconds
Number of updated asset objects reloaded before import = 0Number of asset objects unloaded after import = 8

========================================================================
Received Import Request.
  Time since last request: 0.000940 seconds.
  path: Assets/TerrainDemoScene_URP/Prefabs/Trees/Conifer/Conifer.st
  artifactKey: Guid(c7068782d88ce434ba35d8cf4f84f657) Importer(2089858483,192608db42251d675da83286b1cce702)
Start importing Assets/TerrainDemoScene_URP/Prefabs/Trees/Conifer/Conifer.st using Guid(c7068782d88ce434ba35d8cf4f84f657) Importer(2089858483,192608db42251d675da83286b1cce702) (ScriptedImporter) -> (artifact id: 'e4c88bc297334d8688b9f9dc73fd8979') in 0.068663459 seconds
Number of updated asset objects reloaded before import = 0Number of asset objects unloaded after import = 37

========================================================================
Received Import Request.
  Time since last request: 0.000153 seconds.
  path: Assets/TerrainDemoScene_URP/Terrain/Textures/Cliff_Mossy_E/Cliff_Mossy_E_MaskMap.tif
  artifactKey: Guid(277e3d1ae6cb56146a8f11b748631101) Importer(2089858483,192608db42251d675da83286b1cce702)
Start importing Assets/TerrainDemoScene_URP/Terrain/Textures/Cliff_Mossy_E/Cliff_Mossy_E_MaskMap.tif using Guid(277e3d1ae6cb56146a8f11b748631101) Importer(2089858483,192608db42251d675da83286b1cce702) (ScriptedImporter) -> (artifact id: 'bb6b75c029fdba37c0d39f53649cab8d') in 0.015229084 seconds
Number of updated asset objects reloaded before import = 0Number of asset objects unloaded after import = 1

========================================================================
Received Import Request.
  Time since last request: 0.002606 seconds.
  path: Assets/TerrainDemoScene_URP/Prefabs/Trees/Pines/Pine_C/Materials/Pine_C.mat
  artifactKey: Guid(c589a3eaae9e93d4a9f61a62726c6972) Importer(2089858483,192608db42251d675da83286b1cce702)
Start importing Assets/TerrainDemoScene_URP/Prefabs/Trees/Pines/Pine_C/Materials/Pine_C.mat using Guid(c589a3eaae9e93d4a9f61a62726c6972) Importer(2089858483,192608db42251d675da83286b1cce702) (ScriptedImporter) -> (artifact id: '02c15b811b5731ebe848ee3a4bb14c1a') in 0.047167917 seconds
Number of updated asset objects reloaded before import = 0Number of asset objects unloaded after import = 12

========================================================================
Received Import Request.
  Time since last request: 0.006414 seconds.
  path: Assets/TerrainDemoScene_URP/Prefabs/Trees/Pines/Pine_C/Materials/Pine_C_Billboard.mat
  artifactKey: Guid(a9ff991df2f00244ca260a6b71765562) Importer(2089858483,192608db42251d675da83286b1cce702)
Start importing Assets/TerrainDemoScene_URP/Prefabs/Trees/Pines/Pine_C/Materials/Pine_C_Billboard.mat using Guid(a9ff991df2f00244ca260a6b71765562) Importer(2089858483,192608db42251d675da83286b1cce702) (ScriptedImporter) -> (artifact id: 'dad647b74740c98a52d3f34171223b96') in 0.039761667 seconds
Number of updated asset objects reloaded before import = 0Number of asset objects unloaded after import = 12

========================================================================
Received Import Request.
  Time since last request: 0.000200 seconds.
  path: Assets/TerrainDemoScene_URP/Readme.asset
  artifactKey: Guid(83c2ed844a8c74b779a4c823d16594b1) Importer(2089858483,192608db42251d675da83286b1cce702)
Start importing Assets/TerrainDemoScene_URP/Readme.asset using Guid(83c2ed844a8c74b779a4c823d16594b1) Importer(2089858483,192608db42251d675da83286b1cce702) (ScriptedImporter) -> (artifact id: 'e3712d1b41b2f3dded1a2aa7f66d3780') in 0.038037667 seconds
Number of updated asset objects reloaded before import = 0Number of asset objects unloaded after import = 2

========================================================================
Received Import Request.
  Time since last request: 0.000133 seconds.
  path: Assets/TerrainDemoScene_URP/Terrain/Data/Terrain_2_0_1170b034-efff-4ff0-8513-60d934e963db.asset
  artifactKey: Guid(b5894d1f2b98bcd48a47d89e4df084d4) Importer(2089858483,192608db42251d675da83286b1cce702)
Start importing Assets/TerrainDemoScene_URP/Terrain/Data/Terrain_2_0_1170b034-efff-4ff0-8513-60d934e963db.asset using Guid(b5894d1f2b98bcd48a47d89e4df084d4) Importer(2089858483,192608db42251d675da83286b1cce702) (ScriptedImporter) -> (artifact id: 'f6ae1d3ed2f14de2322689c2db30399f') in 0.375751417 seconds
Number of updated asset objects reloaded before import = 0Number of asset objects unloaded after import = 79

========================================================================
Received Import Request.
  Time since last request: 0.017790 seconds.
  path: Assets/TerrainDemoScene_URP/Prefabs/Rocks/Rock_Overgrown_B.prefab
  artifactKey: Guid(5e1b58f75618fc340baeccee09741a0e) Importer(2089858483,192608db42251d675da83286b1cce702)
Start importing Assets/TerrainDemoScene_URP/Prefabs/Rocks/Rock_Overgrown_B.prefab using Guid(5e1b58f75618fc340baeccee09741a0e) Importer(2089858483,192608db42251d675da83286b1cce702) (ScriptedImporter) -> (artifact id: 'bdf27fa2fe43c382b17bbbb5017eb237') in 0.054016875 seconds
Number of updated asset objects reloaded before import = 0Number of asset objects unloaded after import = 40

========================================================================
Received Import Request.
  Time since last request: 0.002149 seconds.
  path: Assets/TerrainDemoScene_URP/Scenes/TerrainDemoScene/Lightmap-2_comp_light.exr
  artifactKey: Guid(fe648268a9a5d35478f2316fe190829c) Importer(2089858483,192608db42251d675da83286b1cce702)
Start importing Assets/TerrainDemoScene_URP/Scenes/TerrainDemoScene/Lightmap-2_comp_light.exr using Guid(fe648268a9a5d35478f2316fe190829c) Importer(2089858483,192608db42251d675da83286b1cce702) (ScriptedImporter) -> (artifact id: 'ee557a81212c601d13cd395bcd62f6a8') in 0.080353417 seconds
Number of updated asset objects reloaded before import = 0Number of asset objects unloaded after import = 1

========================================================================
Received Import Request.
  Time since last request: 0.003498 seconds.
  path: Assets/TerrainDemoScene_URP/Prefabs/Trees/Pines/Pine_C/Materials/Pine_C_Bark.mat
  artifactKey: Guid(ecedb539e743fd64d95bac1d9bb84daa) Importer(2089858483,192608db42251d675da83286b1cce702)
Start importing Assets/TerrainDemoScene_URP/Prefabs/Trees/Pines/Pine_C/Materials/Pine_C_Bark.mat using Guid(ecedb539e743fd64d95bac1d9bb84daa) Importer(2089858483,192608db42251d675da83286b1cce702) (ScriptedImporter) -> (artifact id: '11b28da334c45749709d235044094322') in 0.074875625 seconds
Number of updated asset objects reloaded before import = 0Number of asset objects unloaded after import = 8

========================================================================
Received Import Request.
  Time since last request: 0.004975 seconds.
  path: Assets/TerrainDemoScene_URP/TextMeshPro/Fonts/InterBold.otf
  artifactKey: Guid(d56c9b009c32206468f7ca7f5b21cc2a) Importer(2089858483,192608db42251d675da83286b1cce702)
Start importing Assets/TerrainDemoScene_URP/TextMeshPro/Fonts/InterBold.otf using Guid(d56c9b009c32206468f7ca7f5b21cc2a) Importer(2089858483,192608db42251d675da83286b1cce702) (ScriptedImporter) -> (artifact id: '18f1f9c9615aa62d645a4806de7f4bf4') in 0.166842042 seconds
Number of updated asset objects reloaded before import = 0Number of asset objects unloaded after import = 3

========================================================================
Received Import Request.
  Time since last request: 0.000296 seconds.
  path: Assets/TerrainDemoScene_URP/Terrain/DetailMaps/_Terrain_2_2_b6e03cf0-de91-4cae-b6af-0128d856ae43_11.asset
  artifactKey: Guid(c1f56d1b1319b7c43bd8c14a0a988ede) Importer(2089858483,192608db42251d675da83286b1cce702)
Start importing Assets/TerrainDemoScene_URP/Terrain/DetailMaps/_Terrain_2_2_b6e03cf0-de91-4cae-b6af-0128d856ae43_11.asset using Guid(c1f56d1b1319b7c43bd8c14a0a988ede) Importer(2089858483,192608db42251d675da83286b1cce702) (ScriptedImporter) -> (artifact id: 'c46f136a14d04e2033b495bd5019ba93') in 0.065634166 seconds
Number of updated asset objects reloaded before import = 0Number of asset objects unloaded after import = 1

========================================================================
Received Import Request.
  Time since last request: 0.000159 seconds.
  path: Assets/TerrainDemoScene_URP/Prefabs/Trees/Pines/Pine_B/Textures/Pine_B_Extra.png
  artifactKey: Guid(7cca740390e2ece44ba627f2be09d0f7) Importer(2089858483,192608db42251d675da83286b1cce702)
Start importing Assets/TerrainDemoScene_URP/Prefabs/Trees/Pines/Pine_B/Textures/Pine_B_Extra.png using Guid(7cca740390e2ece44ba627f2be09d0f7) Importer(2089858483,192608db42251d675da83286b1cce702) (ScriptedImporter) -> (artifact id: '8b5eb71c531c612f2feceffdadac88f7') in 0.032262791 seconds
Number of updated asset objects reloaded before import = 0Number of asset objects unloaded after import = 1

========================================================================
Received Import Request.
  Time since last request: 0.001036 seconds.
  path: Assets/TerrainDemoScene_URP/Prefabs/Trees/Pines/Pine_B/Textures/Pine_B_Normal.png
  artifactKey: Guid(4f029102d4b2fbb4e90400c3b97fd4b4) Importer(2089858483,192608db42251d675da83286b1cce702)
Start importing Assets/TerrainDemoScene_URP/Prefabs/Trees/Pines/Pine_B/Textures/Pine_B_Normal.png using Guid(4f029102d4b2fbb4e90400c3b97fd4b4) Importer(2089858483,192608db42251d675da83286b1cce702) (ScriptedImporter) -> (artifact id: '009ae3d80e2138fe8097e66d140cb415') in 0.025146542 seconds
Number of updated asset objects reloaded before import = 0Number of asset objects unloaded after import = 1

========================================================================
Received Import Request.
  Time since last request: 0.000092 seconds.
  path: Assets/TerrainDemoScene_URP/Terrain/Data/Terrain_3_0_ae064d43-ab51-4240-a34a-6f1f5da8134d 1.asset
  artifactKey: Guid(cf38325fcdf63cd47957853e25f8d85b) Importer(2089858483,192608db42251d675da83286b1cce702)
Start importing Assets/TerrainDemoScene_URP/Terrain/Data/Terrain_3_0_ae064d43-ab51-4240-a34a-6f1f5da8134d 1.asset using Guid(cf38325fcdf63cd47957853e25f8d85b) Importer(2089858483,192608db42251d675da83286b1cce702) (ScriptedImporter) -> (artifact id: '8b2c55d85c5d9c27e7c9876ed1d6df3c') in 0.02787475 seconds
Number of updated asset objects reloaded before import = 0Number of asset objects unloaded after import = 2

========================================================================
Received Import Request.
  Time since last request: 0.002575 seconds.
  path: Assets/TerrainDemoScene_URP/Prefabs/Volumes/PostProcess Profile.asset
  artifactKey: Guid(dfe9356fecfecce448e54d8afe208ca7) Importer(2089858483,192608db42251d675da83286b1cce702)
Start importing Assets/TerrainDemoScene_URP/Prefabs/Volumes/PostProcess Profile.asset using Guid(dfe9356fecfecce448e54d8afe208ca7) Importer(2089858483,192608db42251d675da83286b1cce702) (ScriptedImporter) -> (artifact id: '8e7ab54488c3e75940d3070cbb34e3c5') in 0.119677291 seconds
Number of updated asset objects reloaded before import = 0Number of asset objects unloaded after import = 9

========================================================================
Received Import Request.
  Time since last request: 0.000107 seconds.
  path: Assets/TerrainDemoScene_URP/Scripts/Resources/SceneAnnotationUI.uss
  artifactKey: Guid(79dc0a67ea01f71428154b201e157a57) Importer(2089858483,192608db42251d675da83286b1cce702)
Start importing Assets/TerrainDemoScene_URP/Scripts/Resources/SceneAnnotationUI.uss using Guid(79dc0a67ea01f71428154b201e157a57) Importer(2089858483,192608db42251d675da83286b1cce702) (ScriptedImporter) -> (artifact id: '16882102c3edccdb86bc3310ad957b99') in 0.134192541 seconds
Number of updated asset objects reloaded before import = 0Number of asset objects unloaded after import = 1

========================================================================
Received Import Request.
  Time since last request: 0.004595 seconds.
  path: Assets/TerrainDemoScene_URP/Prefabs/Rocks/Models/Rock_Overgrown_C.FBX
  artifactKey: Guid(28e5b3b349d66c24486540309217e20d) Importer(2089858483,192608db42251d675da83286b1cce702)
Start importing Assets/TerrainDemoScene_URP/Prefabs/Rocks/Models/Rock_Overgrown_C.FBX using Guid(28e5b3b349d66c24486540309217e20d) Importer(2089858483,192608db42251d675da83286b1cce702) (ScriptedImporter) -> (artifact id: '954f8f77e00f905f6214d1b848d97f87') in 0.1010305 seconds
Number of updated asset objects reloaded before import = 0Number of asset objects unloaded after import = 21

========================================================================
Received Import Request.
  Time since last request: 0.009505 seconds.
  path: Assets/TerrainDemoScene_URP/Terrain/Textures/Grass_Moss_A
  artifactKey: Guid(c38c45971799d5a4796bec2ffdc02130) Importer(2089858483,192608db42251d675da83286b1cce702)
Start importing Assets/TerrainDemoScene_URP/Terrain/Textures/Grass_Moss_A using Guid(c38c45971799d5a4796bec2ffdc02130) Importer(2089858483,192608db42251d675da83286b1cce702) (ScriptedImporter) -> (artifact id: 'd432511537ae0d0e26281e95fab8c663') in 0.036583875 seconds
Number of updated asset objects reloaded before import = 0Number of asset objects unloaded after import = 1

========================================================================
Received Import Request.
  Time since last request: 0.014235 seconds.
  path: Assets/TerrainDemoScene_URP/Prefabs/Terrain/TerrainHigh.prefab
  artifactKey: Guid(f514be6126461c64eab6f02358f894f3) Importer(2089858483,192608db42251d675da83286b1cce702)
Start importing Assets/TerrainDemoScene_URP/Prefabs/Terrain/TerrainHigh.prefab using Guid(f514be6126461c64eab6f02358f894f3) Importer(2089858483,192608db42251d675da83286b1cce702) (ScriptedImporter) -> (artifact id: '2e8ffeef0afc34ec94e22eda8812ce0b') in 0.030784916 seconds
Number of updated asset objects reloaded before import = 0Number of asset objects unloaded after import = 68

========================================================================
Received Import Request.
  Time since last request: 0.000071 seconds.
  path: Assets/TerrainDemoScene_URP/Prefabs/Rocks/Textures/Rock_Overgrown_A/Rock_Overgrown_A_Normal.tif
  artifactKey: Guid(7b7e14fd22ca6f448a4341197a83ae78) Importer(2089858483,192608db42251d675da83286b1cce702)
Start importing Assets/TerrainDemoScene_URP/Prefabs/Rocks/Textures/Rock_Overgrown_A/Rock_Overgrown_A_Normal.tif using Guid(7b7e14fd22ca6f448a4341197a83ae78) Importer(2089858483,192608db42251d675da83286b1cce702) (ScriptedImporter) -> (artifact id: 'd98d64b7f6b8e85ada042931cff3dd19') in 0.037608916 seconds
Number of updated asset objects reloaded before import = 0Number of asset objects unloaded after import = 1

========================================================================
Received Import Request.
  Time since last request: 0.000106 seconds.
  path: Assets/TerrainDemoScene_URP/Prefabs/Rocks/Models
  artifactKey: Guid(cbb373ffab0efce49817c75cac877a5a) Importer(2089858483,192608db42251d675da83286b1cce702)
Start importing Assets/TerrainDemoScene_URP/Prefabs/Rocks/Models using Guid(cbb373ffab0efce49817c75cac877a5a) Importer(2089858483,192608db42251d675da83286b1cce702) (ScriptedImporter) -> (artifact id: '22d46109c023ec21bd3eca5b6418ba80') in 0.009835125 seconds
Number of updated asset objects reloaded before import = 0Number of asset objects unloaded after import = 1

========================================================================
Received Import Request.
  Time since last request: 0.000094 seconds.
  path: Assets/TerrainDemoScene_URP/Prefabs/Rocks/Textures/Rock_Overgrown_B/Rock_Overgrown_B_Normal.tif
  artifactKey: Guid(cecdcdb355a6b6a4dbd0acfeae751354) Importer(2089858483,192608db42251d675da83286b1cce702)
Start importing Assets/TerrainDemoScene_URP/Prefabs/Rocks/Textures/Rock_Overgrown_B/Rock_Overgrown_B_Normal.tif using Guid(cecdcdb355a6b6a4dbd0acfeae751354) Importer(2089858483,192608db42251d675da83286b1cce702) (ScriptedImporter) -> (artifact id: '58453b0a14ff64d00379b8304328ed44') in 0.068600834 seconds
Number of updated asset objects reloaded before import = 0Number of asset objects unloaded after import = 1

========================================================================
Received Import Request.
  Time since last request: 0.000403 seconds.
  path: Assets/TerrainDemoScene_URP/Prefabs/Trees/Pines/Pine_A
  artifactKey: Guid(3f754d1598e2f314086938e5052beb12) Importer(2089858483,192608db42251d675da83286b1cce702)
Start importing Assets/TerrainDemoScene_URP/Prefabs/Trees/Pines/Pine_A using Guid(3f754d1598e2f314086938e5052beb12) Importer(2089858483,192608db42251d675da83286b1cce702) (ScriptedImporter) -> (artifact id: '87f0629a7b26ff519d3e511e2e38bfc5') in 0.003402833 seconds
Number of updated asset objects reloaded before import = 0Number of asset objects unloaded after import = 1

========================================================================
Received Import Request.
  Time since last request: 0.000439 seconds.
  path: Assets/TerrainDemoScene_URP/Notes/Importing maps.txt
  artifactKey: Guid(a0e07da705650674088fd23374b90902) Importer(2089858483,192608db42251d675da83286b1cce702)
Start importing Assets/TerrainDemoScene_URP/Notes/Importing maps.txt using Guid(a0e07da705650674088fd23374b90902) Importer(2089858483,192608db42251d675da83286b1cce702) (ScriptedImporter) -> (artifact id: '1e9321818be5f9bffebd6f3ec0775774') in 0.006235834 seconds
Number of updated asset objects reloaded before import = 0Number of asset objects unloaded after import = 1

========================================================================
Received Import Request.
  Time since last request: 0.001600 seconds.
  path: Assets/TerrainDemoScene_URP/Prefabs/Skybox/Materials
  artifactKey: Guid(9fdf4ebf639c5df4da2b73a694b79e1f) Importer(2089858483,192608db42251d675da83286b1cce702)
Start importing Assets/TerrainDemoScene_URP/Prefabs/Skybox/Materials using Guid(9fdf4ebf639c5df4da2b73a694b79e1f) Importer(2089858483,192608db42251d675da83286b1cce702) (ScriptedImporter) -> (artifact id: '55b3dcf934d6e9af7704cf48e32666c1') in 0.004545375 seconds
Number of updated asset objects reloaded before import = 0Number of asset objects unloaded after import = 1

========================================================================
Received Import Request.
  Time since last request: 0.000069 seconds.
  path: Assets/TerrainDemoScene_URP/Settings/Noise
  artifactKey: Guid(7f574b9b874b1ce4aab1f0b915f461c3) Importer(2089858483,192608db42251d675da83286b1cce702)
Start importing Assets/TerrainDemoScene_URP/Settings/Noise using Guid(7f574b9b874b1ce4aab1f0b915f461c3) Importer(2089858483,192608db42251d675da83286b1cce702) (ScriptedImporter) -> (artifact id: '0622e0c52e4e6dd963c95a30044a9c97') in 0.014666709 seconds
Number of updated asset objects reloaded before import = 0Number of asset objects unloaded after import = 1

========================================================================
Received Import Request.
  Time since last request: 0.000073 seconds.
  path: Assets/TerrainDemoScene_URP/Prefabs/Trees/Cypress/Textures/Cypress_Forest_Desktop_Billboard_Normal.tif
  artifactKey: Guid(28bb358aea79dd84b9d2480b3bf62a87) Importer(2089858483,192608db42251d675da83286b1cce702)
Start importing Assets/TerrainDemoScene_URP/Prefabs/Trees/Cypress/Textures/Cypress_Forest_Desktop_Billboard_Normal.tif using Guid(28bb358aea79dd84b9d2480b3bf62a87) Importer(2089858483,192608db42251d675da83286b1cce702) (ScriptedImporter) -> (artifact id: 'cc0cbccb6365c143b42c7ddc1c2a8956') in 0.045023958 seconds
Number of updated asset objects reloaded before import = 0Number of asset objects unloaded after import = 1

========================================================================
Received Import Request.
  Time since last request: 0.018998 seconds.
  path: Assets/TerrainDemoScene_URP/ShaderGraphs/CustomFunctions/CustomLighting.hlsl
  artifactKey: Guid(91c2af0db9b3c6e41a965009c622ad9f) Importer(2089858483,192608db42251d675da83286b1cce702)
Start importing Assets/TerrainDemoScene_URP/ShaderGraphs/CustomFunctions/CustomLighting.hlsl using Guid(91c2af0db9b3c6e41a965009c622ad9f) Importer(2089858483,192608db42251d675da83286b1cce702) (ScriptedImporter) -> (artifact id: '3a7d6cd818db37208432ae169f70edfd') in 0.009638333 seconds
Number of updated asset objects reloaded before import = 0Number of asset objects unloaded after import = 1

========================================================================
Received Import Request.
  Time since last request: 0.001495 seconds.
  path: Assets/TerrainDemoScene_URP/TextMeshPro/Resources
  artifactKey: Guid(243e06394e614e5d99fab26083b707fa) Importer(2089858483,192608db42251d675da83286b1cce702)
Start importing Assets/TerrainDemoScene_URP/TextMeshPro/Resources using Guid(243e06394e614e5d99fab26083b707fa) Importer(2089858483,192608db42251d675da83286b1cce702) (ScriptedImporter) -> (artifact id: 'f4cc6c3326b9b228c2d399465523e088') in 0.00867925 seconds
Number of updated asset objects reloaded before import = 0Number of asset objects unloaded after import = 1

========================================================================
Received Import Request.
  Time since last request: 0.003256 seconds.
  path: Assets/TerrainDemoScene_URP/Prefabs/Rocks/Textures/Rock_Overgrown_B
  artifactKey: Guid(3897d52b88b4f604db6143c3c71f7275) Importer(2089858483,192608db42251d675da83286b1cce702)
Start importing Assets/TerrainDemoScene_URP/Prefabs/Rocks/Textures/Rock_Overgrown_B using Guid(3897d52b88b4f604db6143c3c71f7275) Importer(2089858483,192608db42251d675da83286b1cce702) (ScriptedImporter) -> (artifact id: 'c65b33e2f653a229e5083aa5527da8d3') in 0.004535084 seconds
Number of updated asset objects reloaded before import = 0Number of asset objects unloaded after import = 1

========================================================================
Received Import Request.
  Time since last request: 0.001640 seconds.
  path: Assets/TerrainDemoScene_URP/Terrain/Textures/Black_Sand_A/Black_Sand_A_MaskMap.tif
  artifactKey: Guid(6ce3b445936f9d24093206153570069b) Importer(2089858483,192608db42251d675da83286b1cce702)
Start importing Assets/TerrainDemoScene_URP/Terrain/Textures/Black_Sand_A/Black_Sand_A_MaskMap.tif using Guid(6ce3b445936f9d24093206153570069b) Importer(2089858483,192608db42251d675da83286b1cce702) (ScriptedImporter) -> (artifact id: '109387af53be78c65a8af472541435d2') in 0.039112875 seconds
Number of updated asset objects reloaded before import = 0Number of asset objects unloaded after import = 1

========================================================================
Received Import Request.
  Time since last request: 0.009684 seconds.
  path: Assets/TerrainDemoScene_URP/Prefabs/Water/Materials/WaterDepthBased.mat
  artifactKey: Guid(606a2cf006c309d47bb99f421ada20ca) Importer(2089858483,192608db42251d675da83286b1cce702)
Start importing Assets/TerrainDemoScene_URP/Prefabs/Water/Materials/WaterDepthBased.mat using Guid(606a2cf006c309d47bb99f421ada20ca) Importer(2089858483,192608db42251d675da83286b1cce702) (ScriptedImporter) -> (artifact id: 'fb60876943e8bfbd69fea4810f236d5b') in 4.355276042 seconds
Number of updated asset objects reloaded before import = 0Number of asset objects unloaded after import = 13

========================================================================
Received Import Request.
  Time since last request: 0.000366 seconds.
  path: Assets/TerrainDemoScene_URP/Terrain/DetailMaps/_Terrain_2_2_b6e03cf0-de91-4cae-b6af-0128d856ae43_17.asset
  artifactKey: Guid(ecae935cab1887d46bbebea3f6a6b046) Importer(2089858483,192608db42251d675da83286b1cce702)
Start importing Assets/TerrainDemoScene_URP/Terrain/DetailMaps/_Terrain_2_2_b6e03cf0-de91-4cae-b6af-0128d856ae43_17.asset using Guid(ecae935cab1887d46bbebea3f6a6b046) Importer(2089858483,192608db42251d675da83286b1cce702) (ScriptedImporter) -> (artifact id: '564360b14007310fe7d28f452c04eee1') in 0.130126083 seconds
Number of updated asset objects reloaded before import = 0Number of asset objects unloaded after import = 1

========================================================================
Received Import Request.
  Time since last request: 0.002485 seconds.
  path: Assets/TerrainDemoScene_URP/Prefabs/Trees/Pines/Pine_C/Textures/Pine_C_Color.png
  artifactKey: Guid(101744db3a5278443b48bba4c27a67f3) Importer(2089858483,192608db42251d675da83286b1cce702)
Start importing Assets/TerrainDemoScene_URP/Prefabs/Trees/Pines/Pine_C/Textures/Pine_C_Color.png using Guid(101744db3a5278443b48bba4c27a67f3) Importer(2089858483,192608db42251d675da83286b1cce702) (ScriptedImporter) -> (artifact id: 'ad739085204075a7a645d97db128a762') in 0.054377833 seconds
Number of updated asset objects reloaded before import = 0Number of asset objects unloaded after import = 1

========================================================================
Received Import Request.
  Time since last request: 0.009731 seconds.
  path: Assets/TerrainDemoScene_URP/Scenes/TerrainDemoScene/ReflectionProbe-3.exr
  artifactKey: Guid(2b52c9301c836ee41be0bffc5b4b0f6a) Importer(2089858483,192608db42251d675da83286b1cce702)
Start importing Assets/TerrainDemoScene_URP/Scenes/TerrainDemoScene/ReflectionProbe-3.exr using Guid(2b52c9301c836ee41be0bffc5b4b0f6a) Importer(2089858483,192608db42251d675da83286b1cce702) (ScriptedImporter) -> (artifact id: 'd94c8facc765b4d84fb62d5f79584db4') in 0.014065709 seconds
Number of updated asset objects reloaded before import = 0Number of asset objects unloaded after import = 1

========================================================================
Received Import Request.
  Time since last request: 0.000226 seconds.
  path: Assets/TerrainDemoScene_URP/Prefabs/Foliage/Red_Bush/Textures/Red_Bush_MaskMap.tif
  artifactKey: Guid(cfc599ff14b5f5d45bcdacfde81269a4) Importer(2089858483,192608db42251d675da83286b1cce702)
Start importing Assets/TerrainDemoScene_URP/Prefabs/Foliage/Red_Bush/Textures/Red_Bush_MaskMap.tif using Guid(cfc599ff14b5f5d45bcdacfde81269a4) Importer(2089858483,192608db42251d675da83286b1cce702) (ScriptedImporter) -> (artifact id: '96cc2b05eb5412625b3b903c79610d20') in 0.015955333 seconds
Number of updated asset objects reloaded before import = 0Number of asset objects unloaded after import = 1

========================================================================
Received Import Request.
  Time since last request: 0.000064 seconds.
  path: Assets/TerrainDemoScene_URP/TextMeshPro/Shaders/TextMeshPro/TMP_SDF-Mobile Overlay.shader
  artifactKey: Guid(a02a7d8c237544f1962732b55a9aebf1) Importer(2089858483,192608db42251d675da83286b1cce702)
Start importing Assets/TerrainDemoScene_URP/TextMeshPro/Shaders/TextMeshPro/TMP_SDF-Mobile Overlay.shader using Guid(a02a7d8c237544f1962732b55a9aebf1) Importer(2089858483,192608db42251d675da83286b1cce702) (ScriptedImporter) -> (artifact id: 'fd9ecd3627f39cd67c484cb55bd390b4') in 0.044320958 seconds
Number of updated asset objects reloaded before import = 0Number of asset objects unloaded after import = 1

========================================================================
Received Import Request.
  Time since last request: 0.000674 seconds.
  path: Assets/TerrainDemoScene_URP/Terrain/Data/Terrain_2_1_82fc4922-5564-4a18-858e-787f6d901556 1.asset
  artifactKey: Guid(0670373b160253649bb431be52e0a04f) Importer(2089858483,192608db42251d675da83286b1cce702)
Start importing Assets/TerrainDemoScene_URP/Terrain/Data/Terrain_2_1_82fc4922-5564-4a18-858e-787f6d901556 1.asset using Guid(0670373b160253649bb431be52e0a04f) Importer(2089858483,192608db42251d675da83286b1cce702) (ScriptedImporter) -> (artifact id: 'fe659248704816b4111e4a75879d8b62') in 0.109342084 seconds
Number of updated asset objects reloaded before import = 0Number of asset objects unloaded after import = 3

========================================================================
Received Import Request.
  Time since last request: 0.001432 seconds.
  path: Assets/TerrainDemoScene_URP/TextMeshPro/Shaders/TextMeshPro/TMP_SDF-Mobile SSD.shader
  artifactKey: Guid(c8d12adcee749c344b8117cf7c7eb912) Importer(2089858483,192608db42251d675da83286b1cce702)
Start importing Assets/TerrainDemoScene_URP/TextMeshPro/Shaders/TextMeshPro/TMP_SDF-Mobile SSD.shader using Guid(c8d12adcee749c344b8117cf7c7eb912) Importer(2089858483,192608db42251d675da83286b1cce702) (ScriptedImporter) -> (artifact id: '29bbd6064e6b2e64fc703975ead2b010') in 0.0461735 seconds
Number of updated asset objects reloaded before import = 0Number of asset objects unloaded after import = 1

========================================================================
Received Import Request.
  Time since last request: 0.000120 seconds.
  path: Assets/TerrainDemoScene_URP/Prefabs/Bookmarks/Bookmarks.prefab
  artifactKey: Guid(8067cb133919b42a3b9dac88315a0c4e) Importer(2089858483,192608db42251d675da83286b1cce702)
Start importing Assets/TerrainDemoScene_URP/Prefabs/Bookmarks/Bookmarks.prefab using Guid(8067cb133919b42a3b9dac88315a0c4e) Importer(2089858483,192608db42251d675da83286b1cce702) (ScriptedImporter) -> (artifact id: '5786a180479477c7418d5ac4089c47a4') in 0.072077416 seconds
Number of updated asset objects reloaded before import = 0Number of asset objects unloaded after import = 52

========================================================================
Received Import Request.
  Time since last request: 0.000069 seconds.
  path: Assets/TerrainDemoScene_URP/Notes
  artifactKey: Guid(369ae1de6b78435419a9d657d5ce5830) Importer(2089858483,192608db42251d675da83286b1cce702)
Start importing Assets/TerrainDemoScene_URP/Notes using Guid(369ae1de6b78435419a9d657d5ce5830) Importer(2089858483,192608db42251d675da83286b1cce702) (ScriptedImporter) -> (artifact id: 'a06be3a044b9d58dd223abc05ebabc45') in 0.005996709 seconds
Number of updated asset objects reloaded before import = 0Number of asset objects unloaded after import = 1

========================================================================
Received Import Request.
  Time since last request: 0.000111 seconds.
  path: Assets/TerrainDemoScene_URP/Prefabs/Rocks/Textures/Stone_A/Stone_A_Height.tif
  artifactKey: Guid(1ad8477bf46504743a63c3eb69b77a25) Importer(2089858483,192608db42251d675da83286b1cce702)
Start importing Assets/TerrainDemoScene_URP/Prefabs/Rocks/Textures/Stone_A/Stone_A_Height.tif using Guid(1ad8477bf46504743a63c3eb69b77a25) Importer(2089858483,192608db42251d675da83286b1cce702) (ScriptedImporter) -> (artifact id: '6622d754effb3d5acb1b1f1aa4c3cf29') in 0.125058916 seconds
Number of updated asset objects reloaded before import = 0Number of asset objects unloaded after import = 1

========================================================================
Received Import Request.
  Time since last request: 0.000121 seconds.
  path: Assets/TerrainDemoScene_URP/TextMeshPro/Shaders/TextMeshPro/TMP_SDF.shader
  artifactKey: Guid(68e6db2ebdc24f95958faec2be5558d6) Importer(2089858483,192608db42251d675da83286b1cce702)
Start importing Assets/TerrainDemoScene_URP/TextMeshPro/Shaders/TextMeshPro/TMP_SDF.shader using Guid(68e6db2ebdc24f95958faec2be5558d6) Importer(2089858483,192608db42251d675da83286b1cce702) (ScriptedImporter) -> (artifact id: '37948808b34e7803c11eea1984477d06') in 0.009664 seconds
Number of updated asset objects reloaded before import = 0Number of asset objects unloaded after import = 1

========================================================================
Received Import Request.
  Time since last request: 0.002254 seconds.
  path: Assets/TerrainDemoScene_URP/Terrain/Textures/Grass_A/Grass_A_Height.tif
  artifactKey: Guid(ead3bd7836962e743855a9128fa46c0b) Importer(2089858483,192608db42251d675da83286b1cce702)
Start importing Assets/TerrainDemoScene_URP/Terrain/Textures/Grass_A/Grass_A_Height.tif using Guid(ead3bd7836962e743855a9128fa46c0b) Importer(2089858483,192608db42251d675da83286b1cce702) (ScriptedImporter) -> (artifact id: 'b7c3a373df8bc1239bd1dce8ec30e1d6') in 0.023053041 seconds
Number of updated asset objects reloaded before import = 0Number of asset objects unloaded after import = 1

========================================================================
Received Import Request.
  Time since last request: 0.004891 seconds.
  path: Assets/TerrainDemoScene_URP/Prefabs/Skybox/Models/SkyboxMountains02.fbx
  artifactKey: Guid(bf2e85838cc80584b9ec701387e7ad2c) Importer(2089858483,192608db42251d675da83286b1cce702)
Start importing Assets/TerrainDemoScene_URP/Prefabs/Skybox/Models/SkyboxMountains02.fbx using Guid(bf2e85838cc80584b9ec701387e7ad2c) Importer(2089858483,192608db42251d675da83286b1cce702) (ScriptedImporter) -> (artifact id: 'bf9af18258c9357031186403231335f0') in 0.301716916 seconds
Number of updated asset objects reloaded before import = 0Number of asset objects unloaded after import = 8

========================================================================
Received Import Request.
  Time since last request: 0.000287 seconds.
  path: Assets/TerrainDemoScene_URP/Scenes/TerrainDemoScene
  artifactKey: Guid(80a259157012e544991471f97379bc11) Importer(2089858483,192608db42251d675da83286b1cce702)
Start importing Assets/TerrainDemoScene_URP/Scenes/TerrainDemoScene using Guid(80a259157012e544991471f97379bc11) Importer(2089858483,192608db42251d675da83286b1cce702) (ScriptedImporter) -> (artifact id: 'cf63134c33240eda810a265c143d5fbe') in 0.014083709 seconds
Number of updated asset objects reloaded before import = 0Number of asset objects unloaded after import = 1

========================================================================
Received Import Request.
  Time since last request: 0.000077 seconds.
  path: Assets/TerrainDemoScene_URP/Prefabs/Rocks/Rock_C_02.prefab
  artifactKey: Guid(6b63070b5a692dc4389c591157da475d) Importer(2089858483,192608db42251d675da83286b1cce702)
Start importing Assets/TerrainDemoScene_URP/Prefabs/Rocks/Rock_C_02.prefab using Guid(6b63070b5a692dc4389c591157da475d) Importer(2089858483,192608db42251d675da83286b1cce702) (ScriptedImporter) -> (artifact id: 'c0e0c2ba52d0763100e27b957a924bbe') in 0.018131709 seconds
Number of updated asset objects reloaded before import = 0Number of asset objects unloaded after import = 57

========================================================================
Received Import Request.
  Time since last request: 0.001083 seconds.
  path: Assets/TerrainDemoScene_URP/TextMeshPro/Resources/Fonts & Materials/LiberationSans SDF - Drop Shadow.mat
  artifactKey: Guid(e73a58f6e2794ae7b1b7e50b7fb811b0) Importer(2089858483,192608db42251d675da83286b1cce702)
Start importing Assets/TerrainDemoScene_URP/TextMeshPro/Resources/Fonts & Materials/LiberationSans SDF - Drop Shadow.mat using Guid(e73a58f6e2794ae7b1b7e50b7fb811b0) Importer(2089858483,192608db42251d675da83286b1cce702) (ScriptedImporter) -> (artifact id: 'eb8650925933b72a2ad67dbf095d1130') in 0.040323166 seconds
Number of updated asset objects reloaded before import = 0Number of asset objects unloaded after import = 2

========================================================================
Received Import Request.
  Time since last request: 0.000071 seconds.
  path: Assets/TerrainDemoScene_URP/ShaderGraphs/WaterDepthBased.shadergraph
  artifactKey: Guid(dfd4dcd41b27bb44498bfa407660802f) Importer(2089858483,192608db42251d675da83286b1cce702)
Start importing Assets/TerrainDemoScene_URP/ShaderGraphs/WaterDepthBased.shadergraph using Guid(dfd4dcd41b27bb44498bfa407660802f) Importer(2089858483,192608db42251d675da83286b1cce702) (ScriptedImporter) -> (artifact id: 'ade4a794c4d888e7dbb651366c5d9f7c') in 0.108960542 seconds
Number of updated asset objects reloaded before import = 0Number of asset objects unloaded after import = 12

========================================================================
Received Import Request.
  Time since last request: 0.000153 seconds.
  path: Assets/TerrainDemoScene_URP/Terrain/Layers/Grass_Moss_A.terrainlayer
  artifactKey: Guid(c92d180648e3c4149b7f024457016b52) Importer(2089858483,192608db42251d675da83286b1cce702)
Start importing Assets/TerrainDemoScene_URP/Terrain/Layers/Grass_Moss_A.terrainlayer using Guid(c92d180648e3c4149b7f024457016b52) Importer(2089858483,192608db42251d675da83286b1cce702) (ScriptedImporter) -> (artifact id: 'febfb87fa60835e0d7286326c088626c') in 0.048517333 seconds
Number of updated asset objects reloaded before import = 0Number of asset objects unloaded after import = 4

========================================================================
Received Import Request.
  Time since last request: 0.000314 seconds.
  path: Assets/TerrainDemoScene_URP/Prefabs/Rocks/Textures/Rock_Overgrown_I
  artifactKey: Guid(c60e3f490f445dc4e9a2bf1ea7badbee) Importer(2089858483,192608db42251d675da83286b1cce702)
Start importing Assets/TerrainDemoScene_URP/Prefabs/Rocks/Textures/Rock_Overgrown_I using Guid(c60e3f490f445dc4e9a2bf1ea7badbee) Importer(2089858483,192608db42251d675da83286b1cce702) (ScriptedImporter) -> (artifact id: '92625a42885a1157d97bf20f1b3542af') in 0.004648 seconds
Number of updated asset objects reloaded before import = 0Number of asset objects unloaded after import = 1

========================================================================
Received Import Request.
  Time since last request: 0.000063 seconds.
  path: Assets/TerrainDemoScene_URP/Scenes/TerrainDemoScene/ReflectionProbe-7.exr
  artifactKey: Guid(6d82472aee29f4a4895b674db677dc77) Importer(2089858483,192608db42251d675da83286b1cce702)
Start importing Assets/TerrainDemoScene_URP/Scenes/TerrainDemoScene/ReflectionProbe-7.exr using Guid(6d82472aee29f4a4895b674db677dc77) Importer(2089858483,192608db42251d675da83286b1cce702) (ScriptedImporter) -> (artifact id: '94e215cb6be50ed0b551fbf20a9687a7') in 0.008345167 seconds
Number of updated asset objects reloaded before import = 0Number of asset objects unloaded after import = 1

========================================================================
Received Import Request.
  Time since last request: 0.003758 seconds.
  path: Assets/TerrainDemoScene_URP/Terrain/DetailMaps/_Terrain_2_2_b6e03cf0-de91-4cae-b6af-0128d856ae43_2.asset
  artifactKey: Guid(22ed14c1b59179c4392f6c57702fca32) Importer(2089858483,192608db42251d675da83286b1cce702)
Start importing Assets/TerrainDemoScene_URP/Terrain/DetailMaps/_Terrain_2_2_b6e03cf0-de91-4cae-b6af-0128d856ae43_2.asset using Guid(22ed14c1b59179c4392f6c57702fca32) Importer(2089858483,192608db42251d675da83286b1cce702) (ScriptedImporter) -> (artifact id: 'ba443bae5a57e443e8a9e1ff07163381') in 0.041063708 seconds
Number of updated asset objects reloaded before import = 0Number of asset objects unloaded after import = 1

========================================================================
Received Import Request.
  Time since last request: 0.000148 seconds.
  path: Assets/TerrainDemoScene_URP/Terrain/Textures/Black_Sand_Rocks_B
  artifactKey: Guid(874b14e9da0529143a624cedf4092a9c) Importer(2089858483,192608db42251d675da83286b1cce702)
Start importing Assets/TerrainDemoScene_URP/Terrain/Textures/Black_Sand_Rocks_B using Guid(874b14e9da0529143a624cedf4092a9c) Importer(2089858483,192608db42251d675da83286b1cce702) (ScriptedImporter) -> (artifact id: '61c23346f3e75d139cbfcabc18a0cd17') in 0.071663917 seconds
Number of updated asset objects reloaded before import = 0Number of asset objects unloaded after import = 1

========================================================================
Received Import Request.
  Time since last request: 0.000115 seconds.
  path: Assets/TerrainDemoScene_URP/TextMeshPro/Shaders/TextMeshPro/TMP_SDF-Surface-Mobile.shader
  artifactKey: Guid(85187c2149c549c5b33f0cdb02836b17) Importer(2089858483,192608db42251d675da83286b1cce702)
Start importing Assets/TerrainDemoScene_URP/TextMeshPro/Shaders/TextMeshPro/TMP_SDF-Surface-Mobile.shader using Guid(85187c2149c549c5b33f0cdb02836b17) Importer(2089858483,192608db42251d675da83286b1cce702) (ScriptedImporter) -> (artifact id: '9abd3bebc8d02005cddce50dfa463a1c') in 0.008313208 seconds
Number of updated asset objects reloaded before import = 0Number of asset objects unloaded after import = 1

========================================================================
Received Import Request.
  Time since last request: 0.000609 seconds.
  path: Assets/TerrainDemoScene_URP/Terrain/Data/Terrain_3_2_77e49ac9-7f8e-47c2-ae00-57296acecb1c.asset
  artifactKey: Guid(28813acbebf3ea745a72854f66615fdd) Importer(2089858483,192608db42251d675da83286b1cce702)
Start importing Assets/TerrainDemoScene_URP/Terrain/Data/Terrain_3_2_77e49ac9-7f8e-47c2-ae00-57296acecb1c.asset using Guid(28813acbebf3ea745a72854f66615fdd) Importer(2089858483,192608db42251d675da83286b1cce702) (ScriptedImporter) -> (artifact id: '62a6e7e51e7d3c0f175cc475158b5ead') in 0.239780583 seconds
Number of updated asset objects reloaded before import = 0Number of asset objects unloaded after import = 82

========================================================================
Received Import Request.
  Time since last request: 0.003431 seconds.
  path: Assets/TerrainDemoScene_URP/Terrain/DetailMaps/_Terrain_2_2_b6e03cf0-de91-4cae-b6af-0128d856ae43_16.asset
  artifactKey: Guid(ec4d17fef0eb42a4380ebd6067ee6167) Importer(2089858483,192608db42251d675da83286b1cce702)
Start importing Assets/TerrainDemoScene_URP/Terrain/DetailMaps/_Terrain_2_2_b6e03cf0-de91-4cae-b6af-0128d856ae43_16.asset using Guid(ec4d17fef0eb42a4380ebd6067ee6167) Importer(2089858483,192608db42251d675da83286b1cce702) (ScriptedImporter) -> (artifact id: '369d682019ea67d74f85b686a6775d4d') in 0.072952916 seconds
Number of updated asset objects reloaded before import = 0Number of asset objects unloaded after import = 1

========================================================================
Received Import Request.
  Time since last request: 0.000098 seconds.
  path: Assets/TerrainDemoScene_URP/Prefabs/Trees/Pines/Pine_C/Textures/Pine_C_Extra.png
  artifactKey: Guid(f130a62d4fe680c4b937d5635f1b3bb7) Importer(2089858483,192608db42251d675da83286b1cce702)
Start importing Assets/TerrainDemoScene_URP/Prefabs/Trees/Pines/Pine_C/Textures/Pine_C_Extra.png using Guid(f130a62d4fe680c4b937d5635f1b3bb7) Importer(2089858483,192608db42251d675da83286b1cce702) (ScriptedImporter) -> (artifact id: '0cd88a0cb711d15912024b4ffb132405') in 0.025404583 seconds
Number of updated asset objects reloaded before import = 0Number of asset objects unloaded after import = 1

========================================================================
Received Import Request.
  Time since last request: 0.000651 seconds.
  path: Assets/TerrainDemoScene_URP/TextMeshPro/Shaders/TextMeshPro/TMP_SDF-Surface.shader
  artifactKey: Guid(f7ada0af4f174f0694ca6a487b8f543d) Importer(2089858483,192608db42251d675da83286b1cce702)
Start importing Assets/TerrainDemoScene_URP/TextMeshPro/Shaders/TextMeshPro/TMP_SDF-Surface.shader using Guid(f7ada0af4f174f0694ca6a487b8f543d) Importer(2089858483,192608db42251d675da83286b1cce702) (ScriptedImporter) -> (artifact id: 'a07d9b7568c739efe4c83d225fdbd92a') in 0.014829041 seconds
Number of updated asset objects reloaded before import = 0Number of asset objects unloaded after import = 1

========================================================================
Received Import Request.
  Time since last request: 0.000067 seconds.
  path: Assets/TerrainDemoScene_URP/Settings/Noise/3DFractal_Noise_01.tga
  artifactKey: Guid(4546e4d25730c7d44bdd30015bb2fad3) Importer(2089858483,192608db42251d675da83286b1cce702)
Start importing Assets/TerrainDemoScene_URP/Settings/Noise/3DFractal_Noise_01.tga using Guid(4546e4d25730c7d44bdd30015bb2fad3) Importer(2089858483,192608db42251d675da83286b1cce702) (ScriptedImporter) -> (artifact id: 'd78f52d1d49e5d97955c76eac353770f') in 0.037020125 seconds
Number of updated asset objects reloaded before import = 0Number of asset objects unloaded after import = 1

========================================================================
Received Import Request.
  Time since last request: 0.000628 seconds.
  path: Assets/TerrainDemoScene_URP/Prefabs/Trees
  artifactKey: Guid(b651571699bf26044ae1afe6d16aeaae) Importer(2089858483,192608db42251d675da83286b1cce702)
Start importing Assets/TerrainDemoScene_URP/Prefabs/Trees using Guid(b651571699bf26044ae1afe6d16aeaae) Importer(2089858483,192608db42251d675da83286b1cce702) (ScriptedImporter) -> (artifact id: '4649fb0c0336d14b3920c7f1252cc2a8') in 0.020169209 seconds
Number of updated asset objects reloaded before import = 0Number of asset objects unloaded after import = 1

========================================================================
Received Import Request.
  Time since last request: 0.000167 seconds.
  path: Assets/TerrainDemoScene_URP/Terrain/Data/Terrain_0_3_f8883893-11fe-4631-8dfb-2d342383567b.asset
  artifactKey: Guid(06c6dd9acf1d6ac40b838a5585972c67) Importer(2089858483,192608db42251d675da83286b1cce702)
Start importing Assets/TerrainDemoScene_URP/Terrain/Data/Terrain_0_3_f8883893-11fe-4631-8dfb-2d342383567b.asset using Guid(06c6dd9acf1d6ac40b838a5585972c67) Importer(2089858483,192608db42251d675da83286b1cce702) (ScriptedImporter) -> (artifact id: 'e29debcda77d038d8573913e703c9844') in 0.270350292 seconds
Number of updated asset objects reloaded before import = 0Number of asset objects unloaded after import = 311

========================================================================
Received Import Request.
  Time since last request: 0.000370 seconds.
  path: Assets/TerrainDemoScene_URP/Prefabs/Trees/Pines/Pine_B/Textures
  artifactKey: Guid(4375fe24f3ad39a4dbafea05caa5fe5f) Importer(2089858483,192608db42251d675da83286b1cce702)
Start importing Assets/TerrainDemoScene_URP/Prefabs/Trees/Pines/Pine_B/Textures using Guid(4375fe24f3ad39a4dbafea05caa5fe5f) Importer(2089858483,192608db42251d675da83286b1cce702) (ScriptedImporter) -> (artifact id: '36976dd078fb683db2a8d756f83a9913') in 0.026753083 seconds
Number of updated asset objects reloaded before import = 0Number of asset objects unloaded after import = 1

========================================================================
Received Import Request.
  Time since last request: 0.000112 seconds.
  path: Assets/TerrainDemoScene_URP/ShaderGraphs/SpeedTreeURP_Branch.shadergraph
  artifactKey: Guid(d4fdc026464a42041be7fe785babd90e) Importer(2089858483,192608db42251d675da83286b1cce702)
Start importing Assets/TerrainDemoScene_URP/ShaderGraphs/SpeedTreeURP_Branch.shadergraph using Guid(d4fdc026464a42041be7fe785babd90e) Importer(2089858483,192608db42251d675da83286b1cce702) (ScriptedImporter) -> (artifact id: '794c186a725b5a3e1cbd24cc7cf0ad89') in 7.352018916 seconds
Number of updated asset objects reloaded before import = 0Number of asset objects unloaded after import = 7

========================================================================
Received Prepare
Begin MonoManager ReloadAssembly
Thread 0x1712c7000 may have been prematurely finalized
- Loaded All Assemblies, in  4.844 seconds
'Packages/com.unity.render-pipelines.high-definition/Editor/Wizard/HDWizard.UIElement.cs' contains partial class of Unity.Object, exactly 1 of the partial classes needs to be in a file with the same filename. This is to know the one that can be referenced from ie. GameObjects
'Packages/com.unity.render-pipelines.high-definition/Editor/Wizard/HDWizard.Configuration.cs' contains partial class of Unity.Object, exactly 1 of the partial classes needs to be in a file with the same filename. This is to know the one that can be referenced from ie. GameObjects
'Packages/com.unity.render-pipelines.high-definition/Editor/Wizard/HDWizard.Window.cs' contains partial class of Unity.Object, exactly 1 of the partial classes needs to be in a file with the same filename. This is to know the one that can be referenced from ie. GameObjects
Refreshing native plugins compatible for Editor in 9.56 ms, found 11 plugins.
Native extension for iOS target not found
Native extension for Android target not found
Native extension for OSXStandalone target not found
[Package Manager] Failed to launch server process. Reason: Unity was launched with the -noUpm command-line argument
[Package Manager] Unable to send message (not connected to server process).
[Package Manager] Cannot connect to Unity Package Manager local server
[MODES] ModeService[none].Initialize
[MODES] ModeService[none].LoadModes
Mono: successfully reloaded assembly
[Package Manager] Failed to launch server process. Reason: Unity was launched with the -noUpm command-line argument
[Package Manager] Unable to send message (not connected to server process).
[Package Manager] Cannot connect to Unity Package Manager local server
- Finished resetting the current domain, in  2.169 seconds
Domain Reload Profiling: 7026ms
	BeginReloadAssembly (2676ms)
		ExecutionOrderSort (4ms)
		DisableScriptedObjects (148ms)
		BackupInstance (0ms)
		ReleaseScriptingObjects (15ms)
		CreateAndSetChildDomain (836ms)
	RebuildCommonClasses (63ms)
	RebuildNativeTypeToScriptingClass (24ms)
	initialDomainReloadingComplete (71ms)
	LoadAllAssembliesAndSetupDomain (2022ms)
		LoadAssemblies (2053ms)
		RebuildTransferFunctionScriptingTraits (0ms)
		AnalyzeDomain (798ms)
			TypeCache.Refresh (80ms)
				TypeCache.ScanAssembly (0ms)
			BuildScriptInfoCaches (683ms)
			ResolveRequiredComponents (18ms)
	FinalizeReload (2169ms)
		ReleaseScriptCaches (0ms)
		RebuildScriptCaches (0ms)
		SetupLoadedEditorAssemblies (1597ms)
			LogAssemblyErrors (1ms)
			InitializePlatformSupportModulesInManaged (143ms)
			SetLoadedEditorAssemblies (17ms)
			BeforeProcessingInitializeOnLoad (274ms)
			ProcessInitializeOnLoadAttributes (667ms)
			ProcessInitializeOnLoadMethodAttributes (488ms)
			AfterProcessingInitializeOnLoad (1ms)
			EditorAssembliesLoaded (5ms)
		ExecutionOrderSort2 (0ms)
		AwakeInstancesAfterBackupRestoration (32ms)
WARNING: Shader Unsupported: 'HDRP/TerrainLit' - All subshaders removed
WARNING: Shader Did you use #pragma only_renderers and omit this platform?
WARNING: Shader If subshaders removal was intentional, you may have forgotten turning Fallback off?
WARNING: Shader Unsupported: 'HDRP/TerrainLit' - All subshaders removed
WARNING: Shader Did you use #pragma only_renderers and omit this platform?
WARNING: Shader If subshaders removal was intentional, you may have forgotten turning Fallback off?
WARNING: Shader Unsupported: 'Universal Render Pipeline/VR/SpatialMapping/Wireframe' - All subshaders removed
WARNING: Shader Did you use #pragma only_renderers and omit this platform?
WARNING: Shader If subshaders removal was intentional, you may have forgotten turning Fallback off?
WARNING: Shader Unsupported: 'Universal Render Pipeline/VR/SpatialMapping/Wireframe' - All subshaders removed
WARNING: Shader Did you use #pragma only_renderers and omit this platform?
WARNING: Shader If subshaders removal was intentional, you may have forgotten turning Fallback off?
Refreshing native plugins compatible for Editor in 6.45 ms, found 11 plugins.
Preloading 1 native plugins for Editor in 0.41 ms.
Unloading 170 Unused Serialized files (Serialized files now loaded: 0)
Unloading 9121 unused Assets / (17.5 MB). Loaded Objects now: 9940.
Memory consumption went from 234.3 MB to 216.8 MB.
Total: 71.270250 ms (FindLiveObjects: 13.212000 ms CreateObjectMapping: 3.961042 ms MarkObjects: 37.223542 ms  DeleteObjects: 16.872209 ms)

Prepare: number of updated asset objects reloaded= 0
========================================================================
Received Prepare
Begin MonoManager ReloadAssembly
Thread 0x1712c7000 may have been prematurely finalized
- Loaded All Assemblies, in  3.159 seconds
'Packages/com.unity.render-pipelines.high-definition/Editor/Wizard/HDWizard.UIElement.cs' contains partial class of Unity.Object, exactly 1 of the partial classes needs to be in a file with the same filename. This is to know the one that can be referenced from ie. GameObjects
'Packages/com.unity.render-pipelines.high-definition/Editor/Wizard/HDWizard.Configuration.cs' contains partial class of Unity.Object, exactly 1 of the partial classes needs to be in a file with the same filename. This is to know the one that can be referenced from ie. GameObjects
'Packages/com.unity.render-pipelines.high-definition/Editor/Wizard/HDWizard.Window.cs' contains partial class of Unity.Object, exactly 1 of the partial classes needs to be in a file with the same filename. This is to know the one that can be referenced from ie. GameObjects
Refreshing native plugins compatible for Editor in 3.18 ms, found 11 plugins.
Native extension for iOS target not found
Native extension for Android target not found
Native extension for OSXStandalone target not found
[Package Manager] Failed to launch server process. Reason: Unity was launched with the -noUpm command-line argument
[Package Manager] Unable to send message (not connected to server process).
[Package Manager] Cannot connect to Unity Package Manager local server
[MODES] ModeService[none].Initialize
[MODES] ModeService[none].LoadModes
Mono: successfully reloaded assembly
[Package Manager] Failed to launch server process. Reason: Unity was launched with the -noUpm command-line argument
[Package Manager] Unable to send message (not connected to server process).
[Package Manager] Cannot connect to Unity Package Manager local server
- Finished resetting the current domain, in  1.016 seconds
Domain Reload Profiling: 4185ms
	BeginReloadAssembly (1313ms)
		ExecutionOrderSort (1ms)
		DisableScriptedObjects (31ms)
		BackupInstance (0ms)
		ReleaseScriptingObjects (3ms)
		CreateAndSetChildDomain (390ms)
	RebuildCommonClasses (37ms)
	RebuildNativeTypeToScriptingClass (11ms)
	initialDomainReloadingComplete (44ms)
	LoadAllAssembliesAndSetupDomain (1763ms)
		LoadAssemblies (1837ms)
		RebuildTransferFunctionScriptingTraits (0ms)
		AnalyzeDomain (515ms)
			TypeCache.Refresh (48ms)
				TypeCache.ScanAssembly (0ms)
			BuildScriptInfoCaches (414ms)
			ResolveRequiredComponents (17ms)
	FinalizeReload (1017ms)
		ReleaseScriptCaches (0ms)
		RebuildScriptCaches (0ms)
		SetupLoadedEditorAssemblies (752ms)
			LogAssemblyErrors (0ms)
			InitializePlatformSupportModulesInManaged (47ms)
			SetLoadedEditorAssemblies (6ms)
			BeforeProcessingInitializeOnLoad (148ms)
			ProcessInitializeOnLoadAttributes (307ms)
			ProcessInitializeOnLoadMethodAttributes (242ms)
			AfterProcessingInitializeOnLoad (2ms)
			EditorAssembliesLoaded (1ms)
		ExecutionOrderSort2 (0ms)
		AwakeInstancesAfterBackupRestoration (19ms)
WARNING: Shader Unsupported: 'HDRP/TerrainLit' - All subshaders removed
WARNING: Shader Did you use #pragma only_renderers and omit this platform?
WARNING: Shader If subshaders removal was intentional, you may have forgotten turning Fallback off?
WARNING: Shader Unsupported: 'HDRP/TerrainLit' - All subshaders removed
WARNING: Shader Did you use #pragma only_renderers and omit this platform?
WARNING: Shader If subshaders removal was intentional, you may have forgotten turning Fallback off?
WARNING: Shader Unsupported: 'Universal Render Pipeline/VR/SpatialMapping/Wireframe' - All subshaders removed
WARNING: Shader Did you use #pragma only_renderers and omit this platform?
WARNING: Shader If subshaders removal was intentional, you may have forgotten turning Fallback off?
WARNING: Shader Unsupported: 'Universal Render Pipeline/VR/SpatialMapping/Wireframe' - All subshaders removed
WARNING: Shader Did you use #pragma only_renderers and omit this platform?
WARNING: Shader If subshaders removal was intentional, you may have forgotten turning Fallback off?
Refreshing native plugins compatible for Editor in 4.18 ms, found 11 plugins.
Preloading 1 native plugins for Editor in 0.69 ms.
Unloading 168 Unused Serialized files (Serialized files now loaded: 0)
Unloading 9113 unused Assets / (17.1 MB). Loaded Objects now: 9943.
Memory consumption went from 231.0 MB to 213.9 MB.
Total: 66.047917 ms (FindLiveObjects: 13.576125 ms CreateObjectMapping: 0.859541 ms MarkObjects: 36.010208 ms  DeleteObjects: 15.600042 ms)

Prepare: number of updated asset objects reloaded= 0
========================================================================
Received Prepare
Begin MonoManager ReloadAssembly
Thread 0x1712c7000 may have been prematurely finalized
- Loaded All Assemblies, in  2.193 seconds
'Packages/com.unity.render-pipelines.high-definition/Editor/Wizard/HDWizard.UIElement.cs' contains partial class of Unity.Object, exactly 1 of the partial classes needs to be in a file with the same filename. This is to know the one that can be referenced from ie. GameObjects
'Packages/com.unity.render-pipelines.high-definition/Editor/Wizard/HDWizard.Configuration.cs' contains partial class of Unity.Object, exactly 1 of the partial classes needs to be in a file with the same filename. This is to know the one that can be referenced from ie. GameObjects
'Packages/com.unity.render-pipelines.high-definition/Editor/Wizard/HDWizard.Window.cs' contains partial class of Unity.Object, exactly 1 of the partial classes needs to be in a file with the same filename. This is to know the one that can be referenced from ie. GameObjects
Refreshing native plugins compatible for Editor in 6.50 ms, found 11 plugins.
Native extension for iOS target not found
Native extension for Android target not found
Native extension for OSXStandalone target not found
[Package Manager] Failed to launch server process. Reason: Unity was launched with the -noUpm command-line argument
[Package Manager] Unable to send message (not connected to server process).
[Package Manager] Cannot connect to Unity Package Manager local server
[MODES] ModeService[none].Initialize
[MODES] ModeService[none].LoadModes
Mono: successfully reloaded assembly
[Package Manager] Failed to launch server process. Reason: Unity was launched with the -noUpm command-line argument
[Package Manager] Unable to send message (not connected to server process).
[Package Manager] Cannot connect to Unity Package Manager local server
- Finished resetting the current domain, in  1.699 seconds
Domain Reload Profiling: 3899ms
	BeginReloadAssembly (759ms)
		ExecutionOrderSort (1ms)
		DisableScriptedObjects (24ms)
		BackupInstance (0ms)
		ReleaseScriptingObjects (2ms)
		CreateAndSetChildDomain (207ms)
	RebuildCommonClasses (57ms)
	RebuildNativeTypeToScriptingClass (19ms)
	initialDomainReloadingComplete (46ms)
	LoadAllAssembliesAndSetupDomain (1317ms)
		LoadAssemblies (1191ms)
		RebuildTransferFunctionScriptingTraits (0ms)
		AnalyzeDomain (407ms)
			TypeCache.Refresh (36ms)
				TypeCache.ScanAssembly (0ms)
			BuildScriptInfoCaches (348ms)
			ResolveRequiredComponents (13ms)
	FinalizeReload (1700ms)
		ReleaseScriptCaches (0ms)
		RebuildScriptCaches (0ms)
		SetupLoadedEditorAssemblies (1373ms)
			LogAssemblyErrors (0ms)
			InitializePlatformSupportModulesInManaged (66ms)
			SetLoadedEditorAssemblies (8ms)
			BeforeProcessingInitializeOnLoad (281ms)
			ProcessInitializeOnLoadAttributes (606ms)
			ProcessInitializeOnLoadMethodAttributes (409ms)
			AfterProcessingInitializeOnLoad (1ms)
			EditorAssembliesLoaded (1ms)
		ExecutionOrderSort2 (0ms)
		AwakeInstancesAfterBackupRestoration (26ms)
WARNING: Shader Unsupported: 'HDRP/TerrainLit' - All subshaders removed
WARNING: Shader Did you use #pragma only_renderers and omit this platform?
WARNING: Shader If subshaders removal was intentional, you may have forgotten turning Fallback off?
WARNING: Shader Unsupported: 'HDRP/TerrainLit' - All subshaders removed
WARNING: Shader Did you use #pragma only_renderers and omit this platform?
WARNING: Shader If subshaders removal was intentional, you may have forgotten turning Fallback off?
WARNING: Shader Unsupported: 'Universal Render Pipeline/VR/SpatialMapping/Wireframe' - All subshaders removed
WARNING: Shader Did you use #pragma only_renderers and omit this platform?
WARNING: Shader If subshaders removal was intentional, you may have forgotten turning Fallback off?
WARNING: Shader Unsupported: 'Universal Render Pipeline/VR/SpatialMapping/Wireframe' - All subshaders removed
WARNING: Shader Did you use #pragma only_renderers and omit this platform?
WARNING: Shader If subshaders removal was intentional, you may have forgotten turning Fallback off?
Refreshing native plugins compatible for Editor in 7.41 ms, found 11 plugins.
Preloading 1 native plugins for Editor in 0.48 ms.
Unloading 168 Unused Serialized files (Serialized files now loaded: 0)
Unloading 9113 unused Assets / (14.3 MB). Loaded Objects now: 9946.
Memory consumption went from 228.3 MB to 214.0 MB.
Total: 54.895166 ms (FindLiveObjects: 6.284875 ms CreateObjectMapping: 1.090000 ms MarkObjects: 30.295500 ms  DeleteObjects: 17.223375 ms)

Prepare: number of updated asset objects reloaded= 0
========================================================================
Received Prepare
Begin MonoManager ReloadAssembly
Thread 0x1712c7000 may have been prematurely finalized
- Loaded All Assemblies, in  2.568 seconds
'Packages/com.unity.render-pipelines.high-definition/Editor/Wizard/HDWizard.UIElement.cs' contains partial class of Unity.Object, exactly 1 of the partial classes needs to be in a file with the same filename. This is to know the one that can be referenced from ie. GameObjects
'Packages/com.unity.render-pipelines.high-definition/Editor/Wizard/HDWizard.Configuration.cs' contains partial class of Unity.Object, exactly 1 of the partial classes needs to be in a file with the same filename. This is to know the one that can be referenced from ie. GameObjects
'Packages/com.unity.render-pipelines.high-definition/Editor/Wizard/HDWizard.Window.cs' contains partial class of Unity.Object, exactly 1 of the partial classes needs to be in a file with the same filename. This is to know the one that can be referenced from ie. GameObjects
Refreshing native plugins compatible for Editor in 7.15 ms, found 11 plugins.
Native extension for iOS target not found
Native extension for Android target not found
Native extension for OSXStandalone target not found
[Package Manager] Failed to launch server process. Reason: Unity was launched with the -noUpm command-line argument
[Package Manager] Unable to send message (not connected to server process).
[Package Manager] Cannot connect to Unity Package Manager local server
[MODES] ModeService[none].Initialize
[MODES] ModeService[none].LoadModes
Mono: successfully reloaded assembly
[Package Manager] Failed to launch server process. Reason: Unity was launched with the -noUpm command-line argument
[Package Manager] Unable to send message (not connected to server process).
[Package Manager] Cannot connect to Unity Package Manager local server
- Finished resetting the current domain, in  1.489 seconds
Domain Reload Profiling: 4080ms
	BeginReloadAssembly (1003ms)
		ExecutionOrderSort (0ms)
		DisableScriptedObjects (26ms)
		BackupInstance (0ms)
		ReleaseScriptingObjects (2ms)
		CreateAndSetChildDomain (333ms)
	RebuildCommonClasses (30ms)
	RebuildNativeTypeToScriptingClass (11ms)
	initialDomainReloadingComplete (26ms)
	LoadAllAssembliesAndSetupDomain (1519ms)
		LoadAssemblies (1466ms)
		RebuildTransferFunctionScriptingTraits (0ms)
		AnalyzeDomain (422ms)
			TypeCache.Refresh (41ms)
				TypeCache.ScanAssembly (0ms)
			BuildScriptInfoCaches (351ms)
			ResolveRequiredComponents (17ms)
	FinalizeReload (1492ms)
		ReleaseScriptCaches (0ms)
		RebuildScriptCaches (0ms)
		SetupLoadedEditorAssemblies (1091ms)
			LogAssemblyErrors (0ms)
			InitializePlatformSupportModulesInManaged (39ms)
			SetLoadedEditorAssemblies (10ms)
			BeforeProcessingInitializeOnLoad (212ms)
			ProcessInitializeOnLoadAttributes (454ms)
			ProcessInitializeOnLoadMethodAttributes (370ms)
			AfterProcessingInitializeOnLoad (6ms)
			EditorAssembliesLoaded (1ms)
		ExecutionOrderSort2 (0ms)
		AwakeInstancesAfterBackupRestoration (24ms)
WARNING: Shader Unsupported: 'HDRP/TerrainLit' - All subshaders removed
WARNING: Shader Did you use #pragma only_renderers and omit this platform?
WARNING: Shader If subshaders removal was intentional, you may have forgotten turning Fallback off?
WARNING: Shader Unsupported: 'HDRP/TerrainLit' - All subshaders removed
WARNING: Shader Did you use #pragma only_renderers and omit this platform?
WARNING: Shader If subshaders removal was intentional, you may have forgotten turning Fallback off?
WARNING: Shader Unsupported: 'Universal Render Pipeline/VR/SpatialMapping/Wireframe' - All subshaders removed
WARNING: Shader Did you use #pragma only_renderers and omit this platform?
WARNING: Shader If subshaders removal was intentional, you may have forgotten turning Fallback off?
WARNING: Shader Unsupported: 'Universal Render Pipeline/VR/SpatialMapping/Wireframe' - All subshaders removed
WARNING: Shader Did you use #pragma only_renderers and omit this platform?
WARNING: Shader If subshaders removal was intentional, you may have forgotten turning Fallback off?
Refreshing native plugins compatible for Editor in 5.30 ms, found 11 plugins.
Preloading 1 native plugins for Editor in 1.20 ms.
Unloading 168 Unused Serialized files (Serialized files now loaded: 0)
Unloading 9113 unused Assets / (17.6 MB). Loaded Objects now: 9949.
Memory consumption went from 225.4 MB to 207.8 MB.
Total: 84.494000 ms (FindLiveObjects: 15.607750 ms CreateObjectMapping: 2.379833 ms MarkObjects: 45.870375 ms  DeleteObjects: 20.633875 ms)

Prepare: number of updated asset objects reloaded= 0
========================================================================
Received Prepare
Begin MonoManager ReloadAssembly
Thread 0x170fd7000 may have been prematurely finalized
- Loaded All Assemblies, in  3.530 seconds
'Packages/com.unity.render-pipelines.high-definition/Editor/Wizard/HDWizard.UIElement.cs' contains partial class of Unity.Object, exactly 1 of the partial classes needs to be in a file with the same filename. This is to know the one that can be referenced from ie. GameObjects
'Packages/com.unity.render-pipelines.high-definition/Editor/Wizard/HDWizard.Configuration.cs' contains partial class of Unity.Object, exactly 1 of the partial classes needs to be in a file with the same filename. This is to know the one that can be referenced from ie. GameObjects
'Packages/com.unity.render-pipelines.high-definition/Editor/Wizard/HDWizard.Window.cs' contains partial class of Unity.Object, exactly 1 of the partial classes needs to be in a file with the same filename. This is to know the one that can be referenced from ie. GameObjects
Refreshing native plugins compatible for Editor in 4.56 ms, found 11 plugins.
Native extension for iOS target not found
Native extension for Android target not found
Native extension for OSXStandalone target not found
[Package Manager] Failed to launch server process. Reason: Unity was launched with the -noUpm command-line argument
[Package Manager] Unable to send message (not connected to server process).
[Package Manager] Cannot connect to Unity Package Manager local server
[MODES] ModeService[none].Initialize
[MODES] ModeService[none].LoadModes
Mono: successfully reloaded assembly
[Package Manager] Failed to launch server process. Reason: Unity was launched with the -noUpm command-line argument
[Package Manager] Unable to send message (not connected to server process).
[Package Manager] Cannot connect to Unity Package Manager local server
- Finished resetting the current domain, in  1.505 seconds
Domain Reload Profiling: 5052ms
	BeginReloadAssembly (1445ms)
		ExecutionOrderSort (2ms)
		DisableScriptedObjects (39ms)
		BackupInstance (0ms)
		ReleaseScriptingObjects (2ms)
		CreateAndSetChildDomain (488ms)
	RebuildCommonClasses (44ms)
	RebuildNativeTypeToScriptingClass (14ms)
	initialDomainReloadingComplete (35ms)
	LoadAllAssembliesAndSetupDomain (2007ms)
		LoadAssemblies (1779ms)
		RebuildTransferFunctionScriptingTraits (0ms)
		AnalyzeDomain (811ms)
			TypeCache.Refresh (60ms)
				TypeCache.ScanAssembly (0ms)
			BuildScriptInfoCaches (701ms)
			ResolveRequiredComponents (24ms)
	FinalizeReload (1508ms)
		ReleaseScriptCaches (0ms)
		RebuildScriptCaches (0ms)
		SetupLoadedEditorAssemblies (1145ms)
			LogAssemblyErrors (0ms)
			InitializePlatformSupportModulesInManaged (380ms)
			SetLoadedEditorAssemblies (6ms)
			BeforeProcessingInitializeOnLoad (135ms)
			ProcessInitializeOnLoadAttributes (328ms)
			ProcessInitializeOnLoadMethodAttributes (291ms)
			AfterProcessingInitializeOnLoad (3ms)
			EditorAssembliesLoaded (1ms)
		ExecutionOrderSort2 (0ms)
		AwakeInstancesAfterBackupRestoration (33ms)
WARNING: Shader Unsupported: 'HDRP/TerrainLit' - All subshaders removed
WARNING: Shader Did you use #pragma only_renderers and omit this platform?
WARNING: Shader If subshaders removal was intentional, you may have forgotten turning Fallback off?
WARNING: Shader Unsupported: 'HDRP/TerrainLit' - All subshaders removed
WARNING: Shader Did you use #pragma only_renderers and omit this platform?
WARNING: Shader If subshaders removal was intentional, you may have forgotten turning Fallback off?
WARNING: Shader Unsupported: 'Universal Render Pipeline/VR/SpatialMapping/Wireframe' - All subshaders removed
WARNING: Shader Did you use #pragma only_renderers and omit this platform?
WARNING: Shader If subshaders removal was intentional, you may have forgotten turning Fallback off?
WARNING: Shader Unsupported: 'Universal Render Pipeline/VR/SpatialMapping/Wireframe' - All subshaders removed
WARNING: Shader Did you use #pragma only_renderers and omit this platform?
WARNING: Shader If subshaders removal was intentional, you may have forgotten turning Fallback off?
Refreshing native plugins compatible for Editor in 6.03 ms, found 11 plugins.
Preloading 1 native plugins for Editor in 0.34 ms.
Unloading 168 Unused Serialized files (Serialized files now loaded: 0)
Unloading 9113 unused Assets / (17.3 MB). Loaded Objects now: 9952.
Memory consumption went from 223.9 MB to 206.6 MB.
Total: 75.985042 ms (FindLiveObjects: 16.582375 ms CreateObjectMapping: 1.104375 ms MarkObjects: 37.768708 ms  DeleteObjects: 20.528542 ms)

Prepare: number of updated asset objects reloaded= 0
========================================================================
Received Prepare
Begin MonoManager ReloadAssembly
Thread 0x170fd7000 may have been prematurely finalized
- Loaded All Assemblies, in  4.285 seconds
'Packages/com.unity.render-pipelines.high-definition/Editor/Wizard/HDWizard.UIElement.cs' contains partial class of Unity.Object, exactly 1 of the partial classes needs to be in a file with the same filename. This is to know the one that can be referenced from ie. GameObjects
'Packages/com.unity.render-pipelines.high-definition/Editor/Wizard/HDWizard.Configuration.cs' contains partial class of Unity.Object, exactly 1 of the partial classes needs to be in a file with the same filename. This is to know the one that can be referenced from ie. GameObjects
'Packages/com.unity.render-pipelines.high-definition/Editor/Wizard/HDWizard.Window.cs' contains partial class of Unity.Object, exactly 1 of the partial classes needs to be in a file with the same filename. This is to know the one that can be referenced from ie. GameObjects
Refreshing native plugins compatible for Editor in 17.94 ms, found 11 plugins.
Native extension for iOS target not found
Native extension for Android target not found
Native extension for OSXStandalone target not found
[Package Manager] Failed to launch server process. Reason: Unity was launched with the -noUpm command-line argument
[Package Manager] Unable to send message (not connected to server process).
[Package Manager] Cannot connect to Unity Package Manager local server
[MODES] ModeService[none].Initialize
[MODES] ModeService[none].LoadModes
Mono: successfully reloaded assembly
[Package Manager] Failed to launch server process. Reason: Unity was launched with the -noUpm command-line argument
[Package Manager] Unable to send message (not connected to server process).
[Package Manager] Cannot connect to Unity Package Manager local server
- Finished resetting the current domain, in  2.457 seconds
Domain Reload Profiling: 6814ms
	BeginReloadAssembly (1254ms)
		ExecutionOrderSort (0ms)
		DisableScriptedObjects (59ms)
		BackupInstance (0ms)
		ReleaseScriptingObjects (2ms)
		CreateAndSetChildDomain (452ms)
	RebuildCommonClasses (60ms)
	RebuildNativeTypeToScriptingClass (14ms)
	initialDomainReloadingComplete (95ms)
	LoadAllAssembliesAndSetupDomain (2933ms)
		LoadAssemblies (2465ms)
		RebuildTransferFunctionScriptingTraits (0ms)
		AnalyzeDomain (851ms)
			TypeCache.Refresh (70ms)
				TypeCache.ScanAssembly (0ms)
			BuildScriptInfoCaches (697ms)
			ResolveRequiredComponents (25ms)
	FinalizeReload (2458ms)
		ReleaseScriptCaches (0ms)
		RebuildScriptCaches (0ms)
		SetupLoadedEditorAssemblies (1791ms)
			LogAssemblyErrors (0ms)
			InitializePlatformSupportModulesInManaged (495ms)
			SetLoadedEditorAssemblies (15ms)
			BeforeProcessingInitializeOnLoad (271ms)
			ProcessInitializeOnLoadAttributes (472ms)
			ProcessInitializeOnLoadMethodAttributes (535ms)
			AfterProcessingInitializeOnLoad (1ms)
			EditorAssembliesLoaded (1ms)
		ExecutionOrderSort2 (0ms)
		AwakeInstancesAfterBackupRestoration (20ms)
WARNING: Shader Unsupported: 'HDRP/TerrainLit' - All subshaders removed
WARNING: Shader Did you use #pragma only_renderers and omit this platform?
WARNING: Shader If subshaders removal was intentional, you may have forgotten turning Fallback off?
WARNING: Shader Unsupported: 'HDRP/TerrainLit' - All subshaders removed
WARNING: Shader Did you use #pragma only_renderers and omit this platform?
WARNING: Shader If subshaders removal was intentional, you may have forgotten turning Fallback off?
WARNING: Shader Unsupported: 'Universal Render Pipeline/VR/SpatialMapping/Wireframe' - All subshaders removed
WARNING: Shader Did you use #pragma only_renderers and omit this platform?
WARNING: Shader If subshaders removal was intentional, you may have forgotten turning Fallback off?
WARNING: Shader Unsupported: 'Universal Render Pipeline/VR/SpatialMapping/Wireframe' - All subshaders removed
WARNING: Shader Did you use #pragma only_renderers and omit this platform?
WARNING: Shader If subshaders removal was intentional, you may have forgotten turning Fallback off?
Refreshing native plugins compatible for Editor in 4.18 ms, found 11 plugins.
Preloading 1 native plugins for Editor in 0.40 ms.
Unloading 168 Unused Serialized files (Serialized files now loaded: 0)
Unloading 9113 unused Assets / (20.5 MB). Loaded Objects now: 9955.
Memory consumption went from 223.8 MB to 203.3 MB.
Total: 74.403166 ms (FindLiveObjects: 23.954625 ms CreateObjectMapping: 3.003625 ms MarkObjects: 29.428541 ms  DeleteObjects: 18.015541 ms)

Prepare: number of updated asset objects reloaded= 0
========================================================================
Received Import Request.
  Time since last request: 681.167514 seconds.
  path: Assets/TerrainDemoScene_URP/Prefabs/Rocks/Textures/Cliff_Mossy_A/Cliff_Mossy_A_BaseColor.tif
  artifactKey: Guid(bdee92c9513af5544943c766cbe273eb) Importer(815301076,1909f56bfc062723c751e8b465ee728b)
Start importing Assets/TerrainDemoScene_URP/Prefabs/Rocks/Textures/Cliff_Mossy_A/Cliff_Mossy_A_BaseColor.tif using Guid(bdee92c9513af5544943c766cbe273eb) Importer(815301076,1909f56bfc062723c751e8b465ee728b) (PreviewImporter) -> (artifact id: 'c96de57b577f8ac56d46c05848730d39') in 1.31943375 seconds
Number of updated asset objects reloaded before import = 0Number of asset objects unloaded after import = 2

========================================================================
Received Import Request.
  Time since last request: 0.000566 seconds.
  path: Assets/TerrainDemoScene_URP/Terrain/Palettes/TerrainDemo_Palette.asset
  artifactKey: Guid(660fdbc36e7821441ae59ba505528011) Importer(815301076,1909f56bfc062723c751e8b465ee728b)
Start importing Assets/TerrainDemoScene_URP/Terrain/Palettes/TerrainDemo_Palette.asset using Guid(660fdbc36e7821441ae59ba505528011) Importer(815301076,1909f56bfc062723c751e8b465ee728b) (PreviewImporter) -> (artifact id: '1f5c33f9b00fced22dcd86d96d88d226') in 0.112590458 seconds
Number of updated asset objects reloaded before import = 0Number of asset objects unloaded after import = 1

========================================================================
Received Import Request.
  Time since last request: 0.005617 seconds.
  path: Assets/TerrainDemoScene_URP/Prefabs/Skybox/Models/SkyboxMountains02.fbx
  artifactKey: Guid(bf2e85838cc80584b9ec701387e7ad2c) Importer(815301076,1909f56bfc062723c751e8b465ee728b)
Start importing Assets/TerrainDemoScene_URP/Prefabs/Skybox/Models/SkyboxMountains02.fbx using Guid(bf2e85838cc80584b9ec701387e7ad2c) Importer(815301076,1909f56bfc062723c751e8b465ee728b) (PreviewImporter) -> (artifact id: 'e1cf2fe59dc9a97f7e96f90d10ec10ca') in 25.660911125 seconds
Number of updated asset objects reloaded before import = 0Number of asset objects unloaded after import = 340

========================================================================
Received Import Request.
  Time since last request: 0.001507 seconds.
  path: Assets/Samples/XR Interaction Toolkit/3.0.8/XR Device Simulator/UI/Mouse/MouseMoveAround.png
  artifactKey: Guid(013811fdd48c040339e9adc40e692381) Importer(815301076,1909f56bfc062723c751e8b465ee728b)
Start importing Assets/Samples/XR Interaction Toolkit/3.0.8/XR Device Simulator/UI/Mouse/MouseMoveAround.png using Guid(013811fdd48c040339e9adc40e692381) Importer(815301076,1909f56bfc062723c751e8b465ee728b) (PreviewImporter) -> (artifact id: '37504d787118627848978a59d53d2bd2') in 0.394636625 seconds
Number of updated asset objects reloaded before import = 0Number of asset objects unloaded after import = 3

========================================================================
Received Import Request.
  Time since last request: 0.000383 seconds.
  path: Assets/Samples/XR Interaction Toolkit/3.0.8/XR Device Simulator/UI/HeadDevice/Movement.png
  artifactKey: Guid(1d56a2d39cfbb49149abbf0076259327) Importer(815301076,1909f56bfc062723c751e8b465ee728b)
Start importing Assets/Samples/XR Interaction Toolkit/3.0.8/XR Device Simulator/UI/HeadDevice/Movement.png using Guid(1d56a2d39cfbb49149abbf0076259327) Importer(815301076,1909f56bfc062723c751e8b465ee728b) (PreviewImporter) -> (artifact id: '02b688d1116cd7fb6ef1521d13a18d09') in 0.018486958 seconds
Number of updated asset objects reloaded before import = 0Number of asset objects unloaded after import = 3

========================================================================
Received Import Request.
  Time since last request: 0.000073 seconds.
  path: Assets/TerrainDemoScene_URP/Prefabs/Skybox/Models/SkyboxMountains07.fbx
  artifactKey: Guid(097acba7e17de2a428ec879c4fb71858) Importer(815301076,1909f56bfc062723c751e8b465ee728b)
Start importing Assets/TerrainDemoScene_URP/Prefabs/Skybox/Models/SkyboxMountains07.fbx using Guid(097acba7e17de2a428ec879c4fb71858) Importer(815301076,1909f56bfc062723c751e8b465ee728b) (PreviewImporter) -> (artifact id: '0e4605fc95f2e9da1889df9ad919d98b') in 0.177621625 seconds
Number of updated asset objects reloaded before import = 0Number of asset objects unloaded after import = 10

========================================================================
Received Import Request.
  Time since last request: 0.000113 seconds.
  path: Assets/TerrainDemoScene_URP/Terrain/Textures/Grass_Moss_A/Grass_Moss_A_BaseColor.tif
  artifactKey: Guid(d44cec25420524046b0137655ed7f307) Importer(815301076,1909f56bfc062723c751e8b465ee728b)
Start importing Assets/TerrainDemoScene_URP/Terrain/Textures/Grass_Moss_A/Grass_Moss_A_BaseColor.tif using Guid(d44cec25420524046b0137655ed7f307) Importer(815301076,1909f56bfc062723c751e8b465ee728b) (PreviewImporter) -> (artifact id: 'fcd366748a2af372740516fc86572093') in 0.060381 seconds
Number of updated asset objects reloaded before import = 0Number of asset objects unloaded after import = 2

========================================================================
Received Import Request.
  Time since last request: 0.000155 seconds.
  path: Assets/TerrainDemoScene_URP/Terrain/Textures/Grass_Moss_A/Grass_Moss_A_Normal.tif
  artifactKey: Guid(f8c9bb189b5f4d344bc5193ab9446783) Importer(815301076,1909f56bfc062723c751e8b465ee728b)
Start importing Assets/TerrainDemoScene_URP/Terrain/Textures/Grass_Moss_A/Grass_Moss_A_Normal.tif using Guid(f8c9bb189b5f4d344bc5193ab9446783) Importer(815301076,1909f56bfc062723c751e8b465ee728b) (PreviewImporter) -> (artifact id: '5c04a430c744cac26684f5cdd7dad214') in 0.071147875 seconds
Number of updated asset objects reloaded before import = 0Number of asset objects unloaded after import = 2

========================================================================
Received Import Request.
  Time since last request: 0.004628 seconds.
  path: Assets/TerrainDemoScene_URP/Terrain/Brushes/Heightmaps/mountain04.tif
  artifactKey: Guid(a1f4f845b9208d64a95cc6177a9b2abc) Importer(815301076,1909f56bfc062723c751e8b465ee728b)
Start importing Assets/TerrainDemoScene_URP/Terrain/Brushes/Heightmaps/mountain04.tif using Guid(a1f4f845b9208d64a95cc6177a9b2abc) Importer(815301076,1909f56bfc062723c751e8b465ee728b) (PreviewImporter) -> (artifact id: 'ecd2d2ec00fa24b81a84244196528e89') in 0.04399475 seconds
Number of updated asset objects reloaded before import = 0Number of asset objects unloaded after import = 2

========================================================================
Received Import Request.
  Time since last request: 0.000481 seconds.
  path: Assets/TerrainDemoScene_URP/Terrain/Textures/Grass_Moss_A/Grass_Moss_A_Height.tif
  artifactKey: Guid(3602347127593fa418b1a852ae8b4e9e) Importer(815301076,1909f56bfc062723c751e8b465ee728b)
Start importing Assets/TerrainDemoScene_URP/Terrain/Textures/Grass_Moss_A/Grass_Moss_A_Height.tif using Guid(3602347127593fa418b1a852ae8b4e9e) Importer(815301076,1909f56bfc062723c751e8b465ee728b) (PreviewImporter) -> (artifact id: 'd72847fd1d230de0502bbf99ca43b67b') in 0.015588042 seconds
Number of updated asset objects reloaded before import = 0Number of asset objects unloaded after import = 2

========================================================================
Received Import Request.
  Time since last request: 0.000073 seconds.
  path: Assets/TerrainDemoScene_URP/Prefabs/Rocks/Textures/Cliff_Mossy_A/Cliff_Mossy_A_MaskMap.tif
  artifactKey: Guid(722382cc28601344ca7b7946f7a272df) Importer(815301076,1909f56bfc062723c751e8b465ee728b)
Start importing Assets/TerrainDemoScene_URP/Prefabs/Rocks/Textures/Cliff_Mossy_A/Cliff_Mossy_A_MaskMap.tif using Guid(722382cc28601344ca7b7946f7a272df) Importer(815301076,1909f56bfc062723c751e8b465ee728b) (PreviewImporter) -> (artifact id: '28fb683c4cf5027f49bd6968dfa9b790') in 0.016424 seconds
Number of updated asset objects reloaded before import = 0Number of asset objects unloaded after import = 2

========================================================================
Received Import Request.
  Time since last request: 0.000101 seconds.
  path: Assets/TerrainDemoScene_URP/Prefabs/Skybox/Models/SkyboxMountains03.fbx
  artifactKey: Guid(5111f521d7066864f84549af2a313da9) Importer(815301076,1909f56bfc062723c751e8b465ee728b)
Start importing Assets/TerrainDemoScene_URP/Prefabs/Skybox/Models/SkyboxMountains03.fbx using Guid(5111f521d7066864f84549af2a313da9) Importer(815301076,1909f56bfc062723c751e8b465ee728b) (PreviewImporter) -> (artifact id: '06a4a8a0f9a20d0f41101bfda876be7a') in 0.139035833 seconds
Number of updated asset objects reloaded before import = 0Number of asset objects unloaded after import = 10

========================================================================
Received Import Request.
  Time since last request: 0.000112 seconds.
  path: Assets/TerrainDemoScene_URP/Terrain/Textures/Cliff_Mossy_E/Cliff_Mossy_E_Normal.tif
  artifactKey: Guid(6a40a13a0056f6649bcce95734364b25) Importer(815301076,1909f56bfc062723c751e8b465ee728b)
Start importing Assets/TerrainDemoScene_URP/Terrain/Textures/Cliff_Mossy_E/Cliff_Mossy_E_Normal.tif using Guid(6a40a13a0056f6649bcce95734364b25) Importer(815301076,1909f56bfc062723c751e8b465ee728b) (PreviewImporter) -> (artifact id: '638fadf4cbd70b2eb77dbf8d7ac7b1a1') in 0.025145541 seconds
Number of updated asset objects reloaded before import = 0Number of asset objects unloaded after import = 2

========================================================================
Received Import Request.
  Time since last request: 0.000081 seconds.
  path: Assets/TerrainDemoScene_URP/Terrain/Layers/Cliff_Mossy_E.terrainlayer
  artifactKey: Guid(7ba7a711695a4904a86967c335f59fc9) Importer(815301076,1909f56bfc062723c751e8b465ee728b)
Start importing Assets/TerrainDemoScene_URP/Terrain/Layers/Cliff_Mossy_E.terrainlayer using Guid(7ba7a711695a4904a86967c335f59fc9) Importer(815301076,1909f56bfc062723c751e8b465ee728b) (PreviewImporter) -> (artifact id: 'c0ac7c2775d5a1ab5d0959abb64ddb5d') in 0.1769455 seconds
Number of updated asset objects reloaded before import = 0Number of asset objects unloaded after import = 5

========================================================================
Received Import Request.
  Time since last request: 0.000874 seconds.
  path: Assets/TerrainDemoScene_URP/TextMeshPro/Resources/Sprite Assets/EmojiOne.asset
  artifactKey: Guid(c41005c129ba4d66911b75229fd70b45) Importer(815301076,1909f56bfc062723c751e8b465ee728b)
Start importing Assets/TerrainDemoScene_URP/TextMeshPro/Resources/Sprite Assets/EmojiOne.asset using Guid(c41005c129ba4d66911b75229fd70b45) Importer(815301076,1909f56bfc062723c751e8b465ee728b) (PreviewImporter) -> (artifact id: '88e81146a5be1ebe86c8332084ddc979') in 0.032236041 seconds
Number of updated asset objects reloaded before import = 0Number of asset objects unloaded after import = 2

========================================================================
Received Import Request.
  Time since last request: 0.000368 seconds.
  path: Assets/TerrainDemoScene_URP/Terrain/Brushes/Terrainstamp_Mountain04_Brush.brush
  artifactKey: Guid(84399f7e9c8b199478532ded97f1ed9b) Importer(815301076,1909f56bfc062723c751e8b465ee728b)
Start importing Assets/TerrainDemoScene_URP/Terrain/Brushes/Terrainstamp_Mountain04_Brush.brush using Guid(84399f7e9c8b199478532ded97f1ed9b) Importer(815301076,1909f56bfc062723c751e8b465ee728b) (PreviewImporter) -> (artifact id: '760a651bae004323396d7b596ebef86d') in 0.222897667 seconds
Number of updated asset objects reloaded before import = 0Number of asset objects unloaded after import = 2

========================================================================
Received Import Request.
  Time since last request: 0.001172 seconds.
  path: Assets/TerrainDemoScene_URP/VFXGraphs/Textures/WispySmoke03b_8x8.tga
  artifactKey: Guid(3f0b27fa0a9267346b36465dc2808773) Importer(815301076,1909f56bfc062723c751e8b465ee728b)
Start importing Assets/TerrainDemoScene_URP/VFXGraphs/Textures/WispySmoke03b_8x8.tga using Guid(3f0b27fa0a9267346b36465dc2808773) Importer(815301076,1909f56bfc062723c751e8b465ee728b) (PreviewImporter) -> (artifact id: 'ed8595f6f4ff539250091583717e1d4d') in 0.031377042 seconds
Number of updated asset objects reloaded before import = 0Number of asset objects unloaded after import = 2

========================================================================
Received Import Request.
  Time since last request: 0.000091 seconds.
  path: Assets/TerrainDemoScene_URP/Prefabs/Skybox/Models/SkyboxMountains05.fbx
  artifactKey: Guid(2267bd277b3402a42a6b5bcc4ffcd4a2) Importer(815301076,1909f56bfc062723c751e8b465ee728b)
Start importing Assets/TerrainDemoScene_URP/Prefabs/Skybox/Models/SkyboxMountains05.fbx using Guid(2267bd277b3402a42a6b5bcc4ffcd4a2) Importer(815301076,1909f56bfc062723c751e8b465ee728b) (PreviewImporter) -> (artifact id: 'd76d9882361cc2e775148a57f4a0683b') in 0.076424334 seconds
Number of updated asset objects reloaded before import = 0Number of asset objects unloaded after import = 10

========================================================================
Received Import Request.
  Time since last request: 0.000139 seconds.
  path: Assets/TerrainDemoScene_URP/Prefabs/Rocks/Textures/Cliff_Mossy_B/Cliff_Mossy_B_MaskMap.tif
  artifactKey: Guid(ae78e231ab68a1348892ac2eb6619d29) Importer(815301076,1909f56bfc062723c751e8b465ee728b)
Start importing Assets/TerrainDemoScene_URP/Prefabs/Rocks/Textures/Cliff_Mossy_B/Cliff_Mossy_B_MaskMap.tif using Guid(ae78e231ab68a1348892ac2eb6619d29) Importer(815301076,1909f56bfc062723c751e8b465ee728b) (PreviewImporter) -> (artifact id: '4e5ff9416a5a3bad60b9b9e78c4cd693') in 0.0142515 seconds
Number of updated asset objects reloaded before import = 0Number of asset objects unloaded after import = 2

========================================================================
Received Import Request.
  Time since last request: 0.000078 seconds.
  path: Assets/TerrainDemoScene_URP/Animation/TerrainDemo_Main.playable
  artifactKey: Guid(a45c8aa0a15f33540838ca322c304be3) Importer(815301076,1909f56bfc062723c751e8b465ee728b)
Start importing Assets/TerrainDemoScene_URP/Animation/TerrainDemo_Main.playable using Guid(a45c8aa0a15f33540838ca322c304be3) Importer(815301076,1909f56bfc062723c751e8b465ee728b) (PreviewImporter) -> (artifact id: 'f806af272f51e016291bdcb68befbe84') in 0.132106417 seconds
Number of updated asset objects reloaded before import = 0Number of asset objects unloaded after import = 86

========================================================================
Received Import Request.
  Time since last request: 0.000150 seconds.
  path: Assets/TerrainDemoScene_URP/VFXGraphs/Textures/WispySmoke02_8x8.tga
  artifactKey: Guid(3bc65015d0523ed4f9895b40e1febdaf) Importer(815301076,1909f56bfc062723c751e8b465ee728b)
Start importing Assets/TerrainDemoScene_URP/VFXGraphs/Textures/WispySmoke02_8x8.tga using Guid(3bc65015d0523ed4f9895b40e1febdaf) Importer(815301076,1909f56bfc062723c751e8b465ee728b) (PreviewImporter) -> (artifact id: 'e0735a8c04f94c2b6368735acfacc0ec') in 0.047214167 seconds
Number of updated asset objects reloaded before import = 0Number of asset objects unloaded after import = 2

========================================================================
Received Import Request.
  Time since last request: 0.000525 seconds.
  path: Assets/TerrainDemoScene_URP/Prefabs/Water/Textures/Moss_B_BaseColor.tif
  artifactKey: Guid(9cb1644a840e1be49b7dcbd2be19ca01) Importer(815301076,1909f56bfc062723c751e8b465ee728b)
Start importing Assets/TerrainDemoScene_URP/Prefabs/Water/Textures/Moss_B_BaseColor.tif using Guid(9cb1644a840e1be49b7dcbd2be19ca01) Importer(815301076,1909f56bfc062723c751e8b465ee728b) (PreviewImporter) -> (artifact id: 'cbb1cc81aaade9801685cb0b88169cdc') in 0.047357167 seconds
Number of updated asset objects reloaded before import = 0Number of asset objects unloaded after import = 2

========================================================================
Received Import Request.
  Time since last request: 0.000107 seconds.
  path: Assets/TerrainDemoScene_URP/Prefabs/Water/Textures/Moss_A_Normal.tif
  artifactKey: Guid(c0b8d62cf93b06342a8e23d31a75367e) Importer(815301076,1909f56bfc062723c751e8b465ee728b)
Start importing Assets/TerrainDemoScene_URP/Prefabs/Water/Textures/Moss_A_Normal.tif using Guid(c0b8d62cf93b06342a8e23d31a75367e) Importer(815301076,1909f56bfc062723c751e8b465ee728b) (PreviewImporter) -> (artifact id: '966679b07ed7fdeeebe00a00796a9c30') in 0.033761375 seconds
Number of updated asset objects reloaded before import = 0Number of asset objects unloaded after import = 2

========================================================================
Received Import Request.
  Time since last request: 0.000128 seconds.
  path: Assets/TerrainDemoScene_URP/Terrain/Brushes/Terrainstamp_Mountain02_Brush.brush
  artifactKey: Guid(8569f88df55a4b64b997e64b2aa69432) Importer(815301076,1909f56bfc062723c751e8b465ee728b)
Start importing Assets/TerrainDemoScene_URP/Terrain/Brushes/Terrainstamp_Mountain02_Brush.brush using Guid(8569f88df55a4b64b997e64b2aa69432) Importer(815301076,1909f56bfc062723c751e8b465ee728b) (PreviewImporter) -> (artifact id: '28f954f2f92e600b8a9e5a1aded85d24') in 0.024890083 seconds
Number of updated asset objects reloaded before import = 0Number of asset objects unloaded after import = 2

========================================================================
Received Import Request.
  Time since last request: 0.000147 seconds.
  path: Assets/TerrainDemoScene_URP/Terrain/Brushes/Terrainstamp_Mountain06_Brush.brush
  artifactKey: Guid(1f59549ee2c7eab4d833e1b9cd1bb76b) Importer(815301076,1909f56bfc062723c751e8b465ee728b)
Start importing Assets/TerrainDemoScene_URP/Terrain/Brushes/Terrainstamp_Mountain06_Brush.brush using Guid(1f59549ee2c7eab4d833e1b9cd1bb76b) Importer(815301076,1909f56bfc062723c751e8b465ee728b) (PreviewImporter) -> (artifact id: 'dabecae8638e4c800e7564adaa473178') in 0.028021541 seconds
Number of updated asset objects reloaded before import = 0Number of asset objects unloaded after import = 2

========================================================================
Received Import Request.
  Time since last request: 0.000112 seconds.
  path: Assets/TerrainDemoScene_URP/Terrain/Brushes/Heightmaps/mountain08.tif
  artifactKey: Guid(d5428cdc2df49fc4a9aa5bbbcfcfe0e0) Importer(815301076,1909f56bfc062723c751e8b465ee728b)
Start importing Assets/TerrainDemoScene_URP/Terrain/Brushes/Heightmaps/mountain08.tif using Guid(d5428cdc2df49fc4a9aa5bbbcfcfe0e0) Importer(815301076,1909f56bfc062723c751e8b465ee728b) (PreviewImporter) -> (artifact id: '9a12bb6cd51389c8d724fcdbdcd950ce') in 0.034478125 seconds
Number of updated asset objects reloaded before import = 0Number of asset objects unloaded after import = 2

========================================================================
Received Import Request.
  Time since last request: 0.000627 seconds.
  path: Assets/TerrainDemoScene_URP/Terrain/Brushes/Terrainstamp_Mountain09_Brush.brush
  artifactKey: Guid(9159bc656b82f2b4b80e93118991ddc7) Importer(815301076,1909f56bfc062723c751e8b465ee728b)
Start importing Assets/TerrainDemoScene_URP/Terrain/Brushes/Terrainstamp_Mountain09_Brush.brush using Guid(9159bc656b82f2b4b80e93118991ddc7) Importer(815301076,1909f56bfc062723c751e8b465ee728b) (PreviewImporter) -> (artifact id: 'ac894bed65f277594810e3b7df5af597') in 0.028141958 seconds
Number of updated asset objects reloaded before import = 0Number of asset objects unloaded after import = 2

========================================================================
Received Import Request.
  Time since last request: 0.000679 seconds.
  path: Assets/Settings/Mobile_Renderer.asset
  artifactKey: Guid(65bc7dbf4170f435aa868c779acfb082) Importer(815301076,1909f56bfc062723c751e8b465ee728b)
Start importing Assets/Settings/Mobile_Renderer.asset using Guid(65bc7dbf4170f435aa868c779acfb082) Importer(815301076,1909f56bfc062723c751e8b465ee728b) (PreviewImporter) -> (artifact id: '257782a620645b90a1a87ce69519daaf') in 0.022405542 seconds
Number of updated asset objects reloaded before import = 0Number of asset objects unloaded after import = 1

========================================================================
Received Import Request.
  Time since last request: 0.000143 seconds.
  path: Assets/TerrainDemoScene_URP/Terrain/Textures/Grass_Moss_A/Grass_Moss_A_MaskMap.tif
  artifactKey: Guid(b59653c2a4aef63458bcc4f030119ba0) Importer(815301076,1909f56bfc062723c751e8b465ee728b)
Start importing Assets/TerrainDemoScene_URP/Terrain/Textures/Grass_Moss_A/Grass_Moss_A_MaskMap.tif using Guid(b59653c2a4aef63458bcc4f030119ba0) Importer(815301076,1909f56bfc062723c751e8b465ee728b) (PreviewImporter) -> (artifact id: 'b347d6169c766615e15ea43adace7a56') in 0.024981792 seconds
Number of updated asset objects reloaded before import = 0Number of asset objects unloaded after import = 2

========================================================================
Received Import Request.
  Time since last request: 0.000080 seconds.
  path: Assets/TerrainDemoScene_URP/Terrain/Brushes/Heightmaps/mountain07.tif
  artifactKey: Guid(ce420f179549a9c4f9a08a26260e8d18) Importer(815301076,1909f56bfc062723c751e8b465ee728b)
Start importing Assets/TerrainDemoScene_URP/Terrain/Brushes/Heightmaps/mountain07.tif using Guid(ce420f179549a9c4f9a08a26260e8d18) Importer(815301076,1909f56bfc062723c751e8b465ee728b) (PreviewImporter) -> (artifact id: '72e982bd481919a53f3f417ff8fc3985') in 0.023462292 seconds
Number of updated asset objects reloaded before import = 0Number of asset objects unloaded after import = 2

========================================================================
Received Import Request.
  Time since last request: 0.003276 seconds.
  path: Assets/Settings/Mobile_RPAsset.asset
  artifactKey: Guid(5e6cbd92db86f4b18aec3ed561671858) Importer(815301076,1909f56bfc062723c751e8b465ee728b)
Start importing Assets/Settings/Mobile_RPAsset.asset using Guid(5e6cbd92db86f4b18aec3ed561671858) Importer(815301076,1909f56bfc062723c751e8b465ee728b) (PreviewImporter) -> (artifact id: '8aef1b5780e7730518d46eb0d392eb05') in 0.019708625 seconds
Number of updated asset objects reloaded before import = 0Number of asset objects unloaded after import = 2

========================================================================
Received Import Request.
  Time since last request: 0.000093 seconds.
  path: Assets/TerrainDemoScene_URP/Terrain/Brushes/Terrainstamp_Mountain08_Brush.brush
  artifactKey: Guid(f3ac69de155752e498f0f9864e41e7a1) Importer(815301076,1909f56bfc062723c751e8b465ee728b)
Start importing Assets/TerrainDemoScene_URP/Terrain/Brushes/Terrainstamp_Mountain08_Brush.brush using Guid(f3ac69de155752e498f0f9864e41e7a1) Importer(815301076,1909f56bfc062723c751e8b465ee728b) (PreviewImporter) -> (artifact id: '4240502a485f1b4f2393483d50919f1d') in 0.0284165 seconds
Number of updated asset objects reloaded before import = 0Number of asset objects unloaded after import = 2

========================================================================
Received Import Request.
  Time since last request: 0.000062 seconds.
  path: Assets/TerrainDemoScene_URP/Terrain/Brushes/Terrainstamp_Mountain05_Brush.brush
  artifactKey: Guid(c18cd5b317ff2af479fe5b47336cc75c) Importer(815301076,1909f56bfc062723c751e8b465ee728b)
Start importing Assets/TerrainDemoScene_URP/Terrain/Brushes/Terrainstamp_Mountain05_Brush.brush using Guid(c18cd5b317ff2af479fe5b47336cc75c) Importer(815301076,1909f56bfc062723c751e8b465ee728b) (PreviewImporter) -> (artifact id: 'b4bc799bdd94583a7bb15905ae07046e') in 0.024441542 seconds
Number of updated asset objects reloaded before import = 0Number of asset objects unloaded after import = 2

========================================================================
Received Import Request.
  Time since last request: 0.000106 seconds.
  path: Assets/TerrainDemoScene_URP/VFXGraphs/Textures/WispySmoke01_8x8.tga
  artifactKey: Guid(5b79b3ba349286e4eab50a1dd8372dd5) Importer(815301076,1909f56bfc062723c751e8b465ee728b)
Start importing Assets/TerrainDemoScene_URP/VFXGraphs/Textures/WispySmoke01_8x8.tga using Guid(5b79b3ba349286e4eab50a1dd8372dd5) Importer(815301076,1909f56bfc062723c751e8b465ee728b) (PreviewImporter) -> (artifact id: 'afd18422e6d28fbb8698c104940cb375') in 0.018922917 seconds
Number of updated asset objects reloaded before import = 0Number of asset objects unloaded after import = 2

========================================================================
Received Import Request.
  Time since last request: 0.000101 seconds.
  path: Assets/Samples/XR Interaction Toolkit/3.0.8/XR Device Simulator/UI/Mouse/MouseR.png
  artifactKey: Guid(14e910c1fb9c7514a8106ffd25f1d892) Importer(815301076,1909f56bfc062723c751e8b465ee728b)
Start importing Assets/Samples/XR Interaction Toolkit/3.0.8/XR Device Simulator/UI/Mouse/MouseR.png using Guid(14e910c1fb9c7514a8106ffd25f1d892) Importer(815301076,1909f56bfc062723c751e8b465ee728b) (PreviewImporter) -> (artifact id: '72b7a1b3127242a086d2f925745aadea') in 0.030419666 seconds
Number of updated asset objects reloaded before import = 0Number of asset objects unloaded after import = 3

========================================================================
Received Import Request.
  Time since last request: 0.000137 seconds.
  path: Assets/TerrainDemoScene_URP/Prefabs/Rocks/Textures/Cliff_Mossy_B/Cliff_Mossy_B_Height.tif
  artifactKey: Guid(701273150b2d11641b58887a1048d3bd) Importer(815301076,1909f56bfc062723c751e8b465ee728b)
Start importing Assets/TerrainDemoScene_URP/Prefabs/Rocks/Textures/Cliff_Mossy_B/Cliff_Mossy_B_Height.tif using Guid(701273150b2d11641b58887a1048d3bd) Importer(815301076,1909f56bfc062723c751e8b465ee728b) (PreviewImporter) -> (artifact id: '33895ce98c42852b4d58bffe5b70b704') in 0.013578041 seconds
Number of updated asset objects reloaded before import = 0Number of asset objects unloaded after import = 2

Editor requested this worker to shutdown with reason: Scaling down because of idle timeout
AssetImportWorker is now disconnected from the server
Process exiting
