Using pre-set license
Built from '6000.0/respin/6000.0.59f1-063c55f2fd0f' branch; Version is '6000.0.59f2 (ef281c76c3c1) revision 15673372'; Using compiler version '193933523'; Build Type 'Release'
OS: 'Windows 11  (10.0.26100) 64bit Professional' Language: 'en' Physical Memory: 32189 MB
BatchMode: 1, IsHumanControllingUs: 0, StartBugReporterOnCrash: 0, Is64bit: 1
Date: 2025-11-10T14:28:36Z

COMMAND LINE ARGUMENTS:
C:\Program Files\Unity\Hub\Editor\6000.0.59f2\Editor\Unity.exe
-adb2
-batchMode
-noUpm
-name
AssetImportWorker4
-projectPath
C:/Users/Andra/college/IMR/backup/IMR_RAFTING_2025/RaftingProject
-logFile
Logs/AssetImportWorker4.log
-srvPort
64071
-job-worker-count
9
-background-job-worker-count
8
-gc-helper-count
1
-name
AssetImport
Successfully changed project path to: C:/Users/Andra/college/IMR/backup/IMR_RAFTING_2025/RaftingProject
C:/Users/Andra/college/IMR/backup/IMR_RAFTING_2025/RaftingProject
[UnityMemory] Configuration Parameters - Can be set up in boot.config
    "memorysetup-bucket-allocator-granularity=16"
    "memorysetup-bucket-allocator-bucket-count=8"
    "memorysetup-bucket-allocator-block-size=33554432"
    "memorysetup-bucket-allocator-block-count=8"
    "memorysetup-main-allocator-block-size=16777216"
    "memorysetup-thread-allocator-block-size=16777216"
    "memorysetup-gfx-main-allocator-block-size=16777216"
    "memorysetup-gfx-thread-allocator-block-size=16777216"
    "memorysetup-cache-allocator-block-size=4194304"
    "memorysetup-typetree-allocator-block-size=2097152"
    "memorysetup-profiler-bucket-allocator-granularity=16"
    "memorysetup-profiler-bucket-allocator-bucket-count=8"
    "memorysetup-profiler-bucket-allocator-block-size=33554432"
    "memorysetup-profiler-bucket-allocator-block-count=8"
    "memorysetup-profiler-allocator-block-size=16777216"
    "memorysetup-profiler-editor-allocator-block-size=1048576"
    "memorysetup-temp-allocator-size-main=16777216"
    "memorysetup-job-temp-allocator-block-size=2097152"
    "memorysetup-job-temp-allocator-block-size-background=1048576"
    "memorysetup-job-temp-allocator-reduction-small-platforms=262144"
    "memorysetup-allocator-temp-initial-block-size-main=262144"
    "memorysetup-allocator-temp-initial-block-size-worker=262144"
    "memorysetup-temp-allocator-size-background-worker=32768"
    "memorysetup-temp-allocator-size-job-worker=262144"
    "memorysetup-temp-allocator-size-preload-manager=33554432"
    "memorysetup-temp-allocator-size-nav-mesh-worker=65536"
    "memorysetup-temp-allocator-size-audio-worker=65536"
    "memorysetup-temp-allocator-size-cloud-worker=32768"
    "memorysetup-temp-allocator-size-gi-baking-worker=262144"
    "memorysetup-temp-allocator-size-gi-baking-worker=262144"
    "memorysetup-temp-allocator-size-gi-baking-worker=262144"
    "memorysetup-temp-allocator-size-gi-baking-worker=262144"
    "memorysetup-temp-allocator-size-gi-baking-worker=262144"
    "memorysetup-temp-allocator-size-gfx=262144"
Player connection [36940]  Target information:

Player connection [36940]  * "[IP] 192.168.56.1 [Port] 0 [Flags] 2 [Guid] 1472898289 [EditorId] 1472898289 [Version] 1048832 [Id] WindowsEditor(7,THE-MARVELOUS-LAPTOP) [Debug] 1 [PackageName] WindowsEditor [ProjectName] Editor" 

Player connection [36940]  * "[IP] 192.168.0.199 [Port] 0 [Flags] 2 [Guid] 1472898289 [EditorId] 1472898289 [Version] 1048832 [Id] WindowsEditor(7,THE-MARVELOUS-LAPTOP) [Debug] 1 [PackageName] WindowsEditor [ProjectName] Editor" 

Player connection [36940] Host joined multi-casting on [225.0.0.222:54997]...
Player connection [36940] Host joined alternative multi-casting on [225.0.0.222:34997]...
JobSystem: Creating JobQueue using job-worker-count value 9
Input System module state changed to: Initialized.
[Physics::Module] Initialized fallback backend.
[Physics::Module] Id: 0xdecafbad
Library Redirect Path: Library/
[Physics::Module] Selected backend.
[Physics::Module] Name: PhysX
[Physics::Module] Id: 0xf2b8ea05
[Physics::Module] SDK Version: 4.1.2
[Physics::Module] Integration Version: 1.0.0
[Physics::Module] Threading Mode: Multi-Threaded
Refreshing native plugins compatible for Editor in 10.04 ms, found 13 plugins.
Preloading 1 native plugins for Editor in 0.61 ms.
Initialize engine version: 6000.0.59f2 (ef281c76c3c1)
[Subsystems] Discovering subsystems at path C:/Program Files/Unity/Hub/Editor/6000.0.59f2/Editor/Data/Resources/UnitySubsystems
[Subsystems] Discovering subsystems at path C:/Users/Andra/college/IMR/backup/IMR_RAFTING_2025/RaftingProject/Assets
GfxDevice: creating device client; kGfxThreadingModeNonThreaded
Direct3D:
    Version:  Direct3D 11.0 [level 11.1]
    Renderer: NVIDIA GeForce RTX 5060 Laptop GPU (ID=0x2d19)
    Vendor:   NVIDIA
    VRAM:     7810 MB
    Driver:   32.0.15.8180
Initialize mono
Mono path[0] = 'C:/Program Files/Unity/Hub/Editor/6000.0.59f2/Editor/Data/Managed'
Mono path[1] = 'C:/Program Files/Unity/Hub/Editor/6000.0.59f2/Editor/Data/MonoBleedingEdge/lib/mono/unityjit-win32'
Mono config path = 'C:/Program Files/Unity/Hub/Editor/6000.0.59f2/Editor/Data/MonoBleedingEdge/etc'
Using monoOptions --debugger-agent=transport=dt_socket,embedding=1,server=y,suspend=n,address=127.0.0.1:56664
Begin MonoManager ReloadAssembly
Registering precompiled unity dll's ...
Register platform support module: C:/Program Files/Unity/Hub/Editor/6000.0.59f2/Editor/Data/PlaybackEngines/WindowsStandaloneSupport/UnityEditor.WindowsStandalone.Extensions.dll
Register platform support module: C:/Program Files/Unity/Hub/Editor/6000.0.59f2/Editor/Data/PlaybackEngines/MetroSupport/UnityEditor.UWP.Extensions.dll
Register platform support module: C:/Program Files/Unity/Hub/Editor/6000.0.59f2/Editor/Data/PlaybackEngines/AndroidPlayer/UnityEditor.Android.Extensions.dll
Registered in 0.002799 seconds.
- Loaded All Assemblies, in  0.275 seconds
Native extension for Android target not found
Android Extension - Scanning For ADB Devices 182 ms
Native extension for UWP target not found
Native extension for WindowsStandalone target not found
Mono: successfully reloaded assembly
- Finished resetting the current domain, in  0.484 seconds
Domain Reload Profiling: 759ms
	BeginReloadAssembly (93ms)
		ExecutionOrderSort (0ms)
		DisableScriptedObjects (0ms)
		BackupInstance (0ms)
		ReleaseScriptingObjects (0ms)
		CreateAndSetChildDomain (1ms)
	RebuildCommonClasses (23ms)
	RebuildNativeTypeToScriptingClass (7ms)
	initialDomainReloadingComplete (33ms)
	LoadAllAssembliesAndSetupDomain (117ms)
		LoadAssemblies (92ms)
		RebuildTransferFunctionScriptingTraits (0ms)
		AnalyzeDomain (114ms)
			TypeCache.Refresh (113ms)
				TypeCache.ScanAssembly (102ms)
			BuildScriptInfoCaches (0ms)
			ResolveRequiredComponents (0ms)
	FinalizeReload (485ms)
		ReleaseScriptCaches (0ms)
		RebuildScriptCaches (0ms)
		SetupLoadedEditorAssemblies (446ms)
			LogAssemblyErrors (0ms)
			InitializePlatformSupportModulesInManaged (276ms)
			SetLoadedEditorAssemblies (3ms)
			BeforeProcessingInitializeOnLoad (38ms)
			ProcessInitializeOnLoadAttributes (83ms)
			ProcessInitializeOnLoadMethodAttributes (47ms)
			AfterProcessingInitializeOnLoad (0ms)
			EditorAssembliesLoaded (0ms)
		ExecutionOrderSort2 (0ms)
		AwakeInstancesAfterBackupRestoration (0ms)
========================================================================
Worker process is ready to serve import requests
Import Worker Mode flag is 0x00
Begin MonoManager ReloadAssembly
- Loaded All Assemblies, in  0.717 seconds
'Packages/com.unity.render-pipelines.high-definition/Editor/Wizard/HDWizard.UIElement.cs' contains partial class of Unity.Object, exactly 1 of the partial classes needs to be in a file with the same filename. This is to know the one that can be referenced from ie. GameObjects
'Packages/com.unity.render-pipelines.high-definition/Editor/Wizard/HDWizard.Configuration.cs' contains partial class of Unity.Object, exactly 1 of the partial classes needs to be in a file with the same filename. This is to know the one that can be referenced from ie. GameObjects
'Packages/com.unity.render-pipelines.high-definition/Editor/Wizard/HDWizard.Window.cs' contains partial class of Unity.Object, exactly 1 of the partial classes needs to be in a file with the same filename. This is to know the one that can be referenced from ie. GameObjects
Refreshing native plugins compatible for Editor in 5.31 ms, found 13 plugins.
Native extension for Android target not found
Native extension for UWP target not found
Native extension for WindowsStandalone target not found
Package Manager log level set to [2]
[Package Manager] Failed to launch server process. Reason: Unity was launched with the -noUpm command-line argument
[Package Manager] Unable to send message (not connected to server process).
[Package Manager] Cannot connect to Unity Package Manager local server
System.Reflection.TargetInvocationException: Exception has been thrown by the target of an invocation. ---> System.NullReferenceException: Object reference not set to an instance of an object
  at Unity.XR.Oculus.OculusLoader.AssetPathToAbsolutePath (System.String assetPath) [0x0003d] in .\Library\PackageCache\com.unity.xr.oculus@44578ba4bd45\Runtime\OculusLoader.cs:312 
  at Unity.XR.Oculus.OculusLoader.EditorLoadOVRPlugin () [0x0008c] in .\Library\PackageCache\com.unity.xr.oculus@44578ba4bd45\Runtime\OculusLoader.cs:297 
  at (wrapper managed-to-native) System.Reflection.RuntimeMethodInfo.InternalInvoke(System.Reflection.RuntimeMethodInfo,object,object[],System.Exception&)
  at System.Reflection.RuntimeMethodInfo.Invoke (System.Object obj, System.Reflection.BindingFlags invokeAttr, System.Reflection.Binder binder, System.Object[] parameters, System.Globalization.CultureInfo culture) [0x0006a] in <152439c387994a8da523328132967f8d>:0 
   --- End of inner exception stack trace ---
  at System.Reflection.RuntimeMethodInfo.Invoke (System.Object obj, System.Reflection.BindingFlags invokeAttr, System.Reflection.Binder binder, System.Object[] parameters, System.Globalization.CultureInfo culture) [0x00083] in <152439c387994a8da523328132967f8d>:0 
  at System.Reflection.MethodBase.Invoke (System.Object obj, System.Object[] parameters) [0x00000] in <152439c387994a8da523328132967f8d>:0 
  at UnityEditor.EditorAssemblies.ProcessInitializeOnLoadMethodAttributes () [0x00056] in <b912dbff05184439afd77d89b5fecd71>:0 
UnityEngine.Debug:ExtractStackTraceNoAlloc (byte*,int,string)
UnityEngine.StackTraceUtility:ExtractStackTrace ()
UnityEngine.DebugLogHandler:Internal_Log (UnityEngine.LogType,UnityEngine.LogOption,string,UnityEngine.Object)
UnityEngine.DebugLogHandler:LogFormat (UnityEngine.LogType,UnityEngine.Object,string,object[])
UnityEngine.Logger:Log (UnityEngine.LogType,object)
UnityEngine.Debug:LogError (object)
UnityEditor.EditorAssemblies:ProcessInitializeOnLoadMethodAttributes ()

[MODES] ModeService[none].Initialize
[MODES] ModeService[none].LoadModes
[MODES] Loading mode Default (0) for mode-current-id-RaftingProject
Mono: successfully reloaded assembly
[Package Manager] Failed to launch server process. Reason: Unity was launched with the -noUpm command-line argument
[Package Manager] Unable to send message (not connected to server process).
[Package Manager] Cannot connect to Unity Package Manager local server
[Package Manager] Failed to launch server process. Reason: Unity was launched with the -noUpm command-line argument
[Package Manager] Unable to send message (not connected to server process).
[Package Manager] Cannot connect to Unity Package Manager local server
- Finished resetting the current domain, in  0.731 seconds
Domain Reload Profiling: 1443ms
	BeginReloadAssembly (130ms)
		ExecutionOrderSort (0ms)
		DisableScriptedObjects (5ms)
		BackupInstance (0ms)
		ReleaseScriptingObjects (0ms)
		CreateAndSetChildDomain (25ms)
	RebuildCommonClasses (26ms)
	RebuildNativeTypeToScriptingClass (9ms)
	initialDomainReloadingComplete (33ms)
	LoadAllAssembliesAndSetupDomain (514ms)
		LoadAssemblies (322ms)
		RebuildTransferFunctionScriptingTraits (0ms)
		AnalyzeDomain (262ms)
			TypeCache.Refresh (189ms)
				TypeCache.ScanAssembly (168ms)
			BuildScriptInfoCaches (57ms)
			ResolveRequiredComponents (11ms)
	FinalizeReload (732ms)
		ReleaseScriptCaches (0ms)
		RebuildScriptCaches (0ms)
		SetupLoadedEditorAssemblies (563ms)
			LogAssemblyErrors (0ms)
			InitializePlatformSupportModulesInManaged (18ms)
			SetLoadedEditorAssemblies (5ms)
			BeforeProcessingInitializeOnLoad (108ms)
			ProcessInitializeOnLoadAttributes (268ms)
			ProcessInitializeOnLoadMethodAttributes (163ms)
			AfterProcessingInitializeOnLoad (2ms)
			EditorAssembliesLoaded (0ms)
		ExecutionOrderSort2 (0ms)
		AwakeInstancesAfterBackupRestoration (3ms)
WARNING: Shader Unsupported: 'HDRP/TerrainLit' - All subshaders removed
WARNING: Shader Did you use #pragma only_renderers and omit this platform?
WARNING: Shader If subshaders removal was intentional, you may have forgotten turning Fallback off?
WARNING: Shader Unsupported: 'HDRP/TerrainLit' - All subshaders removed
WARNING: Shader Did you use #pragma only_renderers and omit this platform?
WARNING: Shader If subshaders removal was intentional, you may have forgotten turning Fallback off?
Launched and connected shader compiler UnityShaderCompiler.exe after 0.02 seconds
Refreshing native plugins compatible for Editor in 6.69 ms, found 13 plugins.
Preloading 1 native plugins for Editor in 0.07 ms.
Unloading 169 Unused Serialized files (Serialized files now loaded: 0)
Unloading 9116 unused Assets / (28.7 MB). Loaded Objects now: 9880.
Memory consumption went from 226.3 MB to 197.6 MB.
Total: 14.654200 ms (FindLiveObjects: 1.692900 ms CreateObjectMapping: 1.157700 ms MarkObjects: 4.775300 ms  DeleteObjects: 7.026000 ms)

========================================================================
Received Import Request.
  Time since last request: 522003.873373 seconds.
  path: Assets/TerrainDemoScene_URP/Scripts/Help_Icon.png
  artifactKey: Guid(34f556d724b1bbf4097ca6220db2c581) Importer(2089858483,192608db42251d675da83286b1cce702)
Start importing Assets/TerrainDemoScene_URP/Scripts/Help_Icon.png using Guid(34f556d724b1bbf4097ca6220db2c581) Importer(2089858483,192608db42251d675da83286b1cce702) (ScriptedImporter) -> (artifact id: 'b7d8cb4443eb6a2ca73e1c5aa07d1d70') in 0.2426322 seconds
Number of updated asset objects reloaded before import = 0Number of asset objects unloaded after import = 1

========================================================================
Received Import Request.
  Time since last request: 0.000022 seconds.
  path: Assets/TerrainDemoScene_URP/Terrain/Brushes/Terrainstamp_Volcano01_Brush.brush
  artifactKey: Guid(e5a2f11e9d7a4da4caf17b3e59800215) Importer(2089858483,192608db42251d675da83286b1cce702)
Start importing Assets/TerrainDemoScene_URP/Terrain/Brushes/Terrainstamp_Volcano01_Brush.brush using Guid(e5a2f11e9d7a4da4caf17b3e59800215) Importer(2089858483,192608db42251d675da83286b1cce702) (ScriptedImporter) -> (artifact id: '02cec5055c30ab14c2e204e8f0cc5321') in 0.0451989 seconds
Number of updated asset objects reloaded before import = 0Number of asset objects unloaded after import = 2

========================================================================
Received Import Request.
  Time since last request: 0.000045 seconds.
  path: Assets/Readme.asset
  artifactKey: Guid(8105016687592461f977c054a80ce2f2) Importer(2089858483,192608db42251d675da83286b1cce702)
Start importing Assets/Readme.asset using Guid(8105016687592461f977c054a80ce2f2) Importer(2089858483,192608db42251d675da83286b1cce702) (ScriptedImporter) -> (artifact id: '3d296aa1ac7425dbcddc2d1fdec526de') in 0.0153079 seconds
Number of updated asset objects reloaded before import = 0Number of asset objects unloaded after import = 2

========================================================================
Received Import Request.
  Time since last request: 0.000025 seconds.
  path: Assets/TerrainDemoScene_URP/Scenes/TerrainDemoScene/ReflectionProbe-1.exr
  artifactKey: Guid(85f40587b4c3c9c48b0e3fd3bca619e4) Importer(2089858483,192608db42251d675da83286b1cce702)
Start importing Assets/TerrainDemoScene_URP/Scenes/TerrainDemoScene/ReflectionProbe-1.exr using Guid(85f40587b4c3c9c48b0e3fd3bca619e4) Importer(2089858483,192608db42251d675da83286b1cce702) (ScriptedImporter) -> (artifact id: '054e8c689585ca50cdc06e823b4fe9ff') in 0.0366886 seconds
Number of updated asset objects reloaded before import = 0Number of asset objects unloaded after import = 1

========================================================================
Received Import Request.
  Time since last request: 0.000018 seconds.
  path: Assets/TerrainDemoScene_URP/Terrain/Brushes/Terrainstamp_Canyon03_Brush.brush
  artifactKey: Guid(d4e29f095247ea040aabee8a6cb3b010) Importer(2089858483,192608db42251d675da83286b1cce702)
Start importing Assets/TerrainDemoScene_URP/Terrain/Brushes/Terrainstamp_Canyon03_Brush.brush using Guid(d4e29f095247ea040aabee8a6cb3b010) Importer(2089858483,192608db42251d675da83286b1cce702) (ScriptedImporter) -> (artifact id: 'd5474750f3e8f7e0353c13665b43f530') in 0.0190246 seconds
Number of updated asset objects reloaded before import = 0Number of asset objects unloaded after import = 2

========================================================================
Received Import Request.
  Time since last request: 0.000019 seconds.
  path: Assets/WaterWorks/Materials/SSR_Water.mat
  artifactKey: Guid(edcfc5aaa4ab59e4cb087049354cfae3) Importer(2089858483,192608db42251d675da83286b1cce702)
Start importing Assets/WaterWorks/Materials/SSR_Water.mat using Guid(edcfc5aaa4ab59e4cb087049354cfae3) Importer(2089858483,192608db42251d675da83286b1cce702) (ScriptedImporter) -> (artifact id: 'a6d531a10d45e892856bdb82946ddb46') in 0.0293429 seconds
Number of updated asset objects reloaded before import = 0Number of asset objects unloaded after import = 12

========================================================================
Received Import Request.
  Time since last request: 0.000034 seconds.
  path: Assets/TerrainDemoScene_URP/Notes/Reflections.txt
  artifactKey: Guid(6865718972c778e40848a2919e0e6126) Importer(2089858483,192608db42251d675da83286b1cce702)
Start importing Assets/TerrainDemoScene_URP/Notes/Reflections.txt using Guid(6865718972c778e40848a2919e0e6126) Importer(2089858483,192608db42251d675da83286b1cce702) (ScriptedImporter) -> (artifact id: 'e4f1cabaaf72ab20de6b31ea7f4af019') in 0.0115702 seconds
Number of updated asset objects reloaded before import = 0Number of asset objects unloaded after import = 1

========================================================================
Received Import Request.
  Time since last request: 0.000039 seconds.
  path: Assets/TerrainDemoScene_URP/Scenes/TerrainDemoScene/ReflectionProbe-4.exr
  artifactKey: Guid(c4fe0ef426e5cca4ca63a75527762e16) Importer(2089858483,192608db42251d675da83286b1cce702)
Start importing Assets/TerrainDemoScene_URP/Scenes/TerrainDemoScene/ReflectionProbe-4.exr using Guid(c4fe0ef426e5cca4ca63a75527762e16) Importer(2089858483,192608db42251d675da83286b1cce702) (ScriptedImporter) -> (artifact id: '8b19a41a40a3988cf752eb438967dba3') in 0.0236788 seconds
Number of updated asset objects reloaded before import = 0Number of asset objects unloaded after import = 1

========================================================================
Received Import Request.
  Time since last request: 0.000027 seconds.
  path: Assets/WaterWorks/Demo/Demo.unity
  artifactKey: Guid(fcaa983e5cb90164e93deb02b3bc4285) Importer(2089858483,192608db42251d675da83286b1cce702)
Start importing Assets/WaterWorks/Demo/Demo.unity using Guid(fcaa983e5cb90164e93deb02b3bc4285) Importer(2089858483,192608db42251d675da83286b1cce702) (ScriptedImporter) -> (artifact id: '079e0743b7203f8181b98e2b9a51e02a') in 0.0198946 seconds
Number of updated asset objects reloaded before import = 0Number of asset objects unloaded after import = 1

========================================================================
Received Import Request.
  Time since last request: 0.000021 seconds.
  path: Assets/TerrainDemoScene_URP/Terrain/Data/Terrain_3_3_9b11d05b-b237-4de7-82ed-a402f9cedebd.asset
  artifactKey: Guid(9d9673381bb6ff74e96475734841baed) Importer(2089858483,192608db42251d675da83286b1cce702)
Start importing Assets/TerrainDemoScene_URP/Terrain/Data/Terrain_3_3_9b11d05b-b237-4de7-82ed-a402f9cedebd.asset using Guid(9d9673381bb6ff74e96475734841baed) Importer(2089858483,192608db42251d675da83286b1cce702) (ScriptedImporter) -> (artifact id: '779eea4d010dbc0961ac19a8e913f8a8') in 0.1419479 seconds
Number of updated asset objects reloaded before import = 0Number of asset objects unloaded after import = 21

========================================================================
Received Import Request.
  Time since last request: 0.000027 seconds.
  path: Assets/TerrainDemoScene_URP/Terrain/DetailMaps/_Terrain_2_2_b6e03cf0-de91-4cae-b6af-0128d856ae43_10.asset
  artifactKey: Guid(0ca17b8564e927442a2a6c807529cf0a) Importer(2089858483,192608db42251d675da83286b1cce702)
Start importing Assets/TerrainDemoScene_URP/Terrain/DetailMaps/_Terrain_2_2_b6e03cf0-de91-4cae-b6af-0128d856ae43_10.asset using Guid(0ca17b8564e927442a2a6c807529cf0a) Importer(2089858483,192608db42251d675da83286b1cce702) (ScriptedImporter) -> (artifact id: '8a19d5fcc16247687dd093fc2fb15cc5') in 0.0267051 seconds
Number of updated asset objects reloaded before import = 0Number of asset objects unloaded after import = 1

========================================================================
Received Import Request.
  Time since last request: 0.000031 seconds.
  path: Assets/TerrainDemoScene_URP/Terrain/DetailMaps/_Terrain_2_2_b6e03cf0-de91-4cae-b6af-0128d856ae43_0.asset
  artifactKey: Guid(8ff9aa0d67ac8734ab813468b3b71ece) Importer(2089858483,192608db42251d675da83286b1cce702)
Start importing Assets/TerrainDemoScene_URP/Terrain/DetailMaps/_Terrain_2_2_b6e03cf0-de91-4cae-b6af-0128d856ae43_0.asset using Guid(8ff9aa0d67ac8734ab813468b3b71ece) Importer(2089858483,192608db42251d675da83286b1cce702) (ScriptedImporter) -> (artifact id: 'eb2c9727559db67c19b57e09d3d35d98') in 0.0186423 seconds
Number of updated asset objects reloaded before import = 0Number of asset objects unloaded after import = 1

========================================================================
Received Import Request.
  Time since last request: 0.000019 seconds.
  path: Assets/TerrainDemoScene_URP/Terrain/DetailMaps/_Terrain_2_2_b6e03cf0-de91-4cae-b6af-0128d856ae43_13.asset
  artifactKey: Guid(c0c0202050292754eb8a9eb6ef87d1bf) Importer(2089858483,192608db42251d675da83286b1cce702)
Start importing Assets/TerrainDemoScene_URP/Terrain/DetailMaps/_Terrain_2_2_b6e03cf0-de91-4cae-b6af-0128d856ae43_13.asset using Guid(c0c0202050292754eb8a9eb6ef87d1bf) Importer(2089858483,192608db42251d675da83286b1cce702) (ScriptedImporter) -> (artifact id: '2226f09c0ce181c10b13177826087413') in 0.0281617 seconds
Number of updated asset objects reloaded before import = 0Number of asset objects unloaded after import = 1

========================================================================
Received Import Request.
  Time since last request: 0.000020 seconds.
  path: Assets/TerrainDemoScene_URP/Terrain/Data/Terrain_2_3_f3ed9c1f-cb52-413a-a7d7-8e03961f4d5b 1.asset
  artifactKey: Guid(05daeacaebfe0bd498506348dbede77c) Importer(2089858483,192608db42251d675da83286b1cce702)
Start importing Assets/TerrainDemoScene_URP/Terrain/Data/Terrain_2_3_f3ed9c1f-cb52-413a-a7d7-8e03961f4d5b 1.asset using Guid(05daeacaebfe0bd498506348dbede77c) Importer(2089858483,192608db42251d675da83286b1cce702) (ScriptedImporter) -> (artifact id: 'dc541c3f109f7c67b63b577e73af17aa') in 0.0553793 seconds
Number of updated asset objects reloaded before import = 0Number of asset objects unloaded after import = 4

========================================================================
Received Import Request.
  Time since last request: 0.000022 seconds.
  path: Assets/TerrainDemoScene_URP/Terrain/Data/Terrain_2_0_1170b034-efff-4ff0-8513-60d934e963db 1.asset
  artifactKey: Guid(31b1fd1d9f0d49546aaad2e95058952b) Importer(2089858483,192608db42251d675da83286b1cce702)
Start importing Assets/TerrainDemoScene_URP/Terrain/Data/Terrain_2_0_1170b034-efff-4ff0-8513-60d934e963db 1.asset using Guid(31b1fd1d9f0d49546aaad2e95058952b) Importer(2089858483,192608db42251d675da83286b1cce702) (ScriptedImporter) -> (artifact id: '19a4642acaf9939d6a180c419f60ec72') in 0.0311252 seconds
Number of updated asset objects reloaded before import = 0Number of asset objects unloaded after import = 2

========================================================================
Received Import Request.
  Time since last request: 0.000026 seconds.
  path: Assets/TerrainDemoScene_URP/Terrain/DetailMaps/_Terrain_2_2_b6e03cf0-de91-4cae-b6af-0128d856ae43_8.asset
  artifactKey: Guid(708d80c1a5a45704abfe679a65315dc0) Importer(2089858483,192608db42251d675da83286b1cce702)
Start importing Assets/TerrainDemoScene_URP/Terrain/DetailMaps/_Terrain_2_2_b6e03cf0-de91-4cae-b6af-0128d856ae43_8.asset using Guid(708d80c1a5a45704abfe679a65315dc0) Importer(2089858483,192608db42251d675da83286b1cce702) (ScriptedImporter) -> (artifact id: '01fbfedad455c6f2714871148046caa2') in 0.0340165 seconds
Number of updated asset objects reloaded before import = 0Number of asset objects unloaded after import = 1

========================================================================
Received Import Request.
  Time since last request: 0.000025 seconds.
  path: Assets/TerrainDemoScene_URP/Terrain/DetailMaps/_Terrain_2_2_b6e03cf0-de91-4cae-b6af-0128d856ae43_6.asset
  artifactKey: Guid(076691fde42b428459b5a329062d947a) Importer(2089858483,192608db42251d675da83286b1cce702)
Start importing Assets/TerrainDemoScene_URP/Terrain/DetailMaps/_Terrain_2_2_b6e03cf0-de91-4cae-b6af-0128d856ae43_6.asset using Guid(076691fde42b428459b5a329062d947a) Importer(2089858483,192608db42251d675da83286b1cce702) (ScriptedImporter) -> (artifact id: 'a68bd9152fb8e8b281b91cb337a8e64c') in 0.0235297 seconds
Number of updated asset objects reloaded before import = 0Number of asset objects unloaded after import = 1

========================================================================
Received Import Request.
  Time since last request: 0.000017 seconds.
  path: Assets/TerrainDemoScene_URP/Terrain/DetailMaps/_Terrain_2_2_b6e03cf0-de91-4cae-b6af-0128d856ae43_20.asset
  artifactKey: Guid(08fe86349b0b6aa4eb0c66db140bdd18) Importer(2089858483,192608db42251d675da83286b1cce702)
Start importing Assets/TerrainDemoScene_URP/Terrain/DetailMaps/_Terrain_2_2_b6e03cf0-de91-4cae-b6af-0128d856ae43_20.asset using Guid(08fe86349b0b6aa4eb0c66db140bdd18) Importer(2089858483,192608db42251d675da83286b1cce702) (ScriptedImporter) -> (artifact id: '7daf76707d3836c3a3b1767aecd966a5') in 0.0315634 seconds
Number of updated asset objects reloaded before import = 0Number of asset objects unloaded after import = 1

========================================================================
Received Import Request.
  Time since last request: 0.000023 seconds.
  path: Assets/TerrainDemoScene_URP/VFXGraphs/Fog.vfx
  artifactKey: Guid(2241ac7f4af506e468db03b480dabdce) Importer(2089858483,192608db42251d675da83286b1cce702)
Start importing Assets/TerrainDemoScene_URP/VFXGraphs/Fog.vfx using Guid(2241ac7f4af506e468db03b480dabdce) Importer(2089858483,192608db42251d675da83286b1cce702) (ScriptedImporter) -> (artifact id: '72e78205a4119318fef3d4f3e0172edf') in 0.0233051 seconds
Number of updated asset objects reloaded before import = 0Number of asset objects unloaded after import = 5

========================================================================
Received Import Request.
  Time since last request: 0.000033 seconds.
  path: Assets/TerrainDemoScene_URP/Prefabs/Details/BushDry_B.prefab
  artifactKey: Guid(054bf5cf244ff2e4083cbf8eca205cf0) Importer(2089858483,192608db42251d675da83286b1cce702)
Start importing Assets/TerrainDemoScene_URP/Prefabs/Details/BushDry_B.prefab using Guid(054bf5cf244ff2e4083cbf8eca205cf0) Importer(2089858483,192608db42251d675da83286b1cce702) (ScriptedImporter) -> (artifact id: '4a475a9b6e945bc527602cb1616f1aa4') in 0.0629552 seconds
Number of updated asset objects reloaded before import = 0Number of asset objects unloaded after import = 11

========================================================================
Received Import Request.
  Time since last request: 0.000016 seconds.
  path: Assets/TerrainDemoScene_URP/Notes/DenseDetails.txt
  artifactKey: Guid(e96c79c6e3ad7614cbec5506781f24a2) Importer(2089858483,192608db42251d675da83286b1cce702)
Start importing Assets/TerrainDemoScene_URP/Notes/DenseDetails.txt using Guid(e96c79c6e3ad7614cbec5506781f24a2) Importer(2089858483,192608db42251d675da83286b1cce702) (ScriptedImporter) -> (artifact id: 'a0eaee7bfb9ba4fd1d5e7f62a51d79c0') in 0.0110583 seconds
Number of updated asset objects reloaded before import = 0Number of asset objects unloaded after import = 1

========================================================================
Received Import Request.
  Time since last request: 0.000018 seconds.
  path: Assets/TerrainDemoScene_URP/Terrain/Data/Terrain_1_3_c8bbd3cb-768c-4918-85c9-b01968beea93 1.asset
  artifactKey: Guid(d61f6b44ca5b18f4b8f2f06f02524125) Importer(2089858483,192608db42251d675da83286b1cce702)
Start importing Assets/TerrainDemoScene_URP/Terrain/Data/Terrain_1_3_c8bbd3cb-768c-4918-85c9-b01968beea93 1.asset using Guid(d61f6b44ca5b18f4b8f2f06f02524125) Importer(2089858483,192608db42251d675da83286b1cce702) (ScriptedImporter) -> (artifact id: '4b97ef0be88a8939baa666529b8c5bee') in 0.0354271 seconds
Number of updated asset objects reloaded before import = 0Number of asset objects unloaded after import = 3

========================================================================
Received Import Request.
  Time since last request: 0.000019 seconds.
  path: Assets/TerrainDemoScene_URP/Terrain/Brushes/Terrainstamp_Mountain02_Brush.brush
  artifactKey: Guid(8569f88df55a4b64b997e64b2aa69432) Importer(2089858483,192608db42251d675da83286b1cce702)
Start importing Assets/TerrainDemoScene_URP/Terrain/Brushes/Terrainstamp_Mountain02_Brush.brush using Guid(8569f88df55a4b64b997e64b2aa69432) Importer(2089858483,192608db42251d675da83286b1cce702) (ScriptedImporter) -> (artifact id: 'c43200e5d105fd56cdb1653c5b0759dd') in 0.0148163 seconds
Number of updated asset objects reloaded before import = 0Number of asset objects unloaded after import = 2

========================================================================
Received Import Request.
  Time since last request: 0.000034 seconds.
  path: Assets/TerrainDemoScene_URP/VFXGraphs/Textures/WispySmoke02_8x8.tga
  artifactKey: Guid(3bc65015d0523ed4f9895b40e1febdaf) Importer(2089858483,192608db42251d675da83286b1cce702)
Start importing Assets/TerrainDemoScene_URP/VFXGraphs/Textures/WispySmoke02_8x8.tga using Guid(3bc65015d0523ed4f9895b40e1febdaf) Importer(2089858483,192608db42251d675da83286b1cce702) (ScriptedImporter) -> (artifact id: 'ba78292c5c396c9106e2c7b769a160ca') in 0.0238963 seconds
Number of updated asset objects reloaded before import = 0Number of asset objects unloaded after import = 1

========================================================================
Received Import Request.
  Time since last request: 0.000019 seconds.
  path: Assets/TerrainDemoScene_URP/TextMeshPro/Fonts/InterRegular.otf
  artifactKey: Guid(acc94f33a343c27448127710e2d5c53f) Importer(2089858483,192608db42251d675da83286b1cce702)
Start importing Assets/TerrainDemoScene_URP/TextMeshPro/Fonts/InterRegular.otf using Guid(acc94f33a343c27448127710e2d5c53f) Importer(2089858483,192608db42251d675da83286b1cce702) (ScriptedImporter) -> (artifact id: '563b7003fa70f68d0e91856d66207f36') in 0.0270644 seconds
Number of updated asset objects reloaded before import = 0Number of asset objects unloaded after import = 3

========================================================================
Received Import Request.
  Time since last request: 0.000044 seconds.
  path: Assets/TerrainDemoScene_URP/TextMeshPro/Fonts/License.txt
  artifactKey: Guid(ec16d975ef5b1c34d914fe53fab5e901) Importer(2089858483,192608db42251d675da83286b1cce702)
Start importing Assets/TerrainDemoScene_URP/TextMeshPro/Fonts/License.txt using Guid(ec16d975ef5b1c34d914fe53fab5e901) Importer(2089858483,192608db42251d675da83286b1cce702) (ScriptedImporter) -> (artifact id: '32795d0ebccf4542936aebd844fe912a') in 0.0140416 seconds
Number of updated asset objects reloaded before import = 0Number of asset objects unloaded after import = 1

========================================================================
Received Import Request.
  Time since last request: 0.000015 seconds.
  path: Assets/TerrainDemoScene_URP/Terrain/Textures/TerrainColorBlend.psd
  artifactKey: Guid(02fd33ef9ed967d4aa71fb7beaf2e4df) Importer(2089858483,192608db42251d675da83286b1cce702)
Start importing Assets/TerrainDemoScene_URP/Terrain/Textures/TerrainColorBlend.psd using Guid(02fd33ef9ed967d4aa71fb7beaf2e4df) Importer(2089858483,192608db42251d675da83286b1cce702) (ScriptedImporter) -> (artifact id: 'b5cd48d9bb3728eeb914aa537abf5403') in 0.012376 seconds
Number of updated asset objects reloaded before import = 0Number of asset objects unloaded after import = 1

========================================================================
Received Import Request.
  Time since last request: 0.000018 seconds.
  path: Assets/TerrainDemoScene_URP/Terrain/Layers/Cliff_Mossy_E.terrainlayer
  artifactKey: Guid(7ba7a711695a4904a86967c335f59fc9) Importer(2089858483,192608db42251d675da83286b1cce702)
Start importing Assets/TerrainDemoScene_URP/Terrain/Layers/Cliff_Mossy_E.terrainlayer using Guid(7ba7a711695a4904a86967c335f59fc9) Importer(2089858483,192608db42251d675da83286b1cce702) (ScriptedImporter) -> (artifact id: '9abe1533c2642d436dea0c4a91234b9b') in 0.0529917 seconds
Number of updated asset objects reloaded before import = 0Number of asset objects unloaded after import = 4

========================================================================
Received Import Request.
  Time since last request: 0.000025 seconds.
  path: Assets/TutorialInfo/Scripts/Editor/ReadmeEditor.cs
  artifactKey: Guid(476cc7d7cd9874016adc216baab94a0a) Importer(2089858483,192608db42251d675da83286b1cce702)
Start importing Assets/TutorialInfo/Scripts/Editor/ReadmeEditor.cs using Guid(476cc7d7cd9874016adc216baab94a0a) Importer(2089858483,192608db42251d675da83286b1cce702) (ScriptedImporter) -> (artifact id: '2dd08bd556b7e2b689c11ea180207300') in 0.0098428 seconds
Number of updated asset objects reloaded before import = 0Number of asset objects unloaded after import = 0

========================================================================
Received Import Request.
  Time since last request: 0.000016 seconds.
  path: Assets/TerrainDemoScene_URP/TextMeshPro/Fonts/LiberationSans - OFL.txt
  artifactKey: Guid(6e59c59b81ab47f9b6ec5781fa725d2c) Importer(2089858483,192608db42251d675da83286b1cce702)
Start importing Assets/TerrainDemoScene_URP/TextMeshPro/Fonts/LiberationSans - OFL.txt using Guid(6e59c59b81ab47f9b6ec5781fa725d2c) Importer(2089858483,192608db42251d675da83286b1cce702) (ScriptedImporter) -> (artifact id: 'fd982bc57913135b71bd4b0c36fc56a9') in 0.0155875 seconds
Number of updated asset objects reloaded before import = 0Number of asset objects unloaded after import = 1

========================================================================
Received Import Request.
  Time since last request: 0.000018 seconds.
  path: Assets/Samples/XR Interaction Toolkit/3.0.8/XR Device Simulator/XR Device Controller Controls.inputactions
  artifactKey: Guid(0be0028c24f2a4c14a96b6aa39055933) Importer(2089858483,192608db42251d675da83286b1cce702)
Start importing Assets/Samples/XR Interaction Toolkit/3.0.8/XR Device Simulator/XR Device Controller Controls.inputactions using Guid(0be0028c24f2a4c14a96b6aa39055933) Importer(2089858483,192608db42251d675da83286b1cce702) (ScriptedImporter) -> (artifact id: '746643228021fc08a24b9e2448eee2fe') in 0.125793 seconds
Number of updated asset objects reloaded before import = 0Number of asset objects unloaded after import = 16

========================================================================
Received Import Request.
  Time since last request: 0.000022 seconds.
  path: Assets/TerrainDemoScene_URP/Prefabs/Details/Textures/Bush_Dry_MaskMap.tif
  artifactKey: Guid(ba5d550271efae04b84eeb0e550be656) Importer(2089858483,192608db42251d675da83286b1cce702)
Start importing Assets/TerrainDemoScene_URP/Prefabs/Details/Textures/Bush_Dry_MaskMap.tif using Guid(ba5d550271efae04b84eeb0e550be656) Importer(2089858483,192608db42251d675da83286b1cce702) (ScriptedImporter) -> (artifact id: 'd75aeb8ad3708cfc47bda751d86e7107') in 0.0274352 seconds
Number of updated asset objects reloaded before import = 0Number of asset objects unloaded after import = 1

========================================================================
Received Import Request.
  Time since last request: 0.000027 seconds.
  path: Assets/TerrainDemoScene_URP/Prefabs/Details/Models/Fern_B.asset
  artifactKey: Guid(2f9d2984488477d498e8d5c61756f557) Importer(2089858483,192608db42251d675da83286b1cce702)
Start importing Assets/TerrainDemoScene_URP/Prefabs/Details/Models/Fern_B.asset using Guid(2f9d2984488477d498e8d5c61756f557) Importer(2089858483,192608db42251d675da83286b1cce702) (ScriptedImporter) -> (artifact id: '52550618bf7df8f0cf2043303fd1c1ea') in 0.015475 seconds
Number of updated asset objects reloaded before import = 0Number of asset objects unloaded after import = 1

========================================================================
Received Import Request.
  Time since last request: 0.000017 seconds.
  path: Assets/TerrainDemoScene_URP/Prefabs/Details/Models/Shrub.asset
  artifactKey: Guid(f9b4f3bf18c47064db8d653d9b3ddf38) Importer(2089858483,192608db42251d675da83286b1cce702)
Start importing Assets/TerrainDemoScene_URP/Prefabs/Details/Models/Shrub.asset using Guid(f9b4f3bf18c47064db8d653d9b3ddf38) Importer(2089858483,192608db42251d675da83286b1cce702) (ScriptedImporter) -> (artifact id: 'eefce04ad4c2567baae694c13c0f67d0') in 0.014224 seconds
Number of updated asset objects reloaded before import = 0Number of asset objects unloaded after import = 1

========================================================================
Received Import Request.
  Time since last request: 0.000023 seconds.
  path: Assets/TerrainDemoScene_URP/Prefabs/Details/Models/Bush_Red.asset
  artifactKey: Guid(c6d1e88a3a0c3cf4581050100e178cab) Importer(2089858483,192608db42251d675da83286b1cce702)
Start importing Assets/TerrainDemoScene_URP/Prefabs/Details/Models/Bush_Red.asset using Guid(c6d1e88a3a0c3cf4581050100e178cab) Importer(2089858483,192608db42251d675da83286b1cce702) (ScriptedImporter) -> (artifact id: 'f2e07f2c635b7f3bb915f51a9bfba7d8') in 0.0170035 seconds
Number of updated asset objects reloaded before import = 0Number of asset objects unloaded after import = 1

========================================================================
Received Import Request.
  Time since last request: 0.000020 seconds.
  path: Assets/TerrainDemoScene_URP/Prefabs/Details/Materials/Heather.asset
  artifactKey: Guid(9ef29f7651a5050409fa9822d6d4f941) Importer(2089858483,192608db42251d675da83286b1cce702)
Start importing Assets/TerrainDemoScene_URP/Prefabs/Details/Materials/Heather.asset using Guid(9ef29f7651a5050409fa9822d6d4f941) Importer(2089858483,192608db42251d675da83286b1cce702) (ScriptedImporter) -> (artifact id: '3a44957ef11189f3b5afbd9ce7bc2dd9') in 0.0597969 seconds
Number of updated asset objects reloaded before import = 0Number of asset objects unloaded after import = 16

========================================================================
Received Import Request.
  Time since last request: 0.000024 seconds.
  path: Assets/TerrainDemoScene_URP/VFXGraphs/Textures/WispySmoke03b_8x8.tga
  artifactKey: Guid(3f0b27fa0a9267346b36465dc2808773) Importer(2089858483,192608db42251d675da83286b1cce702)
Start importing Assets/TerrainDemoScene_URP/VFXGraphs/Textures/WispySmoke03b_8x8.tga using Guid(3f0b27fa0a9267346b36465dc2808773) Importer(2089858483,192608db42251d675da83286b1cce702) (ScriptedImporter) -> (artifact id: '6b29734b7c3599dc7db77623977a15f6') in 0.0270722 seconds
Number of updated asset objects reloaded before import = 0Number of asset objects unloaded after import = 1

========================================================================
Received Import Request.
  Time since last request: 0.000034 seconds.
  path: Assets/TerrainDemoScene_URP/Terrain/Data/Terrain_2_1_82fc4922-5564-4a18-858e-787f6d901556 1.asset
  artifactKey: Guid(0670373b160253649bb431be52e0a04f) Importer(2089858483,192608db42251d675da83286b1cce702)
Start importing Assets/TerrainDemoScene_URP/Terrain/Data/Terrain_2_1_82fc4922-5564-4a18-858e-787f6d901556 1.asset using Guid(0670373b160253649bb431be52e0a04f) Importer(2089858483,192608db42251d675da83286b1cce702) (ScriptedImporter) -> (artifact id: '267a717ecc616cefda8a2e35829c220f') in 0.0265787 seconds
Number of updated asset objects reloaded before import = 0Number of asset objects unloaded after import = 3

========================================================================
Received Import Request.
  Time since last request: 0.000016 seconds.
  path: Assets/TerrainDemoScene_URP/Prefabs/Details/Textures/Bush_Twig_Normal.tif
  artifactKey: Guid(bb37b3ee0574d9f41b6660d3a38b0cf1) Importer(2089858483,192608db42251d675da83286b1cce702)
Start importing Assets/TerrainDemoScene_URP/Prefabs/Details/Textures/Bush_Twig_Normal.tif using Guid(bb37b3ee0574d9f41b6660d3a38b0cf1) Importer(2089858483,192608db42251d675da83286b1cce702) (ScriptedImporter) -> (artifact id: '96c59c930d687b929fa616b99bd9c5b5') in 0.0158725 seconds
Number of updated asset objects reloaded before import = 0Number of asset objects unloaded after import = 1

========================================================================
Received Import Request.
  Time since last request: 0.000017 seconds.
  path: Assets/TerrainDemoScene_URP/Prefabs/Details/Textures/Grass_Dry_Normal.tif
  artifactKey: Guid(17cc5677d5a413843b9003e53261c859) Importer(2089858483,192608db42251d675da83286b1cce702)
Start importing Assets/TerrainDemoScene_URP/Prefabs/Details/Textures/Grass_Dry_Normal.tif using Guid(17cc5677d5a413843b9003e53261c859) Importer(2089858483,192608db42251d675da83286b1cce702) (ScriptedImporter) -> (artifact id: 'f9ea68ca6f6a16a88e66373c94c449be') in 0.0145 seconds
Number of updated asset objects reloaded before import = 0Number of asset objects unloaded after import = 1

========================================================================
Received Import Request.
  Time since last request: 0.000020 seconds.
  path: Assets/TerrainDemoScene_URP/Prefabs/Details/Textures/Heathe_BaseColor.tif
  artifactKey: Guid(deb3a5099f3fc81408def7e176a5f5de) Importer(2089858483,192608db42251d675da83286b1cce702)
Start importing Assets/TerrainDemoScene_URP/Prefabs/Details/Textures/Heathe_BaseColor.tif using Guid(deb3a5099f3fc81408def7e176a5f5de) Importer(2089858483,192608db42251d675da83286b1cce702) (ScriptedImporter) -> (artifact id: '37f39c8655cb730e1d46674ae0a8ce83') in 0.012799 seconds
Number of updated asset objects reloaded before import = 0Number of asset objects unloaded after import = 1

========================================================================
Received Import Request.
  Time since last request: 0.000019 seconds.
  path: Assets/TerrainDemoScene_URP/Prefabs/Rocks/Materials/Rock_D.mat
  artifactKey: Guid(93f26f1dcd275b04fa902391e368e102) Importer(2089858483,192608db42251d675da83286b1cce702)
Start importing Assets/TerrainDemoScene_URP/Prefabs/Rocks/Materials/Rock_D.mat using Guid(93f26f1dcd275b04fa902391e368e102) Importer(2089858483,192608db42251d675da83286b1cce702) (ScriptedImporter) -> (artifact id: '998fe9861e39ff31b9c2f1ae5e206404') in 0.0540368 seconds
Number of updated asset objects reloaded before import = 0Number of asset objects unloaded after import = 4

========================================================================
Received Import Request.
  Time since last request: 0.000087 seconds.
  path: Assets/TerrainDemoScene_URP/Prefabs/Details/Textures/Grass_C_BaseColor.tif
  artifactKey: Guid(696617d4dc7551d4cb58b7f30d022160) Importer(2089858483,192608db42251d675da83286b1cce702)
Start importing Assets/TerrainDemoScene_URP/Prefabs/Details/Textures/Grass_C_BaseColor.tif using Guid(696617d4dc7551d4cb58b7f30d022160) Importer(2089858483,192608db42251d675da83286b1cce702) (ScriptedImporter) -> (artifact id: '8efbaa1dbf5d852bb45410341a8e5325') in 0.0144035 seconds
Number of updated asset objects reloaded before import = 0Number of asset objects unloaded after import = 1

========================================================================
Received Import Request.
  Time since last request: 0.000020 seconds.
  path: Assets/TerrainDemoScene_URP/Prefabs/Details/Textures/Fern_BaseColor.tif
  artifactKey: Guid(f3661c5aa3d7dc141aebd059ea67047b) Importer(2089858483,192608db42251d675da83286b1cce702)
Start importing Assets/TerrainDemoScene_URP/Prefabs/Details/Textures/Fern_BaseColor.tif using Guid(f3661c5aa3d7dc141aebd059ea67047b) Importer(2089858483,192608db42251d675da83286b1cce702) (ScriptedImporter) -> (artifact id: 'd17f0b166f7cb566050e7fcd25ac6f4b') in 0.0182033 seconds
Number of updated asset objects reloaded before import = 0Number of asset objects unloaded after import = 1

========================================================================
Received Import Request.
  Time since last request: 0.000016 seconds.
  path: Assets/TerrainDemoScene_URP/Terrain/Brushes/Terrainstamp_Flatmountain01_Brush.brush
  artifactKey: Guid(5ca44fb774755d14f93870431e58a1e2) Importer(2089858483,192608db42251d675da83286b1cce702)
Start importing Assets/TerrainDemoScene_URP/Terrain/Brushes/Terrainstamp_Flatmountain01_Brush.brush using Guid(5ca44fb774755d14f93870431e58a1e2) Importer(2089858483,192608db42251d675da83286b1cce702) (ScriptedImporter) -> (artifact id: '62082373657014fd8928cfbc74166cef') in 0.0159728 seconds
Number of updated asset objects reloaded before import = 0Number of asset objects unloaded after import = 2

========================================================================
Received Import Request.
  Time since last request: 0.000020 seconds.
  path: Assets/TerrainDemoScene_URP/Prefabs/Details/Textures/Heather_Normal.tif
  artifactKey: Guid(b5680c218e8592f489953c2723e3aac4) Importer(2089858483,192608db42251d675da83286b1cce702)
Start importing Assets/TerrainDemoScene_URP/Prefabs/Details/Textures/Heather_Normal.tif using Guid(b5680c218e8592f489953c2723e3aac4) Importer(2089858483,192608db42251d675da83286b1cce702) (ScriptedImporter) -> (artifact id: '265a0390259971ebc9fddd8e0c97d2e9') in 0.0149257 seconds
Number of updated asset objects reloaded before import = 0Number of asset objects unloaded after import = 1

========================================================================
Received Import Request.
  Time since last request: 0.000025 seconds.
  path: Assets/TerrainDemoScene_URP/Prefabs/Lighting/GulleyReflectionProbes.prefab
  artifactKey: Guid(c7439120b060b624592b9301b7050780) Importer(2089858483,192608db42251d675da83286b1cce702)
Start importing Assets/TerrainDemoScene_URP/Prefabs/Lighting/GulleyReflectionProbes.prefab using Guid(c7439120b060b624592b9301b7050780) Importer(2089858483,192608db42251d675da83286b1cce702) (ScriptedImporter) -> (artifact id: 'a6d5900182c9dfa35765c89e9c9ca026') in 0.0238046 seconds
Number of updated asset objects reloaded before import = 0Number of asset objects unloaded after import = 10

========================================================================
Received Import Request.
  Time since last request: 0.000027 seconds.
  path: Assets/TerrainDemoScene_URP/Prefabs/Rocks/Models/Rock_C_01.fbx
  artifactKey: Guid(9ec4ab395efae3f44b859f77742dd451) Importer(2089858483,192608db42251d675da83286b1cce702)
Start importing Assets/TerrainDemoScene_URP/Prefabs/Rocks/Models/Rock_C_01.fbx using Guid(9ec4ab395efae3f44b859f77742dd451) Importer(2089858483,192608db42251d675da83286b1cce702) (ScriptedImporter) -> (artifact id: '3406b3b1cd1eb42b033b7d998bb3d555') in 0.0270518 seconds
Number of updated asset objects reloaded before import = 0Number of asset objects unloaded after import = 30

========================================================================
Received Import Request.
  Time since last request: 0.000015 seconds.
  path: Assets/TerrainDemoScene_URP/Prefabs/Rocks/Textures/Rock_C_MaskMap.tif
  artifactKey: Guid(138f3a0ce05a2a140a07d6bc6cd2239e) Importer(2089858483,192608db42251d675da83286b1cce702)
Start importing Assets/TerrainDemoScene_URP/Prefabs/Rocks/Textures/Rock_C_MaskMap.tif using Guid(138f3a0ce05a2a140a07d6bc6cd2239e) Importer(2089858483,192608db42251d675da83286b1cce702) (ScriptedImporter) -> (artifact id: '486f4344654052923cda702b4dc641c0') in 0.0152111 seconds
Number of updated asset objects reloaded before import = 0Number of asset objects unloaded after import = 1

========================================================================
Received Import Request.
  Time since last request: 0.000017 seconds.
  path: Assets/TerrainDemoScene_URP/Prefabs/Rocks/Textures/Rock_Details_02.tif
  artifactKey: Guid(618e85e4233432a47942a74538b7b2dd) Importer(2089858483,192608db42251d675da83286b1cce702)
Start importing Assets/TerrainDemoScene_URP/Prefabs/Rocks/Textures/Rock_Details_02.tif using Guid(618e85e4233432a47942a74538b7b2dd) Importer(2089858483,192608db42251d675da83286b1cce702) (ScriptedImporter) -> (artifact id: 'b6f5ffc7aa5bc997cbec6264ba4c96d3') in 0.027616 seconds
Number of updated asset objects reloaded before import = 0Number of asset objects unloaded after import = 1

========================================================================
Received Import Request.
  Time since last request: 0.000020 seconds.
  path: Assets/TerrainDemoScene_URP/Prefabs/Rocks/Textures/Rock_B_MaskMap.tif
  artifactKey: Guid(6b23abd70a49d5c4cbc7c83044c1d3bd) Importer(2089858483,192608db42251d675da83286b1cce702)
Start importing Assets/TerrainDemoScene_URP/Prefabs/Rocks/Textures/Rock_B_MaskMap.tif using Guid(6b23abd70a49d5c4cbc7c83044c1d3bd) Importer(2089858483,192608db42251d675da83286b1cce702) (ScriptedImporter) -> (artifact id: 'a48a41c26ad73ea56eae32fbc22bd5ef') in 0.0211157 seconds
Number of updated asset objects reloaded before import = 0Number of asset objects unloaded after import = 1

========================================================================
Received Import Request.
  Time since last request: 0.000020 seconds.
  path: Assets/TerrainDemoScene_URP/Prefabs/Skybox/Models/SkyboxMountains05.fbx
  artifactKey: Guid(2267bd277b3402a42a6b5bcc4ffcd4a2) Importer(2089858483,192608db42251d675da83286b1cce702)
Start importing Assets/TerrainDemoScene_URP/Prefabs/Skybox/Models/SkyboxMountains05.fbx using Guid(2267bd277b3402a42a6b5bcc4ffcd4a2) Importer(2089858483,192608db42251d675da83286b1cce702) (ScriptedImporter) -> (artifact id: '19a419d9933d9c979ced5949345f6ac7') in 0.0186297 seconds
Number of updated asset objects reloaded before import = 0Number of asset objects unloaded after import = 8

========================================================================
Received Import Request.
  Time since last request: 0.000031 seconds.
  path: Assets/TerrainDemoScene_URP/Prefabs/Rocks/Textures/Rock_C_Normal.tif
  artifactKey: Guid(0333fad25ec40c044b5a72bd4bb1f844) Importer(2089858483,192608db42251d675da83286b1cce702)
Start importing Assets/TerrainDemoScene_URP/Prefabs/Rocks/Textures/Rock_C_Normal.tif using Guid(0333fad25ec40c044b5a72bd4bb1f844) Importer(2089858483,192608db42251d675da83286b1cce702) (ScriptedImporter) -> (artifact id: 'af6fcbe13dcccd6a4ecca55a9f54564e') in 0.0156362 seconds
Number of updated asset objects reloaded before import = 0Number of asset objects unloaded after import = 1

========================================================================
Received Import Request.
  Time since last request: 0.000016 seconds.
  path: Assets/TerrainDemoScene_URP/Prefabs/Skybox/Models/SkyboxMountains03.fbx
  artifactKey: Guid(5111f521d7066864f84549af2a313da9) Importer(2089858483,192608db42251d675da83286b1cce702)
Start importing Assets/TerrainDemoScene_URP/Prefabs/Skybox/Models/SkyboxMountains03.fbx using Guid(5111f521d7066864f84549af2a313da9) Importer(2089858483,192608db42251d675da83286b1cce702) (ScriptedImporter) -> (artifact id: '1ab9d9880eaf05e98d5b224e2db39ccf') in 0.0193549 seconds
Number of updated asset objects reloaded before import = 0Number of asset objects unloaded after import = 8

========================================================================
Received Import Request.
  Time since last request: 0.000029 seconds.
  path: Assets/TerrainDemoScene_URP/Prefabs/Rocks/Textures/Rock_Details_01.tif
  artifactKey: Guid(ad12276d855457a4b99384b8e4027607) Importer(2089858483,192608db42251d675da83286b1cce702)
Start importing Assets/TerrainDemoScene_URP/Prefabs/Rocks/Textures/Rock_Details_01.tif using Guid(ad12276d855457a4b99384b8e4027607) Importer(2089858483,192608db42251d675da83286b1cce702) (ScriptedImporter) -> (artifact id: '39b8ee236a7440447f2f0fb0ace0408a') in 0.023211 seconds
Number of updated asset objects reloaded before import = 0Number of asset objects unloaded after import = 1

========================================================================
Received Import Request.
  Time since last request: 0.000017 seconds.
  path: Assets/TerrainDemoScene_URP/Prefabs/Rocks/Rock_Overgrown_A.prefab
  artifactKey: Guid(957579ed33eb22040bb203c8100f624f) Importer(2089858483,192608db42251d675da83286b1cce702)
Start importing Assets/TerrainDemoScene_URP/Prefabs/Rocks/Rock_Overgrown_A.prefab using Guid(957579ed33eb22040bb203c8100f624f) Importer(2089858483,192608db42251d675da83286b1cce702) (ScriptedImporter) -> (artifact id: '8483587d66d70d3616e53abb0b3d5a85') in 0.0286172 seconds
Number of updated asset objects reloaded before import = 0Number of asset objects unloaded after import = 40

========================================================================
Received Import Request.
  Time since last request: 0.000023 seconds.
  path: Assets/TerrainDemoScene_URP/Terrain/Brushes/Heightmaps/mountain02.tif
  artifactKey: Guid(5b7433cfa322cdb4ba853ecd73127975) Importer(2089858483,192608db42251d675da83286b1cce702)
Start importing Assets/TerrainDemoScene_URP/Terrain/Brushes/Heightmaps/mountain02.tif using Guid(5b7433cfa322cdb4ba853ecd73127975) Importer(2089858483,192608db42251d675da83286b1cce702) (ScriptedImporter) -> (artifact id: '233badf0a4a88caea66b001708ad89be') in 0.0141308 seconds
Number of updated asset objects reloaded before import = 0Number of asset objects unloaded after import = 1

========================================================================
Received Import Request.
  Time since last request: 0.000041 seconds.
  path: Assets/TerrainDemoScene_URP/Prefabs/Water/Textures/Moss_B_BaseColor.tif
  artifactKey: Guid(9cb1644a840e1be49b7dcbd2be19ca01) Importer(2089858483,192608db42251d675da83286b1cce702)
Start importing Assets/TerrainDemoScene_URP/Prefabs/Water/Textures/Moss_B_BaseColor.tif using Guid(9cb1644a840e1be49b7dcbd2be19ca01) Importer(2089858483,192608db42251d675da83286b1cce702) (ScriptedImporter) -> (artifact id: 'fe3be256c4130e4817c84f4c74a50e8c') in 0.0135746 seconds
Number of updated asset objects reloaded before import = 0Number of asset objects unloaded after import = 1

========================================================================
Received Import Request.
  Time since last request: 0.000014 seconds.
  path: Assets/TerrainDemoScene_URP/Prefabs/Water/Materials/Moss_A_BaseColor.mat
  artifactKey: Guid(0c9cc6d01e7f47e4da90fa726ea5d777) Importer(2089858483,192608db42251d675da83286b1cce702)
Start importing Assets/TerrainDemoScene_URP/Prefabs/Water/Materials/Moss_A_BaseColor.mat using Guid(0c9cc6d01e7f47e4da90fa726ea5d777) Importer(2089858483,192608db42251d675da83286b1cce702) (ScriptedImporter) -> (artifact id: '903997d18b067910084323a19fa0247c') in 0.0191689 seconds
Number of updated asset objects reloaded before import = 0Number of asset objects unloaded after import = 2

========================================================================
Received Import Request.
  Time since last request: 0.000017 seconds.
  path: Assets/TerrainDemoScene_URP/Terrain/Brushes/Heightmaps/canyon04.tif
  artifactKey: Guid(fd3a283142a57bd4aa8029f5e0705fc5) Importer(2089858483,192608db42251d675da83286b1cce702)
Start importing Assets/TerrainDemoScene_URP/Terrain/Brushes/Heightmaps/canyon04.tif using Guid(fd3a283142a57bd4aa8029f5e0705fc5) Importer(2089858483,192608db42251d675da83286b1cce702) (ScriptedImporter) -> (artifact id: '374349f226e1ece2054c3a5e0e4d4c28') in 0.0113781 seconds
Number of updated asset objects reloaded before import = 0Number of asset objects unloaded after import = 1

========================================================================
Received Import Request.
  Time since last request: 0.000015 seconds.
  path: Assets/TerrainDemoScene_URP/Prefabs/Skybox/Textures/Afternoon_Skybox.hdr
  artifactKey: Guid(4f8405359dce52b41851d5cf17778811) Importer(2089858483,192608db42251d675da83286b1cce702)
Start importing Assets/TerrainDemoScene_URP/Prefabs/Skybox/Textures/Afternoon_Skybox.hdr using Guid(4f8405359dce52b41851d5cf17778811) Importer(2089858483,192608db42251d675da83286b1cce702) (ScriptedImporter) -> (artifact id: '17ae6646ebb4db3369c5a6c6577c8ec4') in 0.0591901 seconds
Number of updated asset objects reloaded before import = 0Number of asset objects unloaded after import = 1

========================================================================
Received Import Request.
  Time since last request: 0.000017 seconds.
  path: Assets/TerrainDemoScene_URP/Terrain/Brushes/Heightmaps/mountain03.tif
  artifactKey: Guid(eb8981774e4509b4ba09dcceaf8814d1) Importer(2089858483,192608db42251d675da83286b1cce702)
Start importing Assets/TerrainDemoScene_URP/Terrain/Brushes/Heightmaps/mountain03.tif using Guid(eb8981774e4509b4ba09dcceaf8814d1) Importer(2089858483,192608db42251d675da83286b1cce702) (ScriptedImporter) -> (artifact id: '919d85e12ee1603f61605f8cb9365d7b') in 0.0170605 seconds
Number of updated asset objects reloaded before import = 0Number of asset objects unloaded after import = 1

========================================================================
Received Import Request.
  Time since last request: 0.000029 seconds.
  path: Assets/TerrainDemoScene_URP/Prefabs/Water/WaterPlane.prefab
  artifactKey: Guid(f0702830c1970764693293a91df9e61c) Importer(2089858483,192608db42251d675da83286b1cce702)
Start importing Assets/TerrainDemoScene_URP/Prefabs/Water/WaterPlane.prefab using Guid(f0702830c1970764693293a91df9e61c) Importer(2089858483,192608db42251d675da83286b1cce702) (ScriptedImporter) -> (artifact id: 'f1ec50ed451512e84cda60a8a7633753') in 0.0333376 seconds
Number of updated asset objects reloaded before import = 0Number of asset objects unloaded after import = 8

========================================================================
Received Import Request.
  Time since last request: 0.000017 seconds.
  path: Assets/TerrainDemoScene_URP/ShaderGraphs/Rock.shadergraph
  artifactKey: Guid(48fe816c3f1833d4d8c09289fe3981cb) Importer(2089858483,192608db42251d675da83286b1cce702)
Start importing Assets/TerrainDemoScene_URP/ShaderGraphs/Rock.shadergraph using Guid(48fe816c3f1833d4d8c09289fe3981cb) Importer(2089858483,192608db42251d675da83286b1cce702) (ScriptedImporter) -> (artifact id: 'fbdd8a6f2d73f9e2f0d70415566c4e08') in 0.0162711 seconds
Number of updated asset objects reloaded before import = 0Number of asset objects unloaded after import = 4

========================================================================
Received Import Request.
  Time since last request: 0.000012 seconds.
  path: Assets/TerrainDemoScene_URP/Terrain/DetailMaps/_Terrain_2_2_b6e03cf0-de91-4cae-b6af-0128d856ae43_3.asset
  artifactKey: Guid(099df5a61a967484693d1b9237f590dc) Importer(2089858483,192608db42251d675da83286b1cce702)
Start importing Assets/TerrainDemoScene_URP/Terrain/DetailMaps/_Terrain_2_2_b6e03cf0-de91-4cae-b6af-0128d856ae43_3.asset using Guid(099df5a61a967484693d1b9237f590dc) Importer(2089858483,192608db42251d675da83286b1cce702) (ScriptedImporter) -> (artifact id: '1fd5b1cd693931f7b847680d44ea78fa') in 0.0215326 seconds
Number of updated asset objects reloaded before import = 0Number of asset objects unloaded after import = 1

========================================================================
Received Import Request.
  Time since last request: 0.000016 seconds.
  path: Assets/TerrainDemoScene_URP/Terrain/Brushes/Heightmaps/plateau02.tif
  artifactKey: Guid(7fce2600db05ae54ea39d9e5681232cc) Importer(2089858483,192608db42251d675da83286b1cce702)
Start importing Assets/TerrainDemoScene_URP/Terrain/Brushes/Heightmaps/plateau02.tif using Guid(7fce2600db05ae54ea39d9e5681232cc) Importer(2089858483,192608db42251d675da83286b1cce702) (ScriptedImporter) -> (artifact id: 'd69f940324887cd2df3f2f5eb145532b') in 0.0138979 seconds
Number of updated asset objects reloaded before import = 0Number of asset objects unloaded after import = 1

========================================================================
Received Import Request.
  Time since last request: 0.000018 seconds.
  path: Assets/TerrainDemoScene_URP/Terrain/Textures/Grass_B/Grass_B_BaseColor.tif
  artifactKey: Guid(e318f31bebce62d48a648da3f8ba56c9) Importer(2089858483,192608db42251d675da83286b1cce702)
Start importing Assets/TerrainDemoScene_URP/Terrain/Textures/Grass_B/Grass_B_BaseColor.tif using Guid(e318f31bebce62d48a648da3f8ba56c9) Importer(2089858483,192608db42251d675da83286b1cce702) (ScriptedImporter) -> (artifact id: '03836822d43bdd4d071d98434338c4ff') in 0.0159844 seconds
Number of updated asset objects reloaded before import = 0Number of asset objects unloaded after import = 1

========================================================================
Received Import Request.
  Time since last request: 0.000021 seconds.
  path: Assets/TerrainDemoScene_URP/Terrain/Textures/Black_Sand_Rocks_B/Black_Sand_Rocks_B_Normal.tif
  artifactKey: Guid(28a478660ea9d9541b2118c5e95cbb4e) Importer(2089858483,192608db42251d675da83286b1cce702)
Start importing Assets/TerrainDemoScene_URP/Terrain/Textures/Black_Sand_Rocks_B/Black_Sand_Rocks_B_Normal.tif using Guid(28a478660ea9d9541b2118c5e95cbb4e) Importer(2089858483,192608db42251d675da83286b1cce702) (ScriptedImporter) -> (artifact id: 'c054bdbac58dfaa1576ea03949bf1594') in 0.0172298 seconds
Number of updated asset objects reloaded before import = 0Number of asset objects unloaded after import = 1

========================================================================
Received Import Request.
  Time since last request: 0.000014 seconds.
  path: Assets/TerrainDemoScene_URP/Terrain/Brushes/Heightmaps/ridge_edge01.tif
  artifactKey: Guid(b38901ae2e7149540aaa7fe2697aba3e) Importer(2089858483,192608db42251d675da83286b1cce702)
Start importing Assets/TerrainDemoScene_URP/Terrain/Brushes/Heightmaps/ridge_edge01.tif using Guid(b38901ae2e7149540aaa7fe2697aba3e) Importer(2089858483,192608db42251d675da83286b1cce702) (ScriptedImporter) -> (artifact id: '6b66b8039858d2c99db19f3460687695') in 0.0162247 seconds
Number of updated asset objects reloaded before import = 0Number of asset objects unloaded after import = 1

========================================================================
Received Import Request.
  Time since last request: 0.000018 seconds.
  path: Assets/TerrainDemoScene_URP/Terrain/Textures/Grass_B/Grass_B_Normal.tif
  artifactKey: Guid(eb70932bab3d971408c011dbb45767a9) Importer(2089858483,192608db42251d675da83286b1cce702)
Start importing Assets/TerrainDemoScene_URP/Terrain/Textures/Grass_B/Grass_B_Normal.tif using Guid(eb70932bab3d971408c011dbb45767a9) Importer(2089858483,192608db42251d675da83286b1cce702) (ScriptedImporter) -> (artifact id: 'f6ed5724da806343b7996f9bf7d48474') in 0.0148581 seconds
Number of updated asset objects reloaded before import = 0Number of asset objects unloaded after import = 1

========================================================================
Received Import Request.
  Time since last request: 0.000016 seconds.
  path: Assets/TerrainDemoScene_URP/Terrain/Textures/Grass_Soil_A/Grass_Soil_A_Albedo.tif
  artifactKey: Guid(8d132b50decf7aa429d6d84a9e7a1217) Importer(2089858483,192608db42251d675da83286b1cce702)
Start importing Assets/TerrainDemoScene_URP/Terrain/Textures/Grass_Soil_A/Grass_Soil_A_Albedo.tif using Guid(8d132b50decf7aa429d6d84a9e7a1217) Importer(2089858483,192608db42251d675da83286b1cce702) (ScriptedImporter) -> (artifact id: '9eb3f1eaca35ff48b957955b71dca123') in 0.0187242 seconds
Number of updated asset objects reloaded before import = 0Number of asset objects unloaded after import = 1

========================================================================
Received Import Request.
  Time since last request: 0.000016 seconds.
  path: Assets/TerrainDemoScene_URP/Terrain/Textures/Grass_Moss_A/Grass_Moss_A_Normal.tif
  artifactKey: Guid(f8c9bb189b5f4d344bc5193ab9446783) Importer(2089858483,192608db42251d675da83286b1cce702)
Start importing Assets/TerrainDemoScene_URP/Terrain/Textures/Grass_Moss_A/Grass_Moss_A_Normal.tif using Guid(f8c9bb189b5f4d344bc5193ab9446783) Importer(2089858483,192608db42251d675da83286b1cce702) (ScriptedImporter) -> (artifact id: 'dfe16041fc2c51ca04c89242e51c2f5a') in 0.018254 seconds
Number of updated asset objects reloaded before import = 0Number of asset objects unloaded after import = 1

========================================================================
Received Import Request.
  Time since last request: 0.000015 seconds.
  path: Assets/TerrainDemoScene_URP/Terrain/Brushes/Heightmaps/mountain06.tif
  artifactKey: Guid(b44a453c2397af74cb81885989043518) Importer(2089858483,192608db42251d675da83286b1cce702)
Start importing Assets/TerrainDemoScene_URP/Terrain/Brushes/Heightmaps/mountain06.tif using Guid(b44a453c2397af74cb81885989043518) Importer(2089858483,192608db42251d675da83286b1cce702) (ScriptedImporter) -> (artifact id: '24adcddefb80bad65d77555eeda5a486') in 0.013693 seconds
Number of updated asset objects reloaded before import = 0Number of asset objects unloaded after import = 1

========================================================================
Received Import Request.
  Time since last request: 0.000043 seconds.
  path: Assets/TerrainDemoScene_URP/Prefabs/Water/Textures/Moss_A_BaseColor.tif
  artifactKey: Guid(59d54c2b830cb6143bcd067df1a0488a) Importer(2089858483,192608db42251d675da83286b1cce702)
Start importing Assets/TerrainDemoScene_URP/Prefabs/Water/Textures/Moss_A_BaseColor.tif using Guid(59d54c2b830cb6143bcd067df1a0488a) Importer(2089858483,192608db42251d675da83286b1cce702) (ScriptedImporter) -> (artifact id: '012a18b1f61dae7b4d9d0a4e4ec7a8bb') in 0.0141202 seconds
Number of updated asset objects reloaded before import = 0Number of asset objects unloaded after import = 1

========================================================================
Received Import Request.
  Time since last request: 0.000015 seconds.
  path: Assets/TerrainDemoScene_URP/Prefabs/Details/GrassDry_D.prefab
  artifactKey: Guid(8aa8def6286fc784ba128570ec475974) Importer(2089858483,192608db42251d675da83286b1cce702)
Start importing Assets/TerrainDemoScene_URP/Prefabs/Details/GrassDry_D.prefab using Guid(8aa8def6286fc784ba128570ec475974) Importer(2089858483,192608db42251d675da83286b1cce702) (ScriptedImporter) -> (artifact id: '47e0070143e63a32eb67706a6561a66d') in 0.0279616 seconds
Number of updated asset objects reloaded before import = 0Number of asset objects unloaded after import = 11

========================================================================
Received Import Request.
  Time since last request: 0.000012 seconds.
  path: Assets/TerrainDemoScene_URP/Terrain/Textures/Pebbles_B/Pebbles_B_BaseColor.tif
  artifactKey: Guid(96a97b0ab56f58b458314ccf0f97c004) Importer(2089858483,192608db42251d675da83286b1cce702)
Start importing Assets/TerrainDemoScene_URP/Terrain/Textures/Pebbles_B/Pebbles_B_BaseColor.tif using Guid(96a97b0ab56f58b458314ccf0f97c004) Importer(2089858483,192608db42251d675da83286b1cce702) (ScriptedImporter) -> (artifact id: '52d429af30c5f1d5bd42d625a2a7c902') in 0.0170531 seconds
Number of updated asset objects reloaded before import = 0Number of asset objects unloaded after import = 1

========================================================================
Received Import Request.
  Time since last request: 0.000014 seconds.
  path: Assets/Samples/XR Interaction Toolkit/3.0.8/XR Device Simulator/Hand Expression Captures/Poke Expression Capture.asset
  artifactKey: Guid(95c319715e9d2644da8ae09af8ccfee6) Importer(2089858483,192608db42251d675da83286b1cce702)
Start importing Assets/Samples/XR Interaction Toolkit/3.0.8/XR Device Simulator/Hand Expression Captures/Poke Expression Capture.asset using Guid(95c319715e9d2644da8ae09af8ccfee6) Importer(2089858483,192608db42251d675da83286b1cce702) (ScriptedImporter) -> (artifact id: '2b077956f2f72d7f5f4f96e7f720c731') in 0.0141225 seconds
Number of updated asset objects reloaded before import = 0Number of asset objects unloaded after import = 2

========================================================================
Received Import Request.
  Time since last request: 0.000019 seconds.
  path: Assets/TerrainDemoScene_URP/Terrain/Textures/Heather_A/Heather_A_Normal.tif
  artifactKey: Guid(c8b8fa1b153cfd3428c4c5c2fded152e) Importer(2089858483,192608db42251d675da83286b1cce702)
Start importing Assets/TerrainDemoScene_URP/Terrain/Textures/Heather_A/Heather_A_Normal.tif using Guid(c8b8fa1b153cfd3428c4c5c2fded152e) Importer(2089858483,192608db42251d675da83286b1cce702) (ScriptedImporter) -> (artifact id: 'f59573086bb09dca86b480ede8e8a72e') in 0.0156551 seconds
Number of updated asset objects reloaded before import = 0Number of asset objects unloaded after import = 1

========================================================================
Received Import Request.
  Time since last request: 0.000018 seconds.
  path: Assets/TerrainDemoScene_URP/Terrain/Textures/Lake/Lake_Margins.tif
  artifactKey: Guid(3d0465da28334da439cc37c5a3ac88fe) Importer(2089858483,192608db42251d675da83286b1cce702)
Start importing Assets/TerrainDemoScene_URP/Terrain/Textures/Lake/Lake_Margins.tif using Guid(3d0465da28334da439cc37c5a3ac88fe) Importer(2089858483,192608db42251d675da83286b1cce702) (ScriptedImporter) -> (artifact id: 'e1e1d42f2bbae0b686cbb9c595ddeb67') in 0.0109018 seconds
Number of updated asset objects reloaded before import = 0Number of asset objects unloaded after import = 1

========================================================================
Received Import Request.
  Time since last request: 0.000024 seconds.
  path: Assets/TerrainDemoScene_URP/TextMeshPro/Shaders/TextMeshPro/TMP_Sprite.shader
  artifactKey: Guid(cf81c85f95fe47e1a27f6ae460cf182c) Importer(2089858483,192608db42251d675da83286b1cce702)
Start importing Assets/TerrainDemoScene_URP/TextMeshPro/Shaders/TextMeshPro/TMP_Sprite.shader using Guid(cf81c85f95fe47e1a27f6ae460cf182c) Importer(2089858483,192608db42251d675da83286b1cce702) (ScriptedImporter) -> (artifact id: 'f84d8378ec8057706e1b4124fa37a114') in 0.011531 seconds
Number of updated asset objects reloaded before import = 0Number of asset objects unloaded after import = 1

========================================================================
Received Import Request.
  Time since last request: 0.000015 seconds.
  path: Assets/TerrainDemoScene_URP/TextMeshPro/Shaders/TextMeshPro/TMP_SDF SSD.shader
  artifactKey: Guid(14eb328de4b8eb245bb7cea29e4ac00b) Importer(2089858483,192608db42251d675da83286b1cce702)
Start importing Assets/TerrainDemoScene_URP/TextMeshPro/Shaders/TextMeshPro/TMP_SDF SSD.shader using Guid(14eb328de4b8eb245bb7cea29e4ac00b) Importer(2089858483,192608db42251d675da83286b1cce702) (ScriptedImporter) -> (artifact id: 'ead1d1ac1190fcea7c19d83f44091c24') in 0.013001 seconds
Number of updated asset objects reloaded before import = 0Number of asset objects unloaded after import = 1

========================================================================
Received Import Request.
  Time since last request: 0.000022 seconds.
  path: Assets/TerrainDemoScene_URP/Terrain/Textures/Pebbles_B/Pebbles_B_Normal.tif
  artifactKey: Guid(abaa3d4f433df074389559003412235d) Importer(2089858483,192608db42251d675da83286b1cce702)
Start importing Assets/TerrainDemoScene_URP/Terrain/Textures/Pebbles_B/Pebbles_B_Normal.tif using Guid(abaa3d4f433df074389559003412235d) Importer(2089858483,192608db42251d675da83286b1cce702) (ScriptedImporter) -> (artifact id: 'bf935c804b9bedf313845b1ed8be9736') in 0.0144161 seconds
Number of updated asset objects reloaded before import = 0Number of asset objects unloaded after import = 1

========================================================================
Received Import Request.
  Time since last request: 0.000023 seconds.
  path: Assets/Samples/XR Interaction Toolkit/3.0.8/XR Device Simulator/Scripts/XRDeviceSimulatorHandsUI.cs
  artifactKey: Guid(f35ac646ecbef4ece8c3eac9e74e1828) Importer(2089858483,192608db42251d675da83286b1cce702)
Start importing Assets/Samples/XR Interaction Toolkit/3.0.8/XR Device Simulator/Scripts/XRDeviceSimulatorHandsUI.cs using Guid(f35ac646ecbef4ece8c3eac9e74e1828) Importer(2089858483,192608db42251d675da83286b1cce702) (ScriptedImporter) -> (artifact id: 'a81a0010a0d1195c2878b2405ff76afc') in 0.0084886 seconds
Number of updated asset objects reloaded before import = 0Number of asset objects unloaded after import = 0

========================================================================
Received Import Request.
  Time since last request: 0.000022 seconds.
  path: Assets/TerrainDemoScene_URP/TextMeshPro/Shaders/TextMeshPro/TMP_Bitmap-Custom-Atlas.shader
  artifactKey: Guid(48bb5f55d8670e349b6e614913f9d910) Importer(2089858483,192608db42251d675da83286b1cce702)
Start importing Assets/TerrainDemoScene_URP/TextMeshPro/Shaders/TextMeshPro/TMP_Bitmap-Custom-Atlas.shader using Guid(48bb5f55d8670e349b6e614913f9d910) Importer(2089858483,192608db42251d675da83286b1cce702) (ScriptedImporter) -> (artifact id: '723c3c0e276808949bd65ded43e9d247') in 0.0093819 seconds
Number of updated asset objects reloaded before import = 0Number of asset objects unloaded after import = 1

========================================================================
Received Import Request.
  Time since last request: 0.000024 seconds.
  path: Assets/WaterWorks/Shaders/Volumetric_Water.shader
  artifactKey: Guid(25c03bde9e6e4884a9fedcc633b5da0f) Importer(2089858483,192608db42251d675da83286b1cce702)
Start importing Assets/WaterWorks/Shaders/Volumetric_Water.shader using Guid(25c03bde9e6e4884a9fedcc633b5da0f) Importer(2089858483,192608db42251d675da83286b1cce702) (ScriptedImporter) -> (artifact id: 'eabd342aad9184ca22be40c52bcd1416') in 0.0104349 seconds
Number of updated asset objects reloaded before import = 0Number of asset objects unloaded after import = 1

========================================================================
Received Import Request.
  Time since last request: 0.000044 seconds.
  path: Assets/Samples/XR Interaction Toolkit/3.0.8/XR Device Simulator/XR Device Hand Controls.inputactions
  artifactKey: Guid(b72ab2a46d9094be38774d023beb4d34) Importer(2089858483,192608db42251d675da83286b1cce702)
Start importing Assets/Samples/XR Interaction Toolkit/3.0.8/XR Device Simulator/XR Device Hand Controls.inputactions using Guid(b72ab2a46d9094be38774d023beb4d34) Importer(2089858483,192608db42251d675da83286b1cce702) (ScriptedImporter) -> (artifact id: '37044470a1d5699e9a64f81db259b3d4') in 0.0157743 seconds
Number of updated asset objects reloaded before import = 0Number of asset objects unloaded after import = 9

========================================================================
Received Import Request.
  Time since last request: 0.000014 seconds.
  path: Assets/TerrainDemoScene_URP/Prefabs/Trees/Conifer/Textures/Conifer_Extra.png
  artifactKey: Guid(edcd0e8c7fd488c4389ffd92c72e9c8a) Importer(2089858483,192608db42251d675da83286b1cce702)
Start importing Assets/TerrainDemoScene_URP/Prefabs/Trees/Conifer/Textures/Conifer_Extra.png using Guid(edcd0e8c7fd488c4389ffd92c72e9c8a) Importer(2089858483,192608db42251d675da83286b1cce702) (ScriptedImporter) -> (artifact id: 'dea05ad346cd80d2eb4cde64afb3beed') in 0.0151806 seconds
Number of updated asset objects reloaded before import = 0Number of asset objects unloaded after import = 1

========================================================================
Received Import Request.
  Time since last request: 0.000015 seconds.
  path: Assets/TerrainDemoScene_URP/Prefabs/Rocks/Textures/Cliff_Mossy_A/Cliff_Mossy_A_BaseColor.tif
  artifactKey: Guid(bdee92c9513af5544943c766cbe273eb) Importer(2089858483,192608db42251d675da83286b1cce702)
Start importing Assets/TerrainDemoScene_URP/Prefabs/Rocks/Textures/Cliff_Mossy_A/Cliff_Mossy_A_BaseColor.tif using Guid(bdee92c9513af5544943c766cbe273eb) Importer(2089858483,192608db42251d675da83286b1cce702) (ScriptedImporter) -> (artifact id: '734e4cab1111d5f915e997994fdb3af2') in 0.0187464 seconds
Number of updated asset objects reloaded before import = 0Number of asset objects unloaded after import = 1

========================================================================
Received Import Request.
  Time since last request: 0.000016 seconds.
  path: Assets/TerrainDemoScene_URP/Prefabs/Rocks/Textures/Cliff_Mossy_A/Cliff_Mossy_A_MaskMap.tif
  artifactKey: Guid(722382cc28601344ca7b7946f7a272df) Importer(2089858483,192608db42251d675da83286b1cce702)
Start importing Assets/TerrainDemoScene_URP/Prefabs/Rocks/Textures/Cliff_Mossy_A/Cliff_Mossy_A_MaskMap.tif using Guid(722382cc28601344ca7b7946f7a272df) Importer(2089858483,192608db42251d675da83286b1cce702) (ScriptedImporter) -> (artifact id: '2c05a3033d5f8f6120900a62d13c2938') in 0.0170094 seconds
Number of updated asset objects reloaded before import = 0Number of asset objects unloaded after import = 1

========================================================================
Received Import Request.
  Time since last request: 0.000016 seconds.
  path: Assets/TerrainDemoScene_URP/Prefabs/Foliage/Red_Bush/Textures/Red_Bush_MaskMap.tif
  artifactKey: Guid(cfc599ff14b5f5d45bcdacfde81269a4) Importer(2089858483,192608db42251d675da83286b1cce702)
Start importing Assets/TerrainDemoScene_URP/Prefabs/Foliage/Red_Bush/Textures/Red_Bush_MaskMap.tif using Guid(cfc599ff14b5f5d45bcdacfde81269a4) Importer(2089858483,192608db42251d675da83286b1cce702) (ScriptedImporter) -> (artifact id: 'de5cb48b8538241871a32f86cdc87b73') in 0.0195941 seconds
Number of updated asset objects reloaded before import = 0Number of asset objects unloaded after import = 1

========================================================================
Received Import Request.
  Time since last request: 0.000029 seconds.
  path: Assets/TerrainDemoScene_URP/Prefabs/Rocks/Textures/Stone_A/Stone_A_MaskMap.tif
  artifactKey: Guid(732c6d50a88f58d48b308b926b11794b) Importer(2089858483,192608db42251d675da83286b1cce702)
Start importing Assets/TerrainDemoScene_URP/Prefabs/Rocks/Textures/Stone_A/Stone_A_MaskMap.tif using Guid(732c6d50a88f58d48b308b926b11794b) Importer(2089858483,192608db42251d675da83286b1cce702) (ScriptedImporter) -> (artifact id: 'a41c328c444f3a3b0e99d360a2657fbe') in 0.017005 seconds
Number of updated asset objects reloaded before import = 0Number of asset objects unloaded after import = 1

========================================================================
Received Import Request.
  Time since last request: 0.000038 seconds.
  path: Assets/TerrainDemoScene_URP/Prefabs/Rocks/Textures/Rock_Overgrown_B/Rock_Overgrown_B_LayerMask.tif
  artifactKey: Guid(76ac408a18a332d43b6e83a5cffa8adf) Importer(2089858483,192608db42251d675da83286b1cce702)
Start importing Assets/TerrainDemoScene_URP/Prefabs/Rocks/Textures/Rock_Overgrown_B/Rock_Overgrown_B_LayerMask.tif using Guid(76ac408a18a332d43b6e83a5cffa8adf) Importer(2089858483,192608db42251d675da83286b1cce702) (ScriptedImporter) -> (artifact id: 'cfe7d0933625c88433a1f12eae2c82ed') in 0.0159292 seconds
Number of updated asset objects reloaded before import = 0Number of asset objects unloaded after import = 1

========================================================================
Received Import Request.
  Time since last request: 0.000013 seconds.
  path: Assets/TerrainDemoScene_URP/Prefabs/Trees/Cypress/Materials/Cypress_Bark.mat
  artifactKey: Guid(f995df3418732fb4ea23b356c02e25fd) Importer(2089858483,192608db42251d675da83286b1cce702)
Start importing Assets/TerrainDemoScene_URP/Prefabs/Trees/Cypress/Materials/Cypress_Bark.mat using Guid(f995df3418732fb4ea23b356c02e25fd) Importer(2089858483,192608db42251d675da83286b1cce702) (ScriptedImporter) -> (artifact id: '3f9b96798b30b6cdacf4a99cc7224853') in 0.0402636 seconds
Number of updated asset objects reloaded before import = 0Number of asset objects unloaded after import = 8

========================================================================
Received Import Request.
  Time since last request: 0.000016 seconds.
  path: Assets/TerrainDemoScene_URP/Prefabs/Details/Textures/Grass_Dry_BaseColor.tif
  artifactKey: Guid(2219c27af867fbf4f9dfdf66ee6ffd8e) Importer(2089858483,192608db42251d675da83286b1cce702)
Start importing Assets/TerrainDemoScene_URP/Prefabs/Details/Textures/Grass_Dry_BaseColor.tif using Guid(2219c27af867fbf4f9dfdf66ee6ffd8e) Importer(2089858483,192608db42251d675da83286b1cce702) (ScriptedImporter) -> (artifact id: 'fa7e007bbdc7dba6f66cc3b53f22d0c8') in 0.0130931 seconds
Number of updated asset objects reloaded before import = 0Number of asset objects unloaded after import = 1

========================================================================
Received Import Request.
  Time since last request: 0.000018 seconds.
  path: Assets/TerrainDemoScene_URP/Terrain/Brushes/Heightmaps/_New/hills01.tiff
  artifactKey: Guid(0a9c4cb001d0620468e11a00fbe9e94e) Importer(2089858483,192608db42251d675da83286b1cce702)
Start importing Assets/TerrainDemoScene_URP/Terrain/Brushes/Heightmaps/_New/hills01.tiff using Guid(0a9c4cb001d0620468e11a00fbe9e94e) Importer(2089858483,192608db42251d675da83286b1cce702) (ScriptedImporter) -> (artifact id: '5cb494e7a17602712bf5f92290930c5e') in 0.0154022 seconds
Number of updated asset objects reloaded before import = 0Number of asset objects unloaded after import = 1

========================================================================
Received Import Request.
  Time since last request: 0.000022 seconds.
  path: Assets/TerrainDemoScene_URP/Terrain/Brushes/Heightmaps/_New/slope01.tiff
  artifactKey: Guid(ef9c4dc3cb0fed644b548b70ef4f61a8) Importer(2089858483,192608db42251d675da83286b1cce702)
Start importing Assets/TerrainDemoScene_URP/Terrain/Brushes/Heightmaps/_New/slope01.tiff using Guid(ef9c4dc3cb0fed644b548b70ef4f61a8) Importer(2089858483,192608db42251d675da83286b1cce702) (ScriptedImporter) -> (artifact id: '65bbd94246718c029ed1023ca13386a9') in 0.017454 seconds
Number of updated asset objects reloaded before import = 0Number of asset objects unloaded after import = 1

========================================================================
Received Import Request.
  Time since last request: 0.000046 seconds.
  path: Assets/TerrainDemoScene_URP/Prefabs/Trees/Cypress/Textures/Cypress_Forest_Desktop_Billboard_Extra.tif
  artifactKey: Guid(dbda5ab6f9a23bd46b831987f6a14c89) Importer(2089858483,192608db42251d675da83286b1cce702)
Start importing Assets/TerrainDemoScene_URP/Prefabs/Trees/Cypress/Textures/Cypress_Forest_Desktop_Billboard_Extra.tif using Guid(dbda5ab6f9a23bd46b831987f6a14c89) Importer(2089858483,192608db42251d675da83286b1cce702) (ScriptedImporter) -> (artifact id: '3fd6584fce11e41ac0e77d36984c5346') in 0.0259236 seconds
Number of updated asset objects reloaded before import = 0Number of asset objects unloaded after import = 1

========================================================================
Received Import Request.
  Time since last request: 0.000017 seconds.
  path: Assets/TerrainDemoScene_URP/Terrain/Brushes/Heightmaps/_New/mountain10.tiff
  artifactKey: Guid(54acc9c7b90e7844c8110362dbe968ad) Importer(2089858483,192608db42251d675da83286b1cce702)
Start importing Assets/TerrainDemoScene_URP/Terrain/Brushes/Heightmaps/_New/mountain10.tiff using Guid(54acc9c7b90e7844c8110362dbe968ad) Importer(2089858483,192608db42251d675da83286b1cce702) (ScriptedImporter) -> (artifact id: '17b17b97b2d930ddfc51d48af85ea016') in 0.0143483 seconds
Number of updated asset objects reloaded before import = 0Number of asset objects unloaded after import = 1

========================================================================
Received Import Request.
  Time since last request: 0.000016 seconds.
  path: Assets/TerrainDemoScene_URP/Prefabs/Trees/Pines/Pine_C/Pine_C.st
  artifactKey: Guid(b3da1778a10a6eb48b449d9c0bc21c2e) Importer(2089858483,192608db42251d675da83286b1cce702)
Start importing Assets/TerrainDemoScene_URP/Prefabs/Trees/Pines/Pine_C/Pine_C.st using Guid(b3da1778a10a6eb48b449d9c0bc21c2e) Importer(2089858483,192608db42251d675da83286b1cce702) (ScriptedImporter) -> (artifact id: 'dadeb96209337719ec0530915d0d478e') in 0.0217556 seconds
Number of updated asset objects reloaded before import = 0Number of asset objects unloaded after import = 43

========================================================================
Received Import Request.
  Time since last request: 0.000016 seconds.
  path: Assets/Samples/XR Interaction Toolkit/3.0.8/XR Device Simulator/UI/General/OpenWindow.png
  artifactKey: Guid(633d1ace045fe402a9b307cb58251aa4) Importer(2089858483,192608db42251d675da83286b1cce702)
Start importing Assets/Samples/XR Interaction Toolkit/3.0.8/XR Device Simulator/UI/General/OpenWindow.png using Guid(633d1ace045fe402a9b307cb58251aa4) Importer(2089858483,192608db42251d675da83286b1cce702) (ScriptedImporter) -> (artifact id: '962c5c9a4ea90c202b8821e1933a5029') in 0.0164495 seconds
Number of updated asset objects reloaded before import = 0Number of asset objects unloaded after import = 3

========================================================================
Received Import Request.
  Time since last request: 0.000016 seconds.
  path: Assets/Samples/XR Interaction Toolkit/3.0.8/XR Device Simulator/UI/ControllerDevice/ControllerOverlayLinesRight.png
  artifactKey: Guid(310ef0f38fe364cc986d05acdbdf1183) Importer(2089858483,192608db42251d675da83286b1cce702)
Start importing Assets/Samples/XR Interaction Toolkit/3.0.8/XR Device Simulator/UI/ControllerDevice/ControllerOverlayLinesRight.png using Guid(310ef0f38fe364cc986d05acdbdf1183) Importer(2089858483,192608db42251d675da83286b1cce702) (ScriptedImporter) -> (artifact id: '2b4deb500f7cab6d29edf301cafc0b54') in 0.0173555 seconds
Number of updated asset objects reloaded before import = 0Number of asset objects unloaded after import = 3

========================================================================
Received Import Request.
  Time since last request: 0.000027 seconds.
  path: Assets/TerrainDemoScene_URP/Prefabs/Trees/Pines/Pine_D/Pine_D.st
  artifactKey: Guid(e17a253999e7e294981e5ed8ce32646f) Importer(2089858483,192608db42251d675da83286b1cce702)
Start importing Assets/TerrainDemoScene_URP/Prefabs/Trees/Pines/Pine_D/Pine_D.st using Guid(e17a253999e7e294981e5ed8ce32646f) Importer(2089858483,192608db42251d675da83286b1cce702) (ScriptedImporter) -> (artifact id: '3d172c15b4e9c430d10c8b240a52fe1b') in 0.0144893 seconds
Number of updated asset objects reloaded before import = 0Number of asset objects unloaded after import = 40

========================================================================
Received Import Request.
  Time since last request: 0.000013 seconds.
  path: Assets/Samples/XR Interaction Toolkit/3.0.8/XR Device Simulator/UI/General/CycleXRDevices.png
  artifactKey: Guid(731e7aed8e9f540ac8bf2a7b66abdaf6) Importer(2089858483,192608db42251d675da83286b1cce702)
Start importing Assets/Samples/XR Interaction Toolkit/3.0.8/XR Device Simulator/UI/General/CycleXRDevices.png using Guid(731e7aed8e9f540ac8bf2a7b66abdaf6) Importer(2089858483,192608db42251d675da83286b1cce702) (ScriptedImporter) -> (artifact id: '8813ac59b15fc693719ec0ff0d1145d5') in 0.0157374 seconds
Number of updated asset objects reloaded before import = 0Number of asset objects unloaded after import = 3

========================================================================
Received Import Request.
  Time since last request: 0.000014 seconds.
  path: Assets/Samples/XR Interaction Toolkit/3.0.8/XR Device Simulator/UI/ControllerDevice/ControllerLeft.png
  artifactKey: Guid(10abf1be8eef148d4aa4b96b2af7a9f0) Importer(2089858483,192608db42251d675da83286b1cce702)
Start importing Assets/Samples/XR Interaction Toolkit/3.0.8/XR Device Simulator/UI/ControllerDevice/ControllerLeft.png using Guid(10abf1be8eef148d4aa4b96b2af7a9f0) Importer(2089858483,192608db42251d675da83286b1cce702) (ScriptedImporter) -> (artifact id: '6b0d6a8f732adcbc5e4d3a760aec9797') in 0.014636 seconds
Number of updated asset objects reloaded before import = 0Number of asset objects unloaded after import = 3

========================================================================
Received Import Request.
  Time since last request: 0.000015 seconds.
  path: Assets/Samples/XR Interaction Toolkit/3.0.8/XR Device Simulator/UI/Mouse/Mouse.png
  artifactKey: Guid(f997d60d79a4e45cab6b1814e377a1b3) Importer(2089858483,192608db42251d675da83286b1cce702)
Start importing Assets/Samples/XR Interaction Toolkit/3.0.8/XR Device Simulator/UI/Mouse/Mouse.png using Guid(f997d60d79a4e45cab6b1814e377a1b3) Importer(2089858483,192608db42251d675da83286b1cce702) (ScriptedImporter) -> (artifact id: 'e5761de58b16138075d0926a461fb005') in 0.0139119 seconds
Number of updated asset objects reloaded before import = 0Number of asset objects unloaded after import = 3

========================================================================
Received Import Request.
  Time since last request: 0.000016 seconds.
  path: Assets/TerrainDemoScene_URP/Prefabs/Trees/Pines/Pine_B/Textures/Bark_Normal.png
  artifactKey: Guid(ad6480470c15d984f84830f327244ee7) Importer(2089858483,192608db42251d675da83286b1cce702)
Start importing Assets/TerrainDemoScene_URP/Prefabs/Trees/Pines/Pine_B/Textures/Bark_Normal.png using Guid(ad6480470c15d984f84830f327244ee7) Importer(2089858483,192608db42251d675da83286b1cce702) (ScriptedImporter) -> (artifact id: 'b075f046286c2dfd2bf86c0be8cac7f1') in 0.018226 seconds
Number of updated asset objects reloaded before import = 0Number of asset objects unloaded after import = 1

========================================================================
Received Import Request.
  Time since last request: 0.000021 seconds.
  path: Assets/TerrainDemoScene_URP/Prefabs/Trees/Pines/Pine_A/Textures/Pine_A_Extra.png
  artifactKey: Guid(f1ce8fcb76987c84393c175b8ada22df) Importer(2089858483,192608db42251d675da83286b1cce702)
Start importing Assets/TerrainDemoScene_URP/Prefabs/Trees/Pines/Pine_A/Textures/Pine_A_Extra.png using Guid(f1ce8fcb76987c84393c175b8ada22df) Importer(2089858483,192608db42251d675da83286b1cce702) (ScriptedImporter) -> (artifact id: 'd913f5bf3cc56da8f9297baaceddd8f4') in 0.0155111 seconds
Number of updated asset objects reloaded before import = 0Number of asset objects unloaded after import = 1

========================================================================
Received Import Request.
  Time since last request: 0.000027 seconds.
  path: Assets/TerrainDemoScene_URP/Prefabs/Trees/Pines/Pine_A/Textures/Pine_A_Billboard_Normal.png
  artifactKey: Guid(e84e0f4013e447a419c72d7f742a52e5) Importer(2089858483,192608db42251d675da83286b1cce702)
Start importing Assets/TerrainDemoScene_URP/Prefabs/Trees/Pines/Pine_A/Textures/Pine_A_Billboard_Normal.png using Guid(e84e0f4013e447a419c72d7f742a52e5) Importer(2089858483,192608db42251d675da83286b1cce702) (ScriptedImporter) -> (artifact id: '8f0627e9f7d5026fa01e6c44802c6afa') in 0.0156748 seconds
Number of updated asset objects reloaded before import = 0Number of asset objects unloaded after import = 1

========================================================================
Received Import Request.
  Time since last request: 0.000016 seconds.
  path: Assets/TerrainDemoScene_URP/Prefabs/Trees/Pines/Pine_A/Textures/Pine_A_Billboard_Subsurface.png
  artifactKey: Guid(b0a5fd9feb707d84386943f66b0ad9fe) Importer(2089858483,192608db42251d675da83286b1cce702)
Start importing Assets/TerrainDemoScene_URP/Prefabs/Trees/Pines/Pine_A/Textures/Pine_A_Billboard_Subsurface.png using Guid(b0a5fd9feb707d84386943f66b0ad9fe) Importer(2089858483,192608db42251d675da83286b1cce702) (ScriptedImporter) -> (artifact id: '11cddb2b7db691124f56fe34d923b321') in 0.0200821 seconds
Number of updated asset objects reloaded before import = 0Number of asset objects unloaded after import = 1

========================================================================
Received Import Request.
  Time since last request: 0.000015 seconds.
  path: Assets/TerrainDemoScene_URP/Prefabs/Trees/Pines/Pine_B/Textures/Bark_Extra.png
  artifactKey: Guid(965b93b0a2271a647b2c379c3e808331) Importer(2089858483,192608db42251d675da83286b1cce702)
Start importing Assets/TerrainDemoScene_URP/Prefabs/Trees/Pines/Pine_B/Textures/Bark_Extra.png using Guid(965b93b0a2271a647b2c379c3e808331) Importer(2089858483,192608db42251d675da83286b1cce702) (ScriptedImporter) -> (artifact id: '95185d6c7c2c99199e311dfaeb0a7b61') in 0.0161637 seconds
Number of updated asset objects reloaded before import = 0Number of asset objects unloaded after import = 1

========================================================================
Received Import Request.
  Time since last request: 0.000014 seconds.
  path: Assets/TerrainDemoScene_URP/Prefabs/Trees/Pines/Pine_A/Textures/Bark_Normal.png
  artifactKey: Guid(fc09e687e58f23740b273e93c357f0c4) Importer(2089858483,192608db42251d675da83286b1cce702)
Start importing Assets/TerrainDemoScene_URP/Prefabs/Trees/Pines/Pine_A/Textures/Bark_Normal.png using Guid(fc09e687e58f23740b273e93c357f0c4) Importer(2089858483,192608db42251d675da83286b1cce702) (ScriptedImporter) -> (artifact id: '72e326584675b736d7ddb1bb7cd9afff') in 0.0162374 seconds
Number of updated asset objects reloaded before import = 0Number of asset objects unloaded after import = 1

========================================================================
Received Import Request.
  Time since last request: 0.000014 seconds.
  path: Assets/Samples/XR Interaction Toolkit/3.0.8/XR Device Simulator/UI/Hands/Hand_Grab.png
  artifactKey: Guid(bd6b9153aa3b96f49b238bbf6ae68b80) Importer(2089858483,192608db42251d675da83286b1cce702)
Start importing Assets/Samples/XR Interaction Toolkit/3.0.8/XR Device Simulator/UI/Hands/Hand_Grab.png using Guid(bd6b9153aa3b96f49b238bbf6ae68b80) Importer(2089858483,192608db42251d675da83286b1cce702) (ScriptedImporter) -> (artifact id: '50fe33d13b62faabaeb0acbbbb1da705') in 0.0154754 seconds
Number of updated asset objects reloaded before import = 0Number of asset objects unloaded after import = 3

========================================================================
Received Import Request.
  Time since last request: 0.000017 seconds.
  path: Assets/TerrainDemoScene_URP/Prefabs/Trees/Pines/Pine_B/Textures/Pine_B_Billboard_Subsurface.png
  artifactKey: Guid(b62ae04c53c97654a84908e91da2cb08) Importer(2089858483,192608db42251d675da83286b1cce702)
Start importing Assets/TerrainDemoScene_URP/Prefabs/Trees/Pines/Pine_B/Textures/Pine_B_Billboard_Subsurface.png using Guid(b62ae04c53c97654a84908e91da2cb08) Importer(2089858483,192608db42251d675da83286b1cce702) (ScriptedImporter) -> (artifact id: 'c2ea906f844d2b7446f85e97020a5c21') in 0.0135168 seconds
Number of updated asset objects reloaded before import = 0Number of asset objects unloaded after import = 1

========================================================================
Received Import Request.
  Time since last request: 0.000025 seconds.
  path: Assets/TerrainDemoScene_URP/Prefabs/Trees/Pines/Pine_A/Textures/Pine_A_Subsurface.png
  artifactKey: Guid(3c174c78003db554b95d3f713d378b49) Importer(2089858483,192608db42251d675da83286b1cce702)
Start importing Assets/TerrainDemoScene_URP/Prefabs/Trees/Pines/Pine_A/Textures/Pine_A_Subsurface.png using Guid(3c174c78003db554b95d3f713d378b49) Importer(2089858483,192608db42251d675da83286b1cce702) (ScriptedImporter) -> (artifact id: 'f268d0d6961ccd0ff75d7d32a62d6530') in 0.0169247 seconds
Number of updated asset objects reloaded before import = 0Number of asset objects unloaded after import = 1

========================================================================
Received Import Request.
  Time since last request: 0.000017 seconds.
  path: Assets/TerrainDemoScene_URP/Prefabs/Trees/Pines/Pine_D/Textures/Bark_Color.png
  artifactKey: Guid(74c27baaa4fcb914e839a6cb26e4fb98) Importer(2089858483,192608db42251d675da83286b1cce702)
Start importing Assets/TerrainDemoScene_URP/Prefabs/Trees/Pines/Pine_D/Textures/Bark_Color.png using Guid(74c27baaa4fcb914e839a6cb26e4fb98) Importer(2089858483,192608db42251d675da83286b1cce702) (ScriptedImporter) -> (artifact id: 'ff27a811b727ee2a08c6a5d95308e204') in 0.0158161 seconds
Number of updated asset objects reloaded before import = 0Number of asset objects unloaded after import = 1

========================================================================
Received Import Request.
  Time since last request: 0.000014 seconds.
  path: Assets/TerrainDemoScene_URP/Prefabs/Trees/Pines/Pine_C/Textures/Pine_C_Extra.png
  artifactKey: Guid(f130a62d4fe680c4b937d5635f1b3bb7) Importer(2089858483,192608db42251d675da83286b1cce702)
Start importing Assets/TerrainDemoScene_URP/Prefabs/Trees/Pines/Pine_C/Textures/Pine_C_Extra.png using Guid(f130a62d4fe680c4b937d5635f1b3bb7) Importer(2089858483,192608db42251d675da83286b1cce702) (ScriptedImporter) -> (artifact id: '06e077e1822ce082c512135f1a5fee3a') in 0.0154911 seconds
Number of updated asset objects reloaded before import = 0Number of asset objects unloaded after import = 1

========================================================================
Received Import Request.
  Time since last request: 0.000020 seconds.
  path: Assets/TerrainDemoScene_URP/Prefabs/Trees/Pines/Pine_D/Textures/Bark_Extra.png
  artifactKey: Guid(38d89d146b766dc44961bf535af7de58) Importer(2089858483,192608db42251d675da83286b1cce702)
Start importing Assets/TerrainDemoScene_URP/Prefabs/Trees/Pines/Pine_D/Textures/Bark_Extra.png using Guid(38d89d146b766dc44961bf535af7de58) Importer(2089858483,192608db42251d675da83286b1cce702) (ScriptedImporter) -> (artifact id: '6abf3381201c4faccb22d3693875360d') in 0.0140207 seconds
Number of updated asset objects reloaded before import = 0Number of asset objects unloaded after import = 1

========================================================================
Received Import Request.
  Time since last request: 0.000016 seconds.
  path: Assets/TerrainDemoScene_URP/Prefabs/Trees/Pines/Pine_C/Textures/Bark_Normal.png
  artifactKey: Guid(45b93e314671d57498de7ba5262aa7b8) Importer(2089858483,192608db42251d675da83286b1cce702)
Start importing Assets/TerrainDemoScene_URP/Prefabs/Trees/Pines/Pine_C/Textures/Bark_Normal.png using Guid(45b93e314671d57498de7ba5262aa7b8) Importer(2089858483,192608db42251d675da83286b1cce702) (ScriptedImporter) -> (artifact id: '74b94d8862061669d1bfca9473e6502b') in 0.0170009 seconds
Number of updated asset objects reloaded before import = 0Number of asset objects unloaded after import = 1

========================================================================
Received Import Request.
  Time since last request: 0.000019 seconds.
  path: Assets/TerrainDemoScene_URP/Prefabs/Trees/Pines/Pine_D/Textures/Pine_D_Billboard_Normal.png
  artifactKey: Guid(feaa6b70b683c044dbf4774ba7f4910a) Importer(2089858483,192608db42251d675da83286b1cce702)
Start importing Assets/TerrainDemoScene_URP/Prefabs/Trees/Pines/Pine_D/Textures/Pine_D_Billboard_Normal.png using Guid(feaa6b70b683c044dbf4774ba7f4910a) Importer(2089858483,192608db42251d675da83286b1cce702) (ScriptedImporter) -> (artifact id: 'f8827f081951bdfc6ea563e8ea0ca84d') in 0.0183273 seconds
Number of updated asset objects reloaded before import = 0Number of asset objects unloaded after import = 1

========================================================================
Received Import Request.
  Time since last request: 0.000030 seconds.
  path: Assets/TerrainDemoScene_URP/Prefabs/Trees/Pines/Pine_D/Textures/Bark_Normal.png
  artifactKey: Guid(3c5395a6f02d6f34188a8b7ca1ea9112) Importer(2089858483,192608db42251d675da83286b1cce702)
Start importing Assets/TerrainDemoScene_URP/Prefabs/Trees/Pines/Pine_D/Textures/Bark_Normal.png using Guid(3c5395a6f02d6f34188a8b7ca1ea9112) Importer(2089858483,192608db42251d675da83286b1cce702) (ScriptedImporter) -> (artifact id: 'f06f172d1d07e111db864d5a743cfbe8') in 0.0169869 seconds
Number of updated asset objects reloaded before import = 0Number of asset objects unloaded after import = 1

========================================================================
Received Import Request.
  Time since last request: 0.000048 seconds.
  path: Assets/TerrainDemoScene_URP/Prefabs/UI/Titles.prefab
  artifactKey: Guid(345999c63f4884032a682d06a8a79910) Importer(2089858483,192608db42251d675da83286b1cce702)
Start importing Assets/TerrainDemoScene_URP/Prefabs/UI/Titles.prefab using Guid(345999c63f4884032a682d06a8a79910) Importer(2089858483,192608db42251d675da83286b1cce702) (ScriptedImporter)The method get_fontSharedMaterials was not found on Titles. This property will not be indexed.
UnityEngine.Debug:ExtractStackTraceNoAlloc (byte*,int,string)
UnityEngine.StackTraceUtility:ExtractStackTrace ()
UnityEngine.DebugLogHandler:Internal_Log (UnityEngine.LogType,UnityEngine.LogOption,string,UnityEngine.Object)
UnityEngine.DebugLogHandler:LogFormat (UnityEngine.LogType,UnityEngine.Object,string,object[])
UnityEngine.Logger:Log (UnityEngine.LogType,object)
UnityEngine.Debug:LogWarning (object)
UnityEditor.Rendering.Universal.MaterialReferenceBuilder:GetMaterialFromMethod (System.Reflection.MethodInfo,UnityEngine.Object,System.Func`3<string, string, string>) (at ./Library/PackageCache/com.unity.render-pipelines.universal@2a2241f53fcd/Editor/Converter/MaterialReferenceBuilder.cs:133)
UnityEditor.Rendering.Universal.ConversionIndexers:ConversionIndexer (UnityEditor.Search.CustomObjectIndexerTarget,UnityEditor.Search.ObjectIndexer) (at ./Library/PackageCache/com.unity.render-pipelines.universal@2a2241f53fcd/Editor/Converter/ConversionIndexers.cs:21)
UnityEditor.Search.ObjectIndexer:CallCustomIndexers (string,int,UnityEngine.Object,UnityEditor.SerializedObject,bool)
UnityEditor.Search.ObjectIndexer:IndexCustomProperties (string,int,UnityEngine.Object)
UnityEditor.Search.AssetIndexer:IndexCustomGameObjectProperties (string,int,UnityEngine.GameObject)
UnityEditor.Search.AssetIndexer:IndexProperties (int&,string&,bool&)
UnityEditor.Search.AssetIndexer:IndexDocument (string,bool)
UnityEditor.Search.SearchIndexEntryImporter:OnImportAsset (UnityEditor.AssetImporters.AssetImportContext)
UnityEditor.AssetImporters.ScriptedImporter:GenerateAssetData (UnityEditor.AssetImporters.AssetImportContext)

(Filename: ./Library/PackageCache/com.unity.render-pipelines.universal@2a2241f53fcd/Editor/Converter/MaterialReferenceBuilder.cs Line: 133)

 -> (artifact id: '99f3cf78ab1f84b01df271b8e3122a0f') in 0.0918462 seconds
Number of updated asset objects reloaded before import = 0Number of asset objects unloaded after import = 10

========================================================================
Received Import Request.
  Time since last request: 0.000018 seconds.
  path: Assets/TerrainDemoScene_URP/Settings/URP/URP-HighQuality Pipeline Asset.asset
  artifactKey: Guid(4f455263fdaa19b4894b6dbdb822f8d6) Importer(2089858483,192608db42251d675da83286b1cce702)
Start importing Assets/TerrainDemoScene_URP/Settings/URP/URP-HighQuality Pipeline Asset.asset using Guid(4f455263fdaa19b4894b6dbdb822f8d6) Importer(2089858483,192608db42251d675da83286b1cce702) (ScriptedImporter) -> (artifact id: '3d93a0e2e27cbd05a553c27de53c4a2b') in 0.0462189 seconds
Number of updated asset objects reloaded before import = 0Number of asset objects unloaded after import = 2

========================================================================
Received Import Request.
  Time since last request: 0.000020 seconds.
  path: Assets/Samples/XR Interaction Toolkit/3.0.8/XR Device Simulator/XR Device Simulator Controls.inputactions
  artifactKey: Guid(da2b439d1a2de5c46a4f428f8cf4fe19) Importer(2089858483,192608db42251d675da83286b1cce702)
Start importing Assets/Samples/XR Interaction Toolkit/3.0.8/XR Device Simulator/XR Device Simulator Controls.inputactions using Guid(da2b439d1a2de5c46a4f428f8cf4fe19) Importer(2089858483,192608db42251d675da83286b1cce702) (ScriptedImporter) -> (artifact id: 'aee91223d84da3bc633620b6dba7dbe2') in 0.0278245 seconds
Number of updated asset objects reloaded before import = 0Number of asset objects unloaded after import = 28

========================================================================
Received Import Request.
  Time since last request: 0.000029 seconds.
  path: Assets/TerrainDemoScene_URP/TextMeshPro/Shaders/TextMeshPro/TMP_SDF-Mobile Masking.shader
  artifactKey: Guid(bc1ede39bf3643ee8e493720e4259791) Importer(2089858483,192608db42251d675da83286b1cce702)
Start importing Assets/TerrainDemoScene_URP/TextMeshPro/Shaders/TextMeshPro/TMP_SDF-Mobile Masking.shader using Guid(bc1ede39bf3643ee8e493720e4259791) Importer(2089858483,192608db42251d675da83286b1cce702) (ScriptedImporter) -> (artifact id: 'acb0fe3fee7f74c0e5dde42b5b1ce150') in 0.0121104 seconds
Number of updated asset objects reloaded before import = 0Number of asset objects unloaded after import = 1

========================================================================
Received Import Request.
  Time since last request: 0.000026 seconds.
  path: Assets/TerrainDemoScene_URP/Prefabs/Trees/Conifer/Textures/Confier_Bark_Color.png
  artifactKey: Guid(1a963b442f079054d97b6543dd119481) Importer(2089858483,192608db42251d675da83286b1cce702)
Start importing Assets/TerrainDemoScene_URP/Prefabs/Trees/Conifer/Textures/Confier_Bark_Color.png using Guid(1a963b442f079054d97b6543dd119481) Importer(2089858483,192608db42251d675da83286b1cce702) (ScriptedImporter) -> (artifact id: '4dc8163ab66fc4f28c06d620ee7648a0') in 0.0155012 seconds
Number of updated asset objects reloaded before import = 0Number of asset objects unloaded after import = 1

========================================================================
Received Import Request.
  Time since last request: 0.000018 seconds.
  path: Assets/TerrainDemoScene_URP/Terrain/DetailMaps/_Terrain_2_2_b6e03cf0-de91-4cae-b6af-0128d856ae43_21.asset
  artifactKey: Guid(9d5636856ce76dc419bc79ff7212f638) Importer(2089858483,192608db42251d675da83286b1cce702)
Start importing Assets/TerrainDemoScene_URP/Terrain/DetailMaps/_Terrain_2_2_b6e03cf0-de91-4cae-b6af-0128d856ae43_21.asset using Guid(9d5636856ce76dc419bc79ff7212f638) Importer(2089858483,192608db42251d675da83286b1cce702) (ScriptedImporter) -> (artifact id: '18bb6a27135111e5d517feb386268e8e') in 0.0299175 seconds
Number of updated asset objects reloaded before import = 0Number of asset objects unloaded after import = 1

========================================================================
Received Import Request.
  Time since last request: 0.000019 seconds.
  path: Assets/TerrainDemoScene_URP/Prefabs/Trees/Cypress/Cypress_Forest_Desktop.st
  artifactKey: Guid(b9c14b320122db54f928119ed33feac8) Importer(2089858483,192608db42251d675da83286b1cce702)
Start importing Assets/TerrainDemoScene_URP/Prefabs/Trees/Cypress/Cypress_Forest_Desktop.st using Guid(b9c14b320122db54f928119ed33feac8) Importer(2089858483,192608db42251d675da83286b1cce702) (ScriptedImporter) -> (artifact id: '8f70f89f1def2ce2137984052fb2c1dd') in 0.0187892 seconds
Number of updated asset objects reloaded before import = 0Number of asset objects unloaded after import = 30

========================================================================
Received Import Request.
  Time since last request: 0.000020 seconds.
  path: Assets/TerrainDemoScene_URP/Prefabs/Details/Models/Fern_A.asset
  artifactKey: Guid(2532d22dd52b5854189d40a50540b705) Importer(2089858483,192608db42251d675da83286b1cce702)
Start importing Assets/TerrainDemoScene_URP/Prefabs/Details/Models/Fern_A.asset using Guid(2532d22dd52b5854189d40a50540b705) Importer(2089858483,192608db42251d675da83286b1cce702) (ScriptedImporter) -> (artifact id: '001bc0ecdd62577a0934b6dcf7c83d9c') in 0.0130516 seconds
Number of updated asset objects reloaded before import = 0Number of asset objects unloaded after import = 1

========================================================================
Received Prepare
Begin MonoManager ReloadAssembly
- Loaded All Assemblies, in  0.580 seconds
'Packages/com.unity.render-pipelines.high-definition/Editor/Wizard/HDWizard.UIElement.cs' contains partial class of Unity.Object, exactly 1 of the partial classes needs to be in a file with the same filename. This is to know the one that can be referenced from ie. GameObjects
'Packages/com.unity.render-pipelines.high-definition/Editor/Wizard/HDWizard.Configuration.cs' contains partial class of Unity.Object, exactly 1 of the partial classes needs to be in a file with the same filename. This is to know the one that can be referenced from ie. GameObjects
'Packages/com.unity.render-pipelines.high-definition/Editor/Wizard/HDWizard.Window.cs' contains partial class of Unity.Object, exactly 1 of the partial classes needs to be in a file with the same filename. This is to know the one that can be referenced from ie. GameObjects
Refreshing native plugins compatible for Editor in 5.87 ms, found 13 plugins.
Native extension for Android target not found
Native extension for UWP target not found
Native extension for WindowsStandalone target not found
[Package Manager] Failed to launch server process. Reason: Unity was launched with the -noUpm command-line argument
[Package Manager] Unable to send message (not connected to server process).
[Package Manager] Cannot connect to Unity Package Manager local server
System.Reflection.TargetInvocationException: Exception has been thrown by the target of an invocation. ---> System.NullReferenceException: Object reference not set to an instance of an object
  at Unity.XR.Oculus.OculusLoader.AssetPathToAbsolutePath (System.String assetPath) [0x0003d] in .\Library\PackageCache\com.unity.xr.oculus@44578ba4bd45\Runtime\OculusLoader.cs:312 
  at Unity.XR.Oculus.OculusLoader.EditorLoadOVRPlugin () [0x0008c] in .\Library\PackageCache\com.unity.xr.oculus@44578ba4bd45\Runtime\OculusLoader.cs:297 
  at (wrapper managed-to-native) System.Reflection.RuntimeMethodInfo.InternalInvoke(System.Reflection.RuntimeMethodInfo,object,object[],System.Exception&)
  at System.Reflection.RuntimeMethodInfo.Invoke (System.Object obj, System.Reflection.BindingFlags invokeAttr, System.Reflection.Binder binder, System.Object[] parameters, System.Globalization.CultureInfo culture) [0x0006a] in <152439c387994a8da523328132967f8d>:0 
   --- End of inner exception stack trace ---
  at System.Reflection.RuntimeMethodInfo.Invoke (System.Object obj, System.Reflection.BindingFlags invokeAttr, System.Reflection.Binder binder, System.Object[] parameters, System.Globalization.CultureInfo culture) [0x00083] in <152439c387994a8da523328132967f8d>:0 
  at System.Reflection.MethodBase.Invoke (System.Object obj, System.Object[] parameters) [0x00000] in <152439c387994a8da523328132967f8d>:0 
  at UnityEditor.EditorAssemblies.ProcessInitializeOnLoadMethodAttributes () [0x00056] in <b912dbff05184439afd77d89b5fecd71>:0 
UnityEngine.Debug:ExtractStackTraceNoAlloc (byte*,int,string)
UnityEngine.StackTraceUtility:ExtractStackTrace ()
UnityEngine.DebugLogHandler:Internal_Log (UnityEngine.LogType,UnityEngine.LogOption,string,UnityEngine.Object)
UnityEngine.DebugLogHandler:LogFormat (UnityEngine.LogType,UnityEngine.Object,string,object[])
UnityEngine.Logger:Log (UnityEngine.LogType,object)
UnityEngine.Debug:LogError (object)
UnityEditor.EditorAssemblies:ProcessInitializeOnLoadMethodAttributes ()

[MODES] ModeService[none].Initialize
[MODES] ModeService[none].LoadModes
Mono: successfully reloaded assembly
[Package Manager] Failed to launch server process. Reason: Unity was launched with the -noUpm command-line argument
[Package Manager] Unable to send message (not connected to server process).
[Package Manager] Cannot connect to Unity Package Manager local server
- Finished resetting the current domain, in  0.642 seconds
Domain Reload Profiling: 1226ms
	BeginReloadAssembly (176ms)
		ExecutionOrderSort (0ms)
		DisableScriptedObjects (3ms)
		BackupInstance (0ms)
		ReleaseScriptingObjects (0ms)
		CreateAndSetChildDomain (68ms)
	RebuildCommonClasses (22ms)
	RebuildNativeTypeToScriptingClass (8ms)
	initialDomainReloadingComplete (18ms)
	LoadAllAssembliesAndSetupDomain (359ms)
		LoadAssemblies (247ms)
		RebuildTransferFunctionScriptingTraits (0ms)
		AnalyzeDomain (169ms)
			TypeCache.Refresh (9ms)
				TypeCache.ScanAssembly (0ms)
			BuildScriptInfoCaches (145ms)
			ResolveRequiredComponents (9ms)
	FinalizeReload (642ms)
		ReleaseScriptCaches (0ms)
		RebuildScriptCaches (0ms)
		SetupLoadedEditorAssemblies (490ms)
			LogAssemblyErrors (0ms)
			InitializePlatformSupportModulesInManaged (14ms)
			SetLoadedEditorAssemblies (5ms)
			BeforeProcessingInitializeOnLoad (96ms)
			ProcessInitializeOnLoadAttributes (231ms)
			ProcessInitializeOnLoadMethodAttributes (141ms)
			AfterProcessingInitializeOnLoad (3ms)
			EditorAssembliesLoaded (0ms)
		ExecutionOrderSort2 (0ms)
		AwakeInstancesAfterBackupRestoration (11ms)
WARNING: Shader Unsupported: 'HDRP/TerrainLit' - All subshaders removed
WARNING: Shader Did you use #pragma only_renderers and omit this platform?
WARNING: Shader If subshaders removal was intentional, you may have forgotten turning Fallback off?
WARNING: Shader Unsupported: 'HDRP/TerrainLit' - All subshaders removed
WARNING: Shader Did you use #pragma only_renderers and omit this platform?
WARNING: Shader If subshaders removal was intentional, you may have forgotten turning Fallback off?
Refreshing native plugins compatible for Editor in 5.65 ms, found 13 plugins.
Preloading 1 native plugins for Editor in 0.06 ms.
Unloading 165 Unused Serialized files (Serialized files now loaded: 0)
Unloading 9118 unused Assets / (28.2 MB). Loaded Objects now: 9901.
Memory consumption went from 242.8 MB to 214.6 MB.
Total: 11.565200 ms (FindLiveObjects: 0.860000 ms CreateObjectMapping: 0.842100 ms MarkObjects: 4.026300 ms  DeleteObjects: 5.835500 ms)

Prepare: number of updated asset objects reloaded= 0
Editor requested this worker to shutdown with reason: Scaling down because of idle timeout
AssetImportWorker is now disconnected from the server
Process exiting
Exiting without the bug reporter. Application will terminate with return code 0