Unity Editor version:    6000.0.59f2 (ef281c76c3c1)
Branch:                  6000.0/respin/6000.0.59f1-063c55f2fd0f
Build type:              Release
Batch mode:              YES
macOS version:           Version 26.0.1 (Build 25A362)
Darwin version:          25.0.0
Architecture:            arm64
Running under Rosetta:   NO
Available memory:        8192 MB
Using pre-set license

COMMAND LINE ARGUMENTS:
/Applications/Unity/Hub/Editor/6000.0.59f2/Unity.app/Contents/MacOS/Unity
-adb2
-batchMode
-noUpm
-name
AssetImportWorker10
-projectPath
/Users/mariusss/Coding/IMR_RAFTING_2025/RaftingProject
-logFile
Logs/AssetImportWorker10.log
-srvPort
59329
-job-worker-count
3
-background-job-worker-count
8
-gc-helper-count
1
-name AssetImport
Successfully changed project path to: /Users/mariusss/Coding/IMR_RAFTING_2025/RaftingProject
/Users/mariusss/Coding/IMR_RAFTING_2025/RaftingProject
[UnityMemory] Configuration Parameters - Can be set up in boot.config
    "memorysetup-bucket-allocator-granularity=16"
    "memorysetup-bucket-allocator-bucket-count=8"
    "memorysetup-bucket-allocator-block-size=33554432"
    "memorysetup-bucket-allocator-block-count=8"
    "memorysetup-main-allocator-block-size=16777216"
    "memorysetup-thread-allocator-block-size=16777216"
    "memorysetup-gfx-main-allocator-block-size=16777216"
    "memorysetup-gfx-thread-allocator-block-size=16777216"
    "memorysetup-cache-allocator-block-size=4194304"
    "memorysetup-typetree-allocator-block-size=2097152"
    "memorysetup-profiler-bucket-allocator-granularity=16"
    "memorysetup-profiler-bucket-allocator-bucket-count=8"
    "memorysetup-profiler-bucket-allocator-block-size=33554432"
    "memorysetup-profiler-bucket-allocator-block-count=8"
    "memorysetup-profiler-allocator-block-size=16777216"
    "memorysetup-profiler-editor-allocator-block-size=1048576"
    "memorysetup-temp-allocator-size-main=16777216"
    "memorysetup-job-temp-allocator-block-size=2097152"
    "memorysetup-job-temp-allocator-block-size-background=1048576"
    "memorysetup-job-temp-allocator-reduction-small-platforms=262144"
    "memorysetup-allocator-temp-initial-block-size-main=262144"
    "memorysetup-allocator-temp-initial-block-size-worker=262144"
    "memorysetup-temp-allocator-size-background-worker=32768"
    "memorysetup-temp-allocator-size-job-worker=262144"
    "memorysetup-temp-allocator-size-preload-manager=33554432"
    "memorysetup-temp-allocator-size-nav-mesh-worker=65536"
    "memorysetup-temp-allocator-size-audio-worker=65536"
    "memorysetup-temp-allocator-size-cloud-worker=32768"
    "memorysetup-temp-allocator-size-gi-baking-worker=262144"
    "memorysetup-temp-allocator-size-gi-baking-worker=262144"
    "memorysetup-temp-allocator-size-gi-baking-worker=262144"
    "memorysetup-temp-allocator-size-gi-baking-worker=262144"
    "memorysetup-temp-allocator-size-gi-baking-worker=262144"
    "memorysetup-temp-allocator-size-gfx=262144"
Player connection [8668137472]  Target information:

Player connection [8668137472]  * "[IP] 192.168.0.133 [Port] 0 [Flags] 2 [Guid] 1933331996 [EditorId] 1933331996 [Version] 1048832 [Id] OSXEditor(0,Mariuss-MARVELOUS-MacBook-Pro.local) [Debug] 1 [PackageName] OSXEditor [ProjectName] Editor" 

Player connection [8668137472]  * "[IP] 10.211.55.2 [Port] 0 [Flags] 2 [Guid] 1933331996 [EditorId] 1933331996 [Version] 1048832 [Id] OSXEditor(0,Mariuss-MARVELOUS-MacBook-Pro.local) [Debug] 1 [PackageName] OSXEditor [ProjectName] Editor" 

Player connection [8668137472]  * "[IP] 10.37.129.2 [Port] 0 [Flags] 2 [Guid] 1933331996 [EditorId] 1933331996 [Version] 1048832 [Id] OSXEditor(0,Mariuss-MARVELOUS-MacBook-Pro.local) [Debug] 1 [PackageName] OSXEditor [ProjectName] Editor" 

Player connection [8668137472]  * "[IP] 169.254.200.126 [Port] 0 [Flags] 2 [Guid] 1933331996 [EditorId] 1933331996 [Version] 1048832 [Id] OSXEditor(0,Mariuss-MARVELOUS-MacBook-Pro.local) [Debug] 1 [PackageName] OSXEditor [ProjectName] Editor" 

Player connection [8668137472] Host joined multi-casting on [225.0.0.222:54997]...
Player connection [8668137472] Host joined alternative multi-casting on [225.0.0.222:34997]...
JobSystem: Creating JobQueue using job-worker-count value 3
Input System module state changed to: Initialized.
[Physics::Module] Initialized fallback backend.
[Physics::Module] Id: 0xdecafbad
Library Redirect Path: Library/
[Physics::Module] Selected backend.
[Physics::Module] Name: PhysX
[Physics::Module] Id: 0xf2b8ea05
[Physics::Module] SDK Version: 4.1.2
[Physics::Module] Integration Version: 1.0.0
[Physics::Module] Threading Mode: Multi-Threaded
Refreshing native plugins compatible for Editor in 30.67 ms, found 11 plugins.
Preloading 1 native plugins for Editor in 15.95 ms.
Initialize engine version: 6000.0.59f2 (ef281c76c3c1)
[Subsystems] Discovering subsystems at path /Applications/Unity/Hub/Editor/6000.0.59f2/Unity.app/Contents/Resources/UnitySubsystems
[Subsystems] Discovering subsystems at path /Users/mariusss/Coding/IMR_RAFTING_2025/RaftingProject/Assets
GfxDevice: creating device client; kGfxThreadingModeNonThreaded
 preferred device: Apple M1 (high power)
Metal devices available: 1
0: Apple M1 (high power)
Using device Apple M1 (high power)
Initializing Metal device caps: Apple M1
Initialize mono
Mono path[0] = '/Applications/Unity/Hub/Editor/6000.0.59f2/Unity.app/Contents/Managed'
Mono path[1] = '/Applications/Unity/Hub/Editor/6000.0.59f2/Unity.app/Contents/MonoBleedingEdge/lib/mono/unityjit-macos'
Mono config path = '/Applications/Unity/Hub/Editor/6000.0.59f2/Unity.app/Contents/MonoBleedingEdge/etc'
Using monoOptions --debugger-agent=transport=dt_socket,embedding=1,server=y,suspend=n,address=127.0.0.1:56032
Begin MonoManager ReloadAssembly
Registering precompiled unity dll's ...
Register platform support module: /Applications/Unity/Hub/Editor/6000.0.59f2/Unity.app/Contents/PlaybackEngines/MacStandaloneSupport/UnityEditor.OSXStandalone.Extensions.dll
Register platform support module: /Applications/Unity/Hub/Editor/6000.0.59f2/PlaybackEngines/AndroidPlayer/UnityEditor.Android.Extensions.dll
Register platform support module: /Applications/Unity/Hub/Editor/6000.0.59f2/PlaybackEngines/iOSSupport/UnityEditor.iOS.Extensions.dll
Registered in 0.004840 seconds.
- Loaded All Assemblies, in  0.392 seconds
[usbmuxd] Start listen thread
[usbmuxd] Listen thread started
[usbmuxd] Send listen message
[usbmuxd] Attached: 20 00008103-00052438366A201E
Native extension for iOS target not found
Native extension for Android target not found
Android Extension - Scanning For ADB Devices 272 ms
Native extension for OSXStandalone target not found
Mono: successfully reloaded assembly
- Finished resetting the current domain, in  0.842 seconds
Domain Reload Profiling: 1234ms
	BeginReloadAssembly (129ms)
		ExecutionOrderSort (0ms)
		DisableScriptedObjects (0ms)
		BackupInstance (0ms)
		ReleaseScriptingObjects (0ms)
		CreateAndSetChildDomain (3ms)
	RebuildCommonClasses (33ms)
	RebuildNativeTypeToScriptingClass (10ms)
	initialDomainReloadingComplete (45ms)
	LoadAllAssembliesAndSetupDomain (175ms)
		LoadAssemblies (129ms)
		RebuildTransferFunctionScriptingTraits (0ms)
		AnalyzeDomain (163ms)
			TypeCache.Refresh (162ms)
				TypeCache.ScanAssembly (146ms)
			BuildScriptInfoCaches (0ms)
			ResolveRequiredComponents (0ms)
	FinalizeReload (842ms)
		ReleaseScriptCaches (0ms)
		RebuildScriptCaches (0ms)
		SetupLoadedEditorAssemblies (791ms)
			LogAssemblyErrors (0ms)
			InitializePlatformSupportModulesInManaged (527ms)
			SetLoadedEditorAssemblies (3ms)
			BeforeProcessingInitializeOnLoad (63ms)
			ProcessInitializeOnLoadAttributes (111ms)
			ProcessInitializeOnLoadMethodAttributes (86ms)
			AfterProcessingInitializeOnLoad (0ms)
			EditorAssembliesLoaded (1ms)
		ExecutionOrderSort2 (0ms)
		AwakeInstancesAfterBackupRestoration (0ms)
========================================================================
Worker process is ready to serve import requests
Import Worker Mode flag is 0x00
Begin MonoManager ReloadAssembly
- Loaded All Assemblies, in  0.780 seconds
Refreshing native plugins compatible for Editor in 2.88 ms, found 11 plugins.
Native extension for iOS target not found
Native extension for Android target not found
Native extension for OSXStandalone target not found
Package Manager log level set to [2]
[Package Manager] Failed to launch server process. Reason: Unity was launched with the -noUpm command-line argument
[Package Manager] Unable to send message (not connected to server process).
[Package Manager] Cannot connect to Unity Package Manager local server
[MODES] ModeService[none].Initialize
[MODES] ModeService[none].LoadModes
[MODES] Loading mode Default (0) for mode-current-id-RaftingProject
Mono: successfully reloaded assembly
[Package Manager] Failed to launch server process. Reason: Unity was launched with the -noUpm command-line argument
[Package Manager] Unable to send message (not connected to server process).
[Package Manager] Cannot connect to Unity Package Manager local server
[Package Manager] Failed to launch server process. Reason: Unity was launched with the -noUpm command-line argument
[Package Manager] Unable to send message (not connected to server process).
[Package Manager] Cannot connect to Unity Package Manager local server
- Finished resetting the current domain, in  0.891 seconds
Domain Reload Profiling: 1664ms
	BeginReloadAssembly (108ms)
		ExecutionOrderSort (0ms)
		DisableScriptedObjects (4ms)
		BackupInstance (0ms)
		ReleaseScriptingObjects (0ms)
		CreateAndSetChildDomain (23ms)
	RebuildCommonClasses (27ms)
	RebuildNativeTypeToScriptingClass (10ms)
	initialDomainReloadingComplete (26ms)
	LoadAllAssembliesAndSetupDomain (603ms)
		LoadAssemblies (365ms)
		RebuildTransferFunctionScriptingTraits (0ms)
		AnalyzeDomain (287ms)
			TypeCache.Refresh (230ms)
				TypeCache.ScanAssembly (176ms)
			BuildScriptInfoCaches (44ms)
			ResolveRequiredComponents (10ms)
	FinalizeReload (891ms)
		ReleaseScriptCaches (0ms)
		RebuildScriptCaches (0ms)
		SetupLoadedEditorAssemblies (721ms)
			LogAssemblyErrors (0ms)
			InitializePlatformSupportModulesInManaged (20ms)
			SetLoadedEditorAssemblies (3ms)
			BeforeProcessingInitializeOnLoad (130ms)
			ProcessInitializeOnLoadAttributes (419ms)
			ProcessInitializeOnLoadMethodAttributes (147ms)
			AfterProcessingInitializeOnLoad (1ms)
			EditorAssembliesLoaded (1ms)
		ExecutionOrderSort2 (0ms)
		AwakeInstancesAfterBackupRestoration (3ms)
WARNING: Shader Unsupported: 'Universal Render Pipeline/VR/SpatialMapping/Wireframe' - All subshaders removed
WARNING: Shader Did you use #pragma only_renderers and omit this platform?
WARNING: Shader If subshaders removal was intentional, you may have forgotten turning Fallback off?
WARNING: Shader Unsupported: 'Universal Render Pipeline/VR/SpatialMapping/Wireframe' - All subshaders removed
WARNING: Shader Did you use #pragma only_renderers and omit this platform?
WARNING: Shader If subshaders removal was intentional, you may have forgotten turning Fallback off?
Launching external process: /Applications/Unity/Hub/Editor/6000.0.59f2/Unity.app/Contents/Tools/UnityShaderCompiler
Launched and connected shader compiler UnityShaderCompiler after 0.23 seconds
Refreshing native plugins compatible for Editor in 3.91 ms, found 11 plugins.
Preloading 1 native plugins for Editor in 0.26 ms.
Unloading 17 Unused Serialized files (Serialized files now loaded: 0)
Unloading 7406 unused Assets / (3.8 MB). Loaded Objects now: 8154.
Memory consumption went from 139.7 MB to 135.9 MB.
Total: 70.036208 ms (FindLiveObjects: 8.322375 ms CreateObjectMapping: 1.038750 ms MarkObjects: 50.532375 ms  DeleteObjects: 10.139625 ms)

========================================================================
Received Import Request.
  Time since last request: 462988.970688 seconds.
  path: Assets/New Terrain.asset
  artifactKey: Guid(da7bcb6a808be3740963ba42608e7072) Importer(815301076,1909f56bfc062723c751e8b465ee728b)
Start importing Assets/New Terrain.asset using Guid(da7bcb6a808be3740963ba42608e7072) Importer(815301076,1909f56bfc062723c751e8b465ee728b) (PreviewImporter)The tree XR Device Simulator UI couldn't be instanced because the prefab contains no valid mesh renderer.
 -> (artifact id: '8f0cd77f0595da0660d764889be64524') in 0.80806925 seconds
Number of updated asset objects reloaded before import = 0Number of asset objects unloaded after import = 765

[usbmuxd] Detached: 20 00008103-00052438366A201E
========================================================================
Received Prepare
Begin MonoManager ReloadAssembly
Thread 0x16d42b000 may have been prematurely finalized
- Loaded All Assemblies, in  2.997 seconds
'Packages/com.unity.render-pipelines.high-definition/Editor/Wizard/HDWizard.UIElement.cs' contains partial class of Unity.Object, exactly 1 of the partial classes needs to be in a file with the same filename. This is to know the one that can be referenced from ie. GameObjects
'Packages/com.unity.render-pipelines.high-definition/Editor/Wizard/HDWizard.Configuration.cs' contains partial class of Unity.Object, exactly 1 of the partial classes needs to be in a file with the same filename. This is to know the one that can be referenced from ie. GameObjects
'Packages/com.unity.render-pipelines.high-definition/Editor/Wizard/HDWizard.Window.cs' contains partial class of Unity.Object, exactly 1 of the partial classes needs to be in a file with the same filename. This is to know the one that can be referenced from ie. GameObjects
Refreshing native plugins compatible for Editor in 26.99 ms, found 11 plugins.
Native extension for iOS target not found
Native extension for Android target not found
Native extension for OSXStandalone target not found
[Package Manager] Failed to launch server process. Reason: Unity was launched with the -noUpm command-line argument
[Package Manager] Unable to send message (not connected to server process).
[Package Manager] Cannot connect to Unity Package Manager local server
[MODES] ModeService[none].Initialize
[MODES] ModeService[none].LoadModes
Mono: successfully reloaded assembly
[Package Manager] Failed to launch server process. Reason: Unity was launched with the -noUpm command-line argument
[Package Manager] Unable to send message (not connected to server process).
[Package Manager] Cannot connect to Unity Package Manager local server
- Finished resetting the current domain, in  2.320 seconds
Domain Reload Profiling: 5329ms
	BeginReloadAssembly (1336ms)
		ExecutionOrderSort (7ms)
		DisableScriptedObjects (45ms)
		BackupInstance (0ms)
		ReleaseScriptingObjects (2ms)
		CreateAndSetChildDomain (523ms)
	RebuildCommonClasses (53ms)
	RebuildNativeTypeToScriptingClass (13ms)
	initialDomainReloadingComplete (35ms)
	LoadAllAssembliesAndSetupDomain (1571ms)
		LoadAssemblies (1509ms)
		RebuildTransferFunctionScriptingTraits (0ms)
		AnalyzeDomain (454ms)
			TypeCache.Refresh (189ms)
				TypeCache.ScanAssembly (127ms)
			BuildScriptInfoCaches (231ms)
			ResolveRequiredComponents (18ms)
	FinalizeReload (2321ms)
		ReleaseScriptCaches (0ms)
		RebuildScriptCaches (0ms)
		SetupLoadedEditorAssemblies (1932ms)
			LogAssemblyErrors (0ms)
			InitializePlatformSupportModulesInManaged (663ms)
			SetLoadedEditorAssemblies (25ms)
			BeforeProcessingInitializeOnLoad (306ms)
			ProcessInitializeOnLoadAttributes (620ms)
			ProcessInitializeOnLoadMethodAttributes (312ms)
			AfterProcessingInitializeOnLoad (3ms)
			EditorAssembliesLoaded (3ms)
		ExecutionOrderSort2 (0ms)
		AwakeInstancesAfterBackupRestoration (17ms)
Shader 'HDRP/TerrainLit': dependency 'BaseMapShader' shader 'Hidden/HDRP/TerrainLit_Basemap' not found
Shader 'HDRP/TerrainLit': dependency 'BaseMapGenShader' shader 'Hidden/HDRP/TerrainLit_BasemapGen' not found
WARNING: Shader Unsupported: 'HDRP/TerrainLit' - All subshaders removed
WARNING: Shader Did you use #pragma only_renderers and omit this platform?
WARNING: Shader If subshaders removal was intentional, you may have forgotten turning Fallback off?
WARNING: Shader Unsupported: 'HDRP/TerrainLit' - All subshaders removed
WARNING: Shader Did you use #pragma only_renderers and omit this platform?
WARNING: Shader If subshaders removal was intentional, you may have forgotten turning Fallback off?
WARNING: Shader Unsupported: 'Universal Render Pipeline/VR/SpatialMapping/Wireframe' - All subshaders removed
WARNING: Shader Did you use #pragma only_renderers and omit this platform?
WARNING: Shader If subshaders removal was intentional, you may have forgotten turning Fallback off?
WARNING: Shader Unsupported: 'Universal Render Pipeline/VR/SpatialMapping/Wireframe' - All subshaders removed
WARNING: Shader Did you use #pragma only_renderers and omit this platform?
WARNING: Shader If subshaders removal was intentional, you may have forgotten turning Fallback off?
Refreshing native plugins compatible for Editor in 5.04 ms, found 11 plugins.
Preloading 1 native plugins for Editor in 1.28 ms.
Unloading 273 Unused Serialized files (Serialized files now loaded: 0)
Unloading 9217 unused Assets / (21.0 MB). Loaded Objects now: 9734.
Memory consumption went from 234.8 MB to 213.8 MB.
Total: 89.737375 ms (FindLiveObjects: 6.320625 ms CreateObjectMapping: 2.807000 ms MarkObjects: 47.577666 ms  DeleteObjects: 33.030542 ms)

Prepare: number of updated asset objects reloaded= 56
========================================================================
Received Prepare
WARNING: Shader Unsupported: 'HDRP/TerrainLit' - All subshaders removed
WARNING: Shader Did you use #pragma only_renderers and omit this platform?
WARNING: Shader If subshaders removal was intentional, you may have forgotten turning Fallback off?
WARNING: Shader Unsupported: 'HDRP/TerrainLit' - All subshaders removed
WARNING: Shader Did you use #pragma only_renderers and omit this platform?
WARNING: Shader If subshaders removal was intentional, you may have forgotten turning Fallback off?
WARNING: Shader Unsupported: 'Universal Render Pipeline/VR/SpatialMapping/Wireframe' - All subshaders removed
WARNING: Shader Did you use #pragma only_renderers and omit this platform?
WARNING: Shader If subshaders removal was intentional, you may have forgotten turning Fallback off?
WARNING: Shader Unsupported: 'Universal Render Pipeline/VR/SpatialMapping/Wireframe' - All subshaders removed
WARNING: Shader Did you use #pragma only_renderers and omit this platform?
WARNING: Shader If subshaders removal was intentional, you may have forgotten turning Fallback off?
Refreshing native plugins compatible for Editor in 4.68 ms, found 11 plugins.
Preloading 1 native plugins for Editor in 0.75 ms.
Unloading 273 Unused Serialized files (Serialized files now loaded: 0)
Unloading 273 unused Assets / (20.8 MB). Loaded Objects now: 9734.
Memory consumption went from 219.7 MB to 199.0 MB.
Total: 73.179125 ms (FindLiveObjects: 2.151458 ms CreateObjectMapping: 0.801542 ms MarkObjects: 55.364208 ms  DeleteObjects: 14.861333 ms)

Prepare: number of updated asset objects reloaded= 1
========================================================================
Received Import Request.
  Time since last request: 160.924814 seconds.
  path: Assets/TerrainSampleAssets/Prefabs/Bush_B.prefab
  artifactKey: Guid(b273de0d6e5818a4cb3195ce4f376ccb) Importer(815301076,1909f56bfc062723c751e8b465ee728b)
Start importing Assets/TerrainSampleAssets/Prefabs/Bush_B.prefab using Guid(b273de0d6e5818a4cb3195ce4f376ccb) Importer(815301076,1909f56bfc062723c751e8b465ee728b) (PreviewImporter) -> (artifact id: 'd5a1471689190e5ff87347d44af08ee5') in 26.2329555 seconds
Number of updated asset objects reloaded before import = 0Number of asset objects unloaded after import = 431

========================================================================
Received Import Request.
  Time since last request: 0.009028 seconds.
  path: Assets/TerrainSampleAssets/Prefabs/Grass_D.prefab
  artifactKey: Guid(4dfd50a1f648e984f8188be70774f281) Importer(815301076,1909f56bfc062723c751e8b465ee728b)
Start importing Assets/TerrainSampleAssets/Prefabs/Grass_D.prefab using Guid(4dfd50a1f648e984f8188be70774f281) Importer(815301076,1909f56bfc062723c751e8b465ee728b) (PreviewImporter) -> (artifact id: 'be06cca00a3c48f0d13d8c393ec2a97f') in 0.372710083 seconds
Number of updated asset objects reloaded before import = 0Number of asset objects unloaded after import = 25

========================================================================
Received Import Request.
  Time since last request: 0.009886 seconds.
  path: Assets/TerrainSampleAssets/Prefabs/Plant_A.prefab
  artifactKey: Guid(6d6ea10f03c4d7245a66d6515bf1bc6d) Importer(815301076,1909f56bfc062723c751e8b465ee728b)
Start importing Assets/TerrainSampleAssets/Prefabs/Plant_A.prefab using Guid(6d6ea10f03c4d7245a66d6515bf1bc6d) Importer(815301076,1909f56bfc062723c751e8b465ee728b) (PreviewImporter) -> (artifact id: '7fbbd587820da9cf1195fff7cc2c7f6a') in 0.053881667 seconds
Number of updated asset objects reloaded before import = 0Number of asset objects unloaded after import = 23

========================================================================
Received Import Request.
  Time since last request: 0.000086 seconds.
  path: Assets/TerrainSampleAssets/Prefabs/Plant_C.prefab
  artifactKey: Guid(d9246f89c4014f749b69f6e963372434) Importer(815301076,1909f56bfc062723c751e8b465ee728b)
Start importing Assets/TerrainSampleAssets/Prefabs/Plant_C.prefab using Guid(d9246f89c4014f749b69f6e963372434) Importer(815301076,1909f56bfc062723c751e8b465ee728b) (PreviewImporter) -> (artifact id: 'b1502dd6ccea759f96ae41d395e1b4b7') in 0.037337917 seconds
Number of updated asset objects reloaded before import = 0Number of asset objects unloaded after import = 23

========================================================================
Received Import Request.
  Time since last request: 0.000169 seconds.
  path: Assets/TerrainSampleAssets/Prefabs/GrassDry_B.prefab
  artifactKey: Guid(3d4dd2affe15db043a6502ae256cd0d4) Importer(815301076,1909f56bfc062723c751e8b465ee728b)
Start importing Assets/TerrainSampleAssets/Prefabs/GrassDry_B.prefab using Guid(3d4dd2affe15db043a6502ae256cd0d4) Importer(815301076,1909f56bfc062723c751e8b465ee728b) (PreviewImporter) -> (artifact id: '0f4aae06f27666c3a872b4d7e5e3c235') in 0.027310083 seconds
Number of updated asset objects reloaded before import = 0Number of asset objects unloaded after import = 23

========================================================================
Received Import Request.
  Time since last request: 0.000076 seconds.
  path: Assets/TerrainSampleAssets/Prefabs/BushDry_A.prefab
  artifactKey: Guid(176a42107ce66c44aa74a67424591597) Importer(815301076,1909f56bfc062723c751e8b465ee728b)
Start importing Assets/TerrainSampleAssets/Prefabs/BushDry_A.prefab using Guid(176a42107ce66c44aa74a67424591597) Importer(815301076,1909f56bfc062723c751e8b465ee728b) (PreviewImporter) -> (artifact id: 'c9213349a4424e9d765637698fe77578') in 0.0328865 seconds
Number of updated asset objects reloaded before import = 0Number of asset objects unloaded after import = 23

========================================================================
Received Import Request.
  Time since last request: 0.000052 seconds.
  path: Assets/TerrainSampleAssets/Prefabs/BushDry_B.prefab
  artifactKey: Guid(054bf5cf244ff2e4083cbf8eca205cf0) Importer(815301076,1909f56bfc062723c751e8b465ee728b)
Start importing Assets/TerrainSampleAssets/Prefabs/BushDry_B.prefab using Guid(054bf5cf244ff2e4083cbf8eca205cf0) Importer(815301076,1909f56bfc062723c751e8b465ee728b) (PreviewImporter) -> (artifact id: 'd0ef95666584728e0d695cdbeea931e2') in 0.030982125 seconds
Number of updated asset objects reloaded before import = 0Number of asset objects unloaded after import = 23

========================================================================
Received Import Request.
  Time since last request: 0.000075 seconds.
  path: Assets/TerrainSampleAssets/Prefabs/Plant_B.prefab
  artifactKey: Guid(0a701dc0b49cb264c88918e012866821) Importer(815301076,1909f56bfc062723c751e8b465ee728b)
Start importing Assets/TerrainSampleAssets/Prefabs/Plant_B.prefab using Guid(0a701dc0b49cb264c88918e012866821) Importer(815301076,1909f56bfc062723c751e8b465ee728b) (PreviewImporter) -> (artifact id: '88b3cdddce9013afa406b168b6208371') in 0.029804875 seconds
Number of updated asset objects reloaded before import = 0Number of asset objects unloaded after import = 23

========================================================================
Received Import Request.
  Time since last request: 0.000078 seconds.
  path: Assets/TerrainSampleAssets/Prefabs/Plant_D.prefab
  artifactKey: Guid(8569bec78272c564ab74ca5b8a4762f1) Importer(815301076,1909f56bfc062723c751e8b465ee728b)
Start importing Assets/TerrainSampleAssets/Prefabs/Plant_D.prefab using Guid(8569bec78272c564ab74ca5b8a4762f1) Importer(815301076,1909f56bfc062723c751e8b465ee728b) (PreviewImporter) -> (artifact id: 'b70500581d06f45552e07f389ca952a0') in 0.042482125 seconds
Number of updated asset objects reloaded before import = 0Number of asset objects unloaded after import = 23

========================================================================
Received Import Request.
  Time since last request: 0.001281 seconds.
  path: Assets/TerrainSampleAssets/Prefabs/Heather_A.prefab
  artifactKey: Guid(cce04f533c148314abf74aff71206ec7) Importer(815301076,1909f56bfc062723c751e8b465ee728b)
Start importing Assets/TerrainSampleAssets/Prefabs/Heather_A.prefab using Guid(cce04f533c148314abf74aff71206ec7) Importer(815301076,1909f56bfc062723c751e8b465ee728b) (PreviewImporter) -> (artifact id: 'dc3ac78e06876cfe749f5c360948399e') in 0.060784 seconds
Number of updated asset objects reloaded before import = 0Number of asset objects unloaded after import = 23

========================================================================
Received Import Request.
  Time since last request: 1318.211135 seconds.
  path: Assets/Low Poly Environment Starter Kit/Prefabs/HDRP/Other/Bush 1.prefab
  artifactKey: Guid(18ae834b5172a8445b8ad87d7362cc8f) Importer(815301076,1909f56bfc062723c751e8b465ee728b)
Start importing Assets/Low Poly Environment Starter Kit/Prefabs/HDRP/Other/Bush 1.prefab using Guid(18ae834b5172a8445b8ad87d7362cc8f) Importer(815301076,1909f56bfc062723c751e8b465ee728b) (PreviewImporter) -> (artifact id: 'f3bbc1bfd1b68ab6eca81cc10ffa5c48') in 21.641931708 seconds
Number of updated asset objects reloaded before import = 0Number of asset objects unloaded after import = 23

========================================================================
Received Import Request.
  Time since last request: 0.006762 seconds.
  path: Assets/Low Poly Environment Starter Kit/Prefabs/Standard/Rocks/Rock Pile 3.prefab
  artifactKey: Guid(9f3f4f94fd06fb147ae11524a3cc1001) Importer(815301076,1909f56bfc062723c751e8b465ee728b)
Start importing Assets/Low Poly Environment Starter Kit/Prefabs/Standard/Rocks/Rock Pile 3.prefab using Guid(9f3f4f94fd06fb147ae11524a3cc1001) Importer(815301076,1909f56bfc062723c751e8b465ee728b) (PreviewImporter) -> (artifact id: 'f437dc2c8fe0df654b735a9bbb8b9423') in 0.273336667 seconds
Number of updated asset objects reloaded before import = 0Number of asset objects unloaded after import = 18

========================================================================
Received Import Request.
  Time since last request: 0.000196 seconds.
  path: Assets/Low Poly Environment Starter Kit/Source/Meshes/Rocks/Rock_Arc.fbx
  artifactKey: Guid(0da8f8778a88d1f4fa0d1af91c73c874) Importer(815301076,1909f56bfc062723c751e8b465ee728b)
Start importing Assets/Low Poly Environment Starter Kit/Source/Meshes/Rocks/Rock_Arc.fbx using Guid(0da8f8778a88d1f4fa0d1af91c73c874) Importer(815301076,1909f56bfc062723c751e8b465ee728b) (PreviewImporter) -> (artifact id: '6e0349047a234584ec779651e2db014a') in 0.57496425 seconds
Number of updated asset objects reloaded before import = 0Number of asset objects unloaded after import = 8

========================================================================
Received Import Request.
  Time since last request: 0.000103 seconds.
  path: Assets/Low Poly Environment Starter Kit/Prefabs/URP/Rocks/Rock 8.prefab
  artifactKey: Guid(9bc01b0a028112c40832d6c99d6c4b85) Importer(815301076,1909f56bfc062723c751e8b465ee728b)
Start importing Assets/Low Poly Environment Starter Kit/Prefabs/URP/Rocks/Rock 8.prefab using Guid(9bc01b0a028112c40832d6c99d6c4b85) Importer(815301076,1909f56bfc062723c751e8b465ee728b) (PreviewImporter) -> (artifact id: '201badea08882259171cd4ff4f585b66') in 11.483816541 seconds
Number of updated asset objects reloaded before import = 0Number of asset objects unloaded after import = 23

========================================================================
Received Import Request.
  Time since last request: 0.001423 seconds.
  path: Assets/Low Poly Environment Starter Kit/Prefabs/URP/Rocks/Rock 12.prefab
  artifactKey: Guid(ed41a6a40091ae14f96a08fbbbda0411) Importer(815301076,1909f56bfc062723c751e8b465ee728b)
Start importing Assets/Low Poly Environment Starter Kit/Prefabs/URP/Rocks/Rock 12.prefab using Guid(ed41a6a40091ae14f96a08fbbbda0411) Importer(815301076,1909f56bfc062723c751e8b465ee728b) (PreviewImporter) -> (artifact id: '22e58960aa3922621b35a2dde4907282') in 0.073832 seconds
Number of updated asset objects reloaded before import = 0Number of asset objects unloaded after import = 22

========================================================================
Received Import Request.
  Time since last request: 0.000052 seconds.
  path: Assets/Low Poly Environment Starter Kit/Prefabs/Standard/Rocks/Rock 9.prefab
  artifactKey: Guid(c9645dcf12b956d42b78864a0b2b4cbc) Importer(815301076,1909f56bfc062723c751e8b465ee728b)
Start importing Assets/Low Poly Environment Starter Kit/Prefabs/Standard/Rocks/Rock 9.prefab using Guid(c9645dcf12b956d42b78864a0b2b4cbc) Importer(815301076,1909f56bfc062723c751e8b465ee728b) (PreviewImporter) -> (artifact id: '68dca2c735aabe07162f252e765f042d') in 0.021713291 seconds
Number of updated asset objects reloaded before import = 0Number of asset objects unloaded after import = 18

========================================================================
Received Import Request.
  Time since last request: 0.000056 seconds.
  path: Assets/Low Poly Environment Starter Kit/Prefabs/HDRP/Rocks/Rock Pile 2.prefab
  artifactKey: Guid(07b179de58b5a9e4ab38dbf1ddf81795) Importer(815301076,1909f56bfc062723c751e8b465ee728b)
Start importing Assets/Low Poly Environment Starter Kit/Prefabs/HDRP/Rocks/Rock Pile 2.prefab using Guid(07b179de58b5a9e4ab38dbf1ddf81795) Importer(815301076,1909f56bfc062723c751e8b465ee728b) (PreviewImporter) -> (artifact id: '1dd8b4d3c38492bf8d36296cbd82feee') in 0.056393792 seconds
Number of updated asset objects reloaded before import = 0Number of asset objects unloaded after import = 24

========================================================================
Received Import Request.
  Time since last request: 0.000067 seconds.
  path: Assets/Low Poly Environment Starter Kit/Prefabs/Standard/Terrains/Mountain 2.prefab
  artifactKey: Guid(a008918f2d4272845bdbbae611dabfbc) Importer(815301076,1909f56bfc062723c751e8b465ee728b)
Start importing Assets/Low Poly Environment Starter Kit/Prefabs/Standard/Terrains/Mountain 2.prefab using Guid(a008918f2d4272845bdbbae611dabfbc) Importer(815301076,1909f56bfc062723c751e8b465ee728b) (PreviewImporter) -> (artifact id: '23d57c7fd84a3cb1d768e0e3f40b3346') in 0.032272417 seconds
Number of updated asset objects reloaded before import = 0Number of asset objects unloaded after import = 18

========================================================================
Received Import Request.
  Time since last request: 0.000081 seconds.
  path: Assets/Low Poly Environment Starter Kit/Prefabs/HDRP/Rocks/Rock Pile 3.prefab
  artifactKey: Guid(de0280632bc1bc64cba672966e053e51) Importer(815301076,1909f56bfc062723c751e8b465ee728b)
Start importing Assets/Low Poly Environment Starter Kit/Prefabs/HDRP/Rocks/Rock Pile 3.prefab using Guid(de0280632bc1bc64cba672966e053e51) Importer(815301076,1909f56bfc062723c751e8b465ee728b) (PreviewImporter) -> (artifact id: 'b46ae69f218728a6a63741515ff02170') in 0.039097167 seconds
Number of updated asset objects reloaded before import = 0Number of asset objects unloaded after import = 24

========================================================================
Received Import Request.
  Time since last request: 0.000060 seconds.
  path: Assets/Low Poly Environment Starter Kit/Prefabs/HDRP/Rocks/Rock 4.prefab
  artifactKey: Guid(b1cb3e57280574a4e99330571349cf25) Importer(815301076,1909f56bfc062723c751e8b465ee728b)
Start importing Assets/Low Poly Environment Starter Kit/Prefabs/HDRP/Rocks/Rock 4.prefab using Guid(b1cb3e57280574a4e99330571349cf25) Importer(815301076,1909f56bfc062723c751e8b465ee728b) (PreviewImporter) -> (artifact id: '501df2f52f73aabf5dcf6071a9d091ce') in 0.026225041 seconds
Number of updated asset objects reloaded before import = 0Number of asset objects unloaded after import = 24

========================================================================
Received Import Request.
  Time since last request: 0.000048 seconds.
  path: Assets/Low Poly Environment Starter Kit/Prefabs/HDRP/Rocks/Rock 12.prefab
  artifactKey: Guid(54254cdce3a8e4143b2de7c5c2beca5b) Importer(815301076,1909f56bfc062723c751e8b465ee728b)
Start importing Assets/Low Poly Environment Starter Kit/Prefabs/HDRP/Rocks/Rock 12.prefab using Guid(54254cdce3a8e4143b2de7c5c2beca5b) Importer(815301076,1909f56bfc062723c751e8b465ee728b) (PreviewImporter) -> (artifact id: 'c5c2061675a932306364c156e9d5e6c4') in 0.026901333 seconds
Number of updated asset objects reloaded before import = 0Number of asset objects unloaded after import = 23

========================================================================
Received Import Request.
  Time since last request: 0.000075 seconds.
  path: Assets/Low Poly Environment Starter Kit/Prefabs/Standard/Trees/Tree 6.prefab
  artifactKey: Guid(592e4b3b537c0544394e72880ee78009) Importer(815301076,1909f56bfc062723c751e8b465ee728b)
Start importing Assets/Low Poly Environment Starter Kit/Prefabs/Standard/Trees/Tree 6.prefab using Guid(592e4b3b537c0544394e72880ee78009) Importer(815301076,1909f56bfc062723c751e8b465ee728b) (PreviewImporter) -> (artifact id: 'e6c316926f6b6591f8af913ae8be50e7') in 0.017672375 seconds
Number of updated asset objects reloaded before import = 0Number of asset objects unloaded after import = 31

========================================================================
Received Import Request.
  Time since last request: 0.000055 seconds.
  path: Assets/Low Poly Environment Starter Kit/Prefabs/Standard/Terrains/Mountain 3.prefab
  artifactKey: Guid(6baa815c0a819ba4aa43eeea7a177a2a) Importer(815301076,1909f56bfc062723c751e8b465ee728b)
Start importing Assets/Low Poly Environment Starter Kit/Prefabs/Standard/Terrains/Mountain 3.prefab using Guid(6baa815c0a819ba4aa43eeea7a177a2a) Importer(815301076,1909f56bfc062723c751e8b465ee728b) (PreviewImporter) -> (artifact id: '5da36f54e040246073662d3912d09378') in 0.013661917 seconds
Number of updated asset objects reloaded before import = 0Number of asset objects unloaded after import = 18

========================================================================
Received Import Request.
  Time since last request: 0.000290 seconds.
  path: Assets/Low Poly Environment Starter Kit/Prefabs/URP/Terrains/Mountain 1.prefab
  artifactKey: Guid(3dd7d59de8a84b94d842f97035616245) Importer(815301076,1909f56bfc062723c751e8b465ee728b)
Start importing Assets/Low Poly Environment Starter Kit/Prefabs/URP/Terrains/Mountain 1.prefab using Guid(3dd7d59de8a84b94d842f97035616245) Importer(815301076,1909f56bfc062723c751e8b465ee728b) (PreviewImporter) -> (artifact id: '4268196c964453011242ed7fd946540a') in 0.049989292 seconds
Number of updated asset objects reloaded before import = 0Number of asset objects unloaded after import = 23

========================================================================
Received Import Request.
  Time since last request: 0.000053 seconds.
  path: Assets/Low Poly Environment Starter Kit/Prefabs/HDRP/Rocks/Rock 10.prefab
  artifactKey: Guid(e37afa6393d70ae4babec5feb4bd8f8b) Importer(815301076,1909f56bfc062723c751e8b465ee728b)
Start importing Assets/Low Poly Environment Starter Kit/Prefabs/HDRP/Rocks/Rock 10.prefab using Guid(e37afa6393d70ae4babec5feb4bd8f8b) Importer(815301076,1909f56bfc062723c751e8b465ee728b) (PreviewImporter) -> (artifact id: 'f871c43e89b8dcb48b1831dd25e4725e') in 0.024647292 seconds
Number of updated asset objects reloaded before import = 0Number of asset objects unloaded after import = 24

========================================================================
Received Import Request.
  Time since last request: 0.000057 seconds.
  path: Assets/Low Poly Environment Starter Kit/Prefabs/URP/Rocks/Rock 10.prefab
  artifactKey: Guid(2e0ae76798a79ef4990fbd097827b42e) Importer(815301076,1909f56bfc062723c751e8b465ee728b)
Start importing Assets/Low Poly Environment Starter Kit/Prefabs/URP/Rocks/Rock 10.prefab using Guid(2e0ae76798a79ef4990fbd097827b42e) Importer(815301076,1909f56bfc062723c751e8b465ee728b) (PreviewImporter) -> (artifact id: '27c45066dd668becc17bc34ebd4c8133') in 0.017371709 seconds
Number of updated asset objects reloaded before import = 0Number of asset objects unloaded after import = 23

========================================================================
Received Import Request.
  Time since last request: 0.000100 seconds.
  path: Assets/Low Poly Environment Starter Kit/Prefabs/Standard/Trees/Pine 3.prefab
  artifactKey: Guid(96ba1b93b84bf1747bf34efceee42e5e) Importer(815301076,1909f56bfc062723c751e8b465ee728b)
Start importing Assets/Low Poly Environment Starter Kit/Prefabs/Standard/Trees/Pine 3.prefab using Guid(96ba1b93b84bf1747bf34efceee42e5e) Importer(815301076,1909f56bfc062723c751e8b465ee728b) (PreviewImporter) -> (artifact id: '24199fa13cd3dac28c4b9339f5cb62f1') in 0.080805125 seconds
Number of updated asset objects reloaded before import = 0Number of asset objects unloaded after import = 32

========================================================================
Received Import Request.
  Time since last request: 0.000053 seconds.
  path: Assets/Low Poly Environment Starter Kit/Prefabs/HDRP/Rocks/Rock Arc.prefab
  artifactKey: Guid(ce1f98f5d8cfa0c4eb3d38ecd510e20f) Importer(815301076,1909f56bfc062723c751e8b465ee728b)
Start importing Assets/Low Poly Environment Starter Kit/Prefabs/HDRP/Rocks/Rock Arc.prefab using Guid(ce1f98f5d8cfa0c4eb3d38ecd510e20f) Importer(815301076,1909f56bfc062723c751e8b465ee728b) (PreviewImporter) -> (artifact id: '75970060a42c92a2f15f0f3f9a71d4b5') in 0.030929375 seconds
Number of updated asset objects reloaded before import = 0Number of asset objects unloaded after import = 24

========================================================================
Received Import Request.
  Time since last request: 0.000050 seconds.
  path: Assets/Low Poly Environment Starter Kit/Prefabs/URP/Trees/Pine 6.prefab
  artifactKey: Guid(c86c24016cb6fbc499527b258d406f6d) Importer(815301076,1909f56bfc062723c751e8b465ee728b)
Start importing Assets/Low Poly Environment Starter Kit/Prefabs/URP/Trees/Pine 6.prefab using Guid(c86c24016cb6fbc499527b258d406f6d) Importer(815301076,1909f56bfc062723c751e8b465ee728b) (PreviewImporter) -> (artifact id: 'cdcf9610906e7b09ee25f113a7c2e937') in 0.020613375 seconds
Number of updated asset objects reloaded before import = 0Number of asset objects unloaded after import = 37

========================================================================
Received Import Request.
  Time since last request: 0.000150 seconds.
  path: Assets/Low Poly Environment Starter Kit/Prefabs/HDRP/Other/Grass 3.prefab
  artifactKey: Guid(9b870a7be6d3cc04cb8eaed738eeb14c) Importer(815301076,1909f56bfc062723c751e8b465ee728b)
Start importing Assets/Low Poly Environment Starter Kit/Prefabs/HDRP/Other/Grass 3.prefab using Guid(9b870a7be6d3cc04cb8eaed738eeb14c) Importer(815301076,1909f56bfc062723c751e8b465ee728b) (PreviewImporter) -> (artifact id: '19bf1edbc99a0edf037aa7a68048e559') in 0.042405125 seconds
Number of updated asset objects reloaded before import = 0Number of asset objects unloaded after import = 24

========================================================================
Received Import Request.
  Time since last request: 0.000054 seconds.
  path: Assets/Low Poly Environment Starter Kit/Prefabs/HDRP/Terrains/Canyon.prefab
  artifactKey: Guid(8a93137e6cda79845a780287a073a186) Importer(815301076,1909f56bfc062723c751e8b465ee728b)
Start importing Assets/Low Poly Environment Starter Kit/Prefabs/HDRP/Terrains/Canyon.prefab using Guid(8a93137e6cda79845a780287a073a186) Importer(815301076,1909f56bfc062723c751e8b465ee728b) (PreviewImporter) -> (artifact id: 'a8e594828ce378343733675e39bdce48') in 0.03077525 seconds
Number of updated asset objects reloaded before import = 0Number of asset objects unloaded after import = 24

========================================================================
Received Import Request.
  Time since last request: 0.000228 seconds.
  path: Assets/Low Poly Environment Starter Kit/Source/Meshes/Terrains/Mountain_2.fbx
  artifactKey: Guid(423e9b53e51f7534986979c4c372d422) Importer(815301076,1909f56bfc062723c751e8b465ee728b)
Start importing Assets/Low Poly Environment Starter Kit/Source/Meshes/Terrains/Mountain_2.fbx using Guid(423e9b53e51f7534986979c4c372d422) Importer(815301076,1909f56bfc062723c751e8b465ee728b) (PreviewImporter) -> (artifact id: 'e44c8a3051231bd2e55c7c3a6e9af014') in 0.065821042 seconds
Number of updated asset objects reloaded before import = 0Number of asset objects unloaded after import = 7

========================================================================
Received Import Request.
  Time since last request: 0.000200 seconds.
  path: Assets/Low Poly Environment Starter Kit/Source/Meshes/Rocks/Stone_6.fbx
  artifactKey: Guid(ca5622370405d8e46a11ac7aaab5a386) Importer(815301076,1909f56bfc062723c751e8b465ee728b)
Start importing Assets/Low Poly Environment Starter Kit/Source/Meshes/Rocks/Stone_6.fbx using Guid(ca5622370405d8e46a11ac7aaab5a386) Importer(815301076,1909f56bfc062723c751e8b465ee728b) (PreviewImporter) -> (artifact id: '81f9541c4d946d2739f6803d9a5a6770') in 0.039980959 seconds
Number of updated asset objects reloaded before import = 0Number of asset objects unloaded after import = 8

========================================================================
Received Import Request.
  Time since last request: 0.000051 seconds.
  path: Assets/Low Poly Environment Starter Kit/Prefabs/URP/Rocks/Rock 2.prefab
  artifactKey: Guid(f1171190d8969d445b0d36f4130e0ec4) Importer(815301076,1909f56bfc062723c751e8b465ee728b)
Start importing Assets/Low Poly Environment Starter Kit/Prefabs/URP/Rocks/Rock 2.prefab using Guid(f1171190d8969d445b0d36f4130e0ec4) Importer(815301076,1909f56bfc062723c751e8b465ee728b) (PreviewImporter) -> (artifact id: '48a053799974a0e89bf5f5f5e8d2b1f8') in 0.012968542 seconds
Number of updated asset objects reloaded before import = 0Number of asset objects unloaded after import = 23

========================================================================
Received Import Request.
  Time since last request: 0.000057 seconds.
  path: Assets/Low Poly Environment Starter Kit/Prefabs/HDRP/Rocks/Rock 5.prefab
  artifactKey: Guid(69b4467e5f101614bb3bdeba2d78e579) Importer(815301076,1909f56bfc062723c751e8b465ee728b)
Start importing Assets/Low Poly Environment Starter Kit/Prefabs/HDRP/Rocks/Rock 5.prefab using Guid(69b4467e5f101614bb3bdeba2d78e579) Importer(815301076,1909f56bfc062723c751e8b465ee728b) (PreviewImporter) -> (artifact id: '10f47beeef767cd9422c74525f1f5fdd') in 0.02185625 seconds
Number of updated asset objects reloaded before import = 0Number of asset objects unloaded after import = 24

========================================================================
Received Import Request.
  Time since last request: 0.000085 seconds.
  path: Assets/Low Poly Environment Starter Kit/Prefabs/Standard/Rocks/Rock 1.prefab
  artifactKey: Guid(b446042cb5f9d5b44b3f2c27fcbdad20) Importer(815301076,1909f56bfc062723c751e8b465ee728b)
Start importing Assets/Low Poly Environment Starter Kit/Prefabs/Standard/Rocks/Rock 1.prefab using Guid(b446042cb5f9d5b44b3f2c27fcbdad20) Importer(815301076,1909f56bfc062723c751e8b465ee728b) (PreviewImporter) -> (artifact id: '685f031b5e5ddfee6a2723aa73b5081d') in 0.015397166 seconds
Number of updated asset objects reloaded before import = 0Number of asset objects unloaded after import = 18

========================================================================
Received Import Request.
  Time since last request: 0.000053 seconds.
  path: Assets/Low Poly Environment Starter Kit/Prefabs/HDRP/Rocks/Rock 3.prefab
  artifactKey: Guid(2ce58a54f67f26643a75225c439d9bb8) Importer(815301076,1909f56bfc062723c751e8b465ee728b)
Start importing Assets/Low Poly Environment Starter Kit/Prefabs/HDRP/Rocks/Rock 3.prefab using Guid(2ce58a54f67f26643a75225c439d9bb8) Importer(815301076,1909f56bfc062723c751e8b465ee728b) (PreviewImporter) -> (artifact id: '85171bde0f44ee953bc64381e890bcc3') in 0.021178375 seconds
Number of updated asset objects reloaded before import = 0Number of asset objects unloaded after import = 24

========================================================================
Received Import Request.
  Time since last request: 0.000139 seconds.
  path: Assets/Low Poly Environment Starter Kit/Prefabs/HDRP/Trees/Tree 5.prefab
  artifactKey: Guid(6df065969d7b3454bbe1ed078e8ed558) Importer(815301076,1909f56bfc062723c751e8b465ee728b)
Start importing Assets/Low Poly Environment Starter Kit/Prefabs/HDRP/Trees/Tree 5.prefab using Guid(6df065969d7b3454bbe1ed078e8ed558) Importer(815301076,1909f56bfc062723c751e8b465ee728b) (PreviewImporter) -> (artifact id: '0e6736d0001d717ded8a623141889b37') in 0.0322485 seconds
Number of updated asset objects reloaded before import = 0Number of asset objects unloaded after import = 38

========================================================================
Received Import Request.
  Time since last request: 0.000076 seconds.
  path: Assets/Low Poly Environment Starter Kit/Prefabs/HDRP/Rocks/Rock 1.prefab
  artifactKey: Guid(dce4064665cd37e479e8176db0f3fba9) Importer(815301076,1909f56bfc062723c751e8b465ee728b)
Start importing Assets/Low Poly Environment Starter Kit/Prefabs/HDRP/Rocks/Rock 1.prefab using Guid(dce4064665cd37e479e8176db0f3fba9) Importer(815301076,1909f56bfc062723c751e8b465ee728b) (PreviewImporter) -> (artifact id: '9a99021cd977144b1a35e0bc7183d8b5') in 0.019103375 seconds
Number of updated asset objects reloaded before import = 0Number of asset objects unloaded after import = 24

========================================================================
Received Import Request.
  Time since last request: 0.000056 seconds.
  path: Assets/Low Poly Environment Starter Kit/Source/Meshes/Terrains/Forest.fbx
  artifactKey: Guid(01c0c0adccfa37a48be659a583b9ef1c) Importer(815301076,1909f56bfc062723c751e8b465ee728b)
Start importing Assets/Low Poly Environment Starter Kit/Source/Meshes/Terrains/Forest.fbx using Guid(01c0c0adccfa37a48be659a583b9ef1c) Importer(815301076,1909f56bfc062723c751e8b465ee728b) (PreviewImporter) -> (artifact id: '36c9c2048ff5fa37928b909ac1eb2e18') in 0.055435875 seconds
Number of updated asset objects reloaded before import = 0Number of asset objects unloaded after import = 19

========================================================================
Received Import Request.
  Time since last request: 0.000119 seconds.
  path: Assets/Low Poly Environment Starter Kit/Prefabs/HDRP/Trees/Pine 3.prefab
  artifactKey: Guid(4374d14af8f426242a48e292525a6748) Importer(815301076,1909f56bfc062723c751e8b465ee728b)
Start importing Assets/Low Poly Environment Starter Kit/Prefabs/HDRP/Trees/Pine 3.prefab using Guid(4374d14af8f426242a48e292525a6748) Importer(815301076,1909f56bfc062723c751e8b465ee728b) (PreviewImporter) -> (artifact id: 'aaa8e27a15271dda1b0f5b41c153ad3f') in 0.030181375 seconds
Number of updated asset objects reloaded before import = 0Number of asset objects unloaded after import = 38

========================================================================
Received Import Request.
  Time since last request: 0.000056 seconds.
  path: Assets/Low Poly Environment Starter Kit/Source/Meshes/Rocks/Stone_12.fbx
  artifactKey: Guid(78de95d676c519d42ae191386e4bb2cb) Importer(815301076,1909f56bfc062723c751e8b465ee728b)
Start importing Assets/Low Poly Environment Starter Kit/Source/Meshes/Rocks/Stone_12.fbx using Guid(78de95d676c519d42ae191386e4bb2cb) Importer(815301076,1909f56bfc062723c751e8b465ee728b) (PreviewImporter) -> (artifact id: 'f019929e71a33a441accf97cc3438779') in 0.011419792 seconds
Number of updated asset objects reloaded before import = 0Number of asset objects unloaded after import = 7

========================================================================
Received Import Request.
  Time since last request: 0.000103 seconds.
  path: Assets/Low Poly Environment Starter Kit/Source/Meshes/Rocks/Stone_4.fbx
  artifactKey: Guid(a2f5fd45f924c5e45a4fcaa1978d6680) Importer(815301076,1909f56bfc062723c751e8b465ee728b)
Start importing Assets/Low Poly Environment Starter Kit/Source/Meshes/Rocks/Stone_4.fbx using Guid(a2f5fd45f924c5e45a4fcaa1978d6680) Importer(815301076,1909f56bfc062723c751e8b465ee728b) (PreviewImporter) -> (artifact id: '96aa2fc4f042985167db7dfa063ea31e') in 0.031613125 seconds
Number of updated asset objects reloaded before import = 0Number of asset objects unloaded after import = 8

========================================================================
Received Import Request.
  Time since last request: 0.000063 seconds.
  path: Assets/Low Poly Environment Starter Kit/Prefabs/HDRP/Trees/Tree 6.prefab
  artifactKey: Guid(f75a180ff2e17224386ba193925bab3c) Importer(815301076,1909f56bfc062723c751e8b465ee728b)
Start importing Assets/Low Poly Environment Starter Kit/Prefabs/HDRP/Trees/Tree 6.prefab using Guid(f75a180ff2e17224386ba193925bab3c) Importer(815301076,1909f56bfc062723c751e8b465ee728b) (PreviewImporter) -> (artifact id: 'c0bc7dda211912f33a6c620df2b8f3c9') in 0.015674542 seconds
Number of updated asset objects reloaded before import = 0Number of asset objects unloaded after import = 37

========================================================================
Received Import Request.
  Time since last request: 0.000081 seconds.
  path: Assets/Low Poly Environment Starter Kit/Source/Meshes/Rocks/Stone_8.fbx
  artifactKey: Guid(3cea2c96496b41d458718325d0fa63a1) Importer(815301076,1909f56bfc062723c751e8b465ee728b)
Start importing Assets/Low Poly Environment Starter Kit/Source/Meshes/Rocks/Stone_8.fbx using Guid(3cea2c96496b41d458718325d0fa63a1) Importer(815301076,1909f56bfc062723c751e8b465ee728b) (PreviewImporter) -> (artifact id: 'dba036db7f58a65b5ee51151eb81da35') in 0.017087333 seconds
Number of updated asset objects reloaded before import = 0Number of asset objects unloaded after import = 8

========================================================================
Received Import Request.
  Time since last request: 0.000092 seconds.
  path: Assets/Low Poly Environment Starter Kit/Prefabs/URP/Terrains/Mountain 2.prefab
  artifactKey: Guid(8528a0df0a1c66c4cbba840cdf73c3c8) Importer(815301076,1909f56bfc062723c751e8b465ee728b)
Start importing Assets/Low Poly Environment Starter Kit/Prefabs/URP/Terrains/Mountain 2.prefab using Guid(8528a0df0a1c66c4cbba840cdf73c3c8) Importer(815301076,1909f56bfc062723c751e8b465ee728b) (PreviewImporter) -> (artifact id: 'd89a1ba931cc1ac4d926e43c434b123a') in 0.013816458 seconds
Number of updated asset objects reloaded before import = 0Number of asset objects unloaded after import = 23

========================================================================
Received Import Request.
  Time since last request: 0.000057 seconds.
  path: Assets/Low Poly Environment Starter Kit/Prefabs/HDRP/Terrains/Mountain 3.prefab
  artifactKey: Guid(c4b312cc1794e9446a754737f9dc6e34) Importer(815301076,1909f56bfc062723c751e8b465ee728b)
Start importing Assets/Low Poly Environment Starter Kit/Prefabs/HDRP/Terrains/Mountain 3.prefab using Guid(c4b312cc1794e9446a754737f9dc6e34) Importer(815301076,1909f56bfc062723c751e8b465ee728b) (PreviewImporter) -> (artifact id: '61c31ba3922aca4ecff89e1ca04000f1') in 0.263104375 seconds
Number of updated asset objects reloaded before import = 0Number of asset objects unloaded after import = 26

========================================================================
Received Import Request.
  Time since last request: 0.000104 seconds.
  path: Assets/Low Poly Environment Starter Kit/Prefabs/HDRP/Other/Grass 1.prefab
  artifactKey: Guid(2068d4ef7b08af74faff803a5c62092e) Importer(815301076,1909f56bfc062723c751e8b465ee728b)
Start importing Assets/Low Poly Environment Starter Kit/Prefabs/HDRP/Other/Grass 1.prefab using Guid(2068d4ef7b08af74faff803a5c62092e) Importer(815301076,1909f56bfc062723c751e8b465ee728b) (PreviewImporter) -> (artifact id: '730c20f9219e4844f4ce73a48822f56f') in 0.038965084 seconds
Number of updated asset objects reloaded before import = 0Number of asset objects unloaded after import = 24

========================================================================
Received Import Request.
  Time since last request: 0.000091 seconds.
  path: Assets/TerrainSampleAssets/Prefabs/Plant_B.prefab
  artifactKey: Guid(0a701dc0b49cb264c88918e012866821) Importer(815301076,1909f56bfc062723c751e8b465ee728b)
Start importing Assets/TerrainSampleAssets/Prefabs/Plant_B.prefab using Guid(0a701dc0b49cb264c88918e012866821) Importer(815301076,1909f56bfc062723c751e8b465ee728b) (PreviewImporter) -> (artifact id: '0b24ed3cbd4e24b871a078856db37c02') in 0.081167417 seconds
Number of updated asset objects reloaded before import = 0Number of asset objects unloaded after import = 23

========================================================================
Received Import Request.
  Time since last request: 0.000055 seconds.
  path: Assets/Low Poly Environment Starter Kit/Source/Meshes/Rocks/Stone_5.fbx
  artifactKey: Guid(d85490c866700574dbc5dd6095d6af8e) Importer(815301076,1909f56bfc062723c751e8b465ee728b)
Start importing Assets/Low Poly Environment Starter Kit/Source/Meshes/Rocks/Stone_5.fbx using Guid(d85490c866700574dbc5dd6095d6af8e) Importer(815301076,1909f56bfc062723c751e8b465ee728b) (PreviewImporter) -> (artifact id: 'a2a6657b49cd4f17a445c9001f1e8bdf') in 0.024386708 seconds
Number of updated asset objects reloaded before import = 0Number of asset objects unloaded after import = 8

========================================================================
Received Import Request.
  Time since last request: 0.000058 seconds.
  path: Assets/Low Poly Environment Starter Kit/Prefabs/HDRP/Other/Bush 3.prefab
  artifactKey: Guid(8eb7d4f1581c3184f97c928980c8e9bf) Importer(815301076,1909f56bfc062723c751e8b465ee728b)
Start importing Assets/Low Poly Environment Starter Kit/Prefabs/HDRP/Other/Bush 3.prefab using Guid(8eb7d4f1581c3184f97c928980c8e9bf) Importer(815301076,1909f56bfc062723c751e8b465ee728b) (PreviewImporter) -> (artifact id: '6f874e7a4109629e067cca8b12e0f0b4') in 0.015354792 seconds
Number of updated asset objects reloaded before import = 0Number of asset objects unloaded after import = 23

========================================================================
Received Import Request.
  Time since last request: 0.000080 seconds.
  path: Assets/Low Poly Environment Starter Kit/Prefabs/Standard/Trees/Pine 2.prefab
  artifactKey: Guid(8f9ba795b7b2cc447a11bc8f5d525f38) Importer(815301076,1909f56bfc062723c751e8b465ee728b)
Start importing Assets/Low Poly Environment Starter Kit/Prefabs/Standard/Trees/Pine 2.prefab using Guid(8f9ba795b7b2cc447a11bc8f5d525f38) Importer(815301076,1909f56bfc062723c751e8b465ee728b) (PreviewImporter) -> (artifact id: 'a3470a0c743b8c804b1d7935b98c419a') in 0.016676708 seconds
Number of updated asset objects reloaded before import = 0Number of asset objects unloaded after import = 32

========================================================================
Received Import Request.
  Time since last request: 0.000091 seconds.
  path: Assets/Low Poly Environment Starter Kit/Prefabs/Standard/Rocks/Rock 3.prefab
  artifactKey: Guid(91282258dc9de664abe80049a519ddea) Importer(815301076,1909f56bfc062723c751e8b465ee728b)
Start importing Assets/Low Poly Environment Starter Kit/Prefabs/Standard/Rocks/Rock 3.prefab using Guid(91282258dc9de664abe80049a519ddea) Importer(815301076,1909f56bfc062723c751e8b465ee728b) (PreviewImporter) -> (artifact id: 'f83006ba93f9e1ad04e15d6af84c3d06') in 0.009906708 seconds
Number of updated asset objects reloaded before import = 0Number of asset objects unloaded after import = 18

========================================================================
Received Import Request.
  Time since last request: 0.000060 seconds.
  path: Assets/Low Poly Environment Starter Kit/Prefabs/URP/Rocks/Rock 1.prefab
  artifactKey: Guid(393271bfdf2255c439d98faf76cf13e0) Importer(815301076,1909f56bfc062723c751e8b465ee728b)
Start importing Assets/Low Poly Environment Starter Kit/Prefabs/URP/Rocks/Rock 1.prefab using Guid(393271bfdf2255c439d98faf76cf13e0) Importer(815301076,1909f56bfc062723c751e8b465ee728b) (PreviewImporter) -> (artifact id: 'ad19bd8ada5ac8dbae15c1f4d05861c4') in 0.017882792 seconds
Number of updated asset objects reloaded before import = 0Number of asset objects unloaded after import = 23

========================================================================
Received Import Request.
  Time since last request: 0.000066 seconds.
  path: Assets/Low Poly Environment Starter Kit/Source/Meshes/Rocks/Stone_1.fbx
  artifactKey: Guid(6699c158e91959d4db9c9fc2b00315f3) Importer(815301076,1909f56bfc062723c751e8b465ee728b)
Start importing Assets/Low Poly Environment Starter Kit/Source/Meshes/Rocks/Stone_1.fbx using Guid(6699c158e91959d4db9c9fc2b00315f3) Importer(815301076,1909f56bfc062723c751e8b465ee728b) (PreviewImporter) -> (artifact id: 'b77a681b287e4323ad077eb3880c4ecb') in 0.020346875 seconds
Number of updated asset objects reloaded before import = 0Number of asset objects unloaded after import = 8

========================================================================
Received Import Request.
  Time since last request: 0.000077 seconds.
  path: Assets/Low Poly Environment Starter Kit/Prefabs/HDRP/Trees/Pine 4.prefab
  artifactKey: Guid(2778434730a50a040aa114d10be2f262) Importer(815301076,1909f56bfc062723c751e8b465ee728b)
Start importing Assets/Low Poly Environment Starter Kit/Prefabs/HDRP/Trees/Pine 4.prefab using Guid(2778434730a50a040aa114d10be2f262) Importer(815301076,1909f56bfc062723c751e8b465ee728b) (PreviewImporter) -> (artifact id: '6d050d2994ae0d4be28ed2c2c0af5d00') in 0.021506083 seconds
Number of updated asset objects reloaded before import = 0Number of asset objects unloaded after import = 38

========================================================================
Received Import Request.
  Time since last request: 0.000049 seconds.
  path: Assets/Low Poly Environment Starter Kit/Source/Meshes/Rocks/Stone_7.fbx
  artifactKey: Guid(f7f18dab1b893b34195121f0e7421bee) Importer(815301076,1909f56bfc062723c751e8b465ee728b)
Start importing Assets/Low Poly Environment Starter Kit/Source/Meshes/Rocks/Stone_7.fbx using Guid(f7f18dab1b893b34195121f0e7421bee) Importer(815301076,1909f56bfc062723c751e8b465ee728b) (PreviewImporter) -> (artifact id: '9f05569157d51feb4e919e554b0cbaed') in 0.016827 seconds
Number of updated asset objects reloaded before import = 0Number of asset objects unloaded after import = 8

========================================================================
Received Import Request.
  Time since last request: 0.000083 seconds.
  path: Assets/Low Poly Environment Starter Kit/Prefabs/Standard/Trees/Pine 6.prefab
  artifactKey: Guid(608f21762d44d604b8739667e82b7813) Importer(815301076,1909f56bfc062723c751e8b465ee728b)
Start importing Assets/Low Poly Environment Starter Kit/Prefabs/Standard/Trees/Pine 6.prefab using Guid(608f21762d44d604b8739667e82b7813) Importer(815301076,1909f56bfc062723c751e8b465ee728b) (PreviewImporter) -> (artifact id: '440c2ecd87e9468fa227c8e0c5f0dde1') in 0.0173755 seconds
Number of updated asset objects reloaded before import = 0Number of asset objects unloaded after import = 32

========================================================================
Received Import Request.
  Time since last request: 0.000050 seconds.
  path: Assets/Low Poly Environment Starter Kit/Prefabs/URP/Rocks/Rock 3.prefab
  artifactKey: Guid(4e9dc74c4334b9a458f53f995ccb9772) Importer(815301076,1909f56bfc062723c751e8b465ee728b)
Start importing Assets/Low Poly Environment Starter Kit/Prefabs/URP/Rocks/Rock 3.prefab using Guid(4e9dc74c4334b9a458f53f995ccb9772) Importer(815301076,1909f56bfc062723c751e8b465ee728b) (PreviewImporter) -> (artifact id: '64847761b48d3008cafa4de8752d1953') in 0.012857208 seconds
Number of updated asset objects reloaded before import = 0Number of asset objects unloaded after import = 23

========================================================================
Received Import Request.
  Time since last request: 0.000068 seconds.
  path: Assets/Low Poly Environment Starter Kit/Prefabs/URP/Terrains/Canyon.prefab
  artifactKey: Guid(95ff6f57e8fb08e4c9c38b8580fe83c1) Importer(815301076,1909f56bfc062723c751e8b465ee728b)
Start importing Assets/Low Poly Environment Starter Kit/Prefabs/URP/Terrains/Canyon.prefab using Guid(95ff6f57e8fb08e4c9c38b8580fe83c1) Importer(815301076,1909f56bfc062723c751e8b465ee728b) (PreviewImporter) -> (artifact id: '1cd9badecae1b84c8eee14ad45294734') in 0.017346833 seconds
Number of updated asset objects reloaded before import = 0Number of asset objects unloaded after import = 23

========================================================================
Received Import Request.
  Time since last request: 0.000076 seconds.
  path: Assets/Low Poly Environment Starter Kit/Prefabs/URP/Trees/Tree 1.prefab
  artifactKey: Guid(349b27658057d8b4abd803139815d0d7) Importer(815301076,1909f56bfc062723c751e8b465ee728b)
Start importing Assets/Low Poly Environment Starter Kit/Prefabs/URP/Trees/Tree 1.prefab using Guid(349b27658057d8b4abd803139815d0d7) Importer(815301076,1909f56bfc062723c751e8b465ee728b) (PreviewImporter) -> (artifact id: 'e7e372b4cda6868720df290ff0e949ab') in 0.013948667 seconds
Number of updated asset objects reloaded before import = 0Number of asset objects unloaded after import = 38

========================================================================
Received Import Request.
  Time since last request: 0.000053 seconds.
  path: Assets/Low Poly Environment Starter Kit/Prefabs/URP/Trees/Tree 3.prefab
  artifactKey: Guid(9fe8f4ee2f072ef48b225626a9556d6b) Importer(815301076,1909f56bfc062723c751e8b465ee728b)
Start importing Assets/Low Poly Environment Starter Kit/Prefabs/URP/Trees/Tree 3.prefab using Guid(9fe8f4ee2f072ef48b225626a9556d6b) Importer(815301076,1909f56bfc062723c751e8b465ee728b) (PreviewImporter) -> (artifact id: '2dcf761a9e7632f615721e2f44cd2651') in 0.014238167 seconds
Number of updated asset objects reloaded before import = 0Number of asset objects unloaded after import = 37

========================================================================
Received Import Request.
  Time since last request: 0.000061 seconds.
  path: Assets/Low Poly Environment Starter Kit/Prefabs/URP/Trees/Tree 4.prefab
  artifactKey: Guid(a46bac8e41ea01e418395a141f68a4cb) Importer(815301076,1909f56bfc062723c751e8b465ee728b)
Start importing Assets/Low Poly Environment Starter Kit/Prefabs/URP/Trees/Tree 4.prefab using Guid(a46bac8e41ea01e418395a141f68a4cb) Importer(815301076,1909f56bfc062723c751e8b465ee728b) (PreviewImporter) -> (artifact id: '17d34ac2c08fc2dca77937ae9c7d6c43') in 0.011874875 seconds
Number of updated asset objects reloaded before import = 0Number of asset objects unloaded after import = 37

========================================================================
Received Import Request.
  Time since last request: 0.000123 seconds.
  path: Assets/Low Poly Environment Starter Kit/Prefabs/Standard/Rocks/Rock 11.prefab
  artifactKey: Guid(95243de08a950c64d9638230601e7e15) Importer(815301076,1909f56bfc062723c751e8b465ee728b)
Start importing Assets/Low Poly Environment Starter Kit/Prefabs/Standard/Rocks/Rock 11.prefab using Guid(95243de08a950c64d9638230601e7e15) Importer(815301076,1909f56bfc062723c751e8b465ee728b) (PreviewImporter) -> (artifact id: '6d4e0495504ca7dcf632a6ec51a42a71') in 0.009329083 seconds
Number of updated asset objects reloaded before import = 0Number of asset objects unloaded after import = 18

========================================================================
Received Import Request.
  Time since last request: 0.000055 seconds.
  path: Assets/Low Poly Environment Starter Kit/Source/Meshes/Trees/Pine1.fbx
  artifactKey: Guid(4614e13eaea23d34fb8178446e655e9e) Importer(815301076,1909f56bfc062723c751e8b465ee728b)
Start importing Assets/Low Poly Environment Starter Kit/Source/Meshes/Trees/Pine1.fbx using Guid(4614e13eaea23d34fb8178446e655e9e) Importer(815301076,1909f56bfc062723c751e8b465ee728b) (PreviewImporter) -> (artifact id: '348675524c4452b857ee7dfd34f75b4b') in 0.027989833 seconds
Number of updated asset objects reloaded before import = 0Number of asset objects unloaded after import = 14

========================================================================
Received Import Request.
  Time since last request: 0.000100 seconds.
  path: Assets/Low Poly Environment Starter Kit/Prefabs/URP/Rocks/Rock Arc.prefab
  artifactKey: Guid(4e9b719611de2f44cb2b84b292279421) Importer(815301076,1909f56bfc062723c751e8b465ee728b)
Start importing Assets/Low Poly Environment Starter Kit/Prefabs/URP/Rocks/Rock Arc.prefab using Guid(4e9b719611de2f44cb2b84b292279421) Importer(815301076,1909f56bfc062723c751e8b465ee728b) (PreviewImporter) -> (artifact id: 'dc883cc1e8c9f36493ad21ceff7a8bfe') in 0.011085958 seconds
Number of updated asset objects reloaded before import = 0Number of asset objects unloaded after import = 23

========================================================================
Received Import Request.
  Time since last request: 0.000044 seconds.
  path: Assets/Low Poly Environment Starter Kit/Source/Meshes/Trees/Pine2.fbx
  artifactKey: Guid(c34f8c18b3b661d4590498d4263977dd) Importer(815301076,1909f56bfc062723c751e8b465ee728b)
Start importing Assets/Low Poly Environment Starter Kit/Source/Meshes/Trees/Pine2.fbx using Guid(c34f8c18b3b661d4590498d4263977dd) Importer(815301076,1909f56bfc062723c751e8b465ee728b) (PreviewImporter) -> (artifact id: '8f8e14e050aced6505eaef1f9b8cdf02') in 0.027015541 seconds
Number of updated asset objects reloaded before import = 0Number of asset objects unloaded after import = 14

========================================================================
Received Import Request.
  Time since last request: 0.000051 seconds.
  path: Assets/Low Poly Environment Starter Kit/Prefabs/URP/Other/Grass 2.prefab
  artifactKey: Guid(6a90fc4f23741bf47b02318b3a4a7aa6) Importer(815301076,1909f56bfc062723c751e8b465ee728b)
Start importing Assets/Low Poly Environment Starter Kit/Prefabs/URP/Other/Grass 2.prefab using Guid(6a90fc4f23741bf47b02318b3a4a7aa6) Importer(815301076,1909f56bfc062723c751e8b465ee728b) (PreviewImporter) -> (artifact id: '378554c984b25e185514c0326d75be42') in 0.01478175 seconds
Number of updated asset objects reloaded before import = 0Number of asset objects unloaded after import = 23

========================================================================
Received Import Request.
  Time since last request: 0.000054 seconds.
  path: Assets/Low Poly Environment Starter Kit/Prefabs/Standard/Trees/Tree 5.prefab
  artifactKey: Guid(7a91bca74e8b8574dbb2ef5d02bd82c3) Importer(815301076,1909f56bfc062723c751e8b465ee728b)
Start importing Assets/Low Poly Environment Starter Kit/Prefabs/Standard/Trees/Tree 5.prefab using Guid(7a91bca74e8b8574dbb2ef5d02bd82c3) Importer(815301076,1909f56bfc062723c751e8b465ee728b) (PreviewImporter) -> (artifact id: 'e1db0184728ea3eab9abc3997b65a947') in 0.00976325 seconds
Number of updated asset objects reloaded before import = 0Number of asset objects unloaded after import = 31

========================================================================
Received Import Request.
  Time since last request: 0.000050 seconds.
  path: Assets/Low Poly Environment Starter Kit/Prefabs/HDRP/Other/Bush 2.prefab
  artifactKey: Guid(fd8a51080c70a05469745b0c1695218f) Importer(815301076,1909f56bfc062723c751e8b465ee728b)
Start importing Assets/Low Poly Environment Starter Kit/Prefabs/HDRP/Other/Bush 2.prefab using Guid(fd8a51080c70a05469745b0c1695218f) Importer(815301076,1909f56bfc062723c751e8b465ee728b) (PreviewImporter) -> (artifact id: '3e3e48200263845a95e0b6f538d4de77') in 0.016243083 seconds
Number of updated asset objects reloaded before import = 0Number of asset objects unloaded after import = 23

========================================================================
Received Import Request.
  Time since last request: 0.000057 seconds.
  path: Assets/Low Poly Environment Starter Kit/Prefabs/Standard/Rocks/Rock Arc.prefab
  artifactKey: Guid(d0874652e7282494290c9333639e8283) Importer(815301076,1909f56bfc062723c751e8b465ee728b)
Start importing Assets/Low Poly Environment Starter Kit/Prefabs/Standard/Rocks/Rock Arc.prefab using Guid(d0874652e7282494290c9333639e8283) Importer(815301076,1909f56bfc062723c751e8b465ee728b) (PreviewImporter) -> (artifact id: '13a737fd9e99babc1eec71943713d443') in 0.0138935 seconds
Number of updated asset objects reloaded before import = 0Number of asset objects unloaded after import = 18

========================================================================
Received Import Request.
  Time since last request: 0.000074 seconds.
  path: Assets/Low Poly Environment Starter Kit/Prefabs/HDRP/Trees/Tree 2.prefab
  artifactKey: Guid(1ad3ff8f2d5a96a4fa50abe3ebf7a015) Importer(815301076,1909f56bfc062723c751e8b465ee728b)
Start importing Assets/Low Poly Environment Starter Kit/Prefabs/HDRP/Trees/Tree 2.prefab using Guid(1ad3ff8f2d5a96a4fa50abe3ebf7a015) Importer(815301076,1909f56bfc062723c751e8b465ee728b) (PreviewImporter) -> (artifact id: 'ed2496fcfa4fc8b78d985a78b036acab') in 0.030906834 seconds
Number of updated asset objects reloaded before import = 0Number of asset objects unloaded after import = 38

========================================================================
Received Import Request.
  Time since last request: 0.000060 seconds.
  path: Assets/Low Poly Environment Starter Kit/Prefabs/Standard/Terrains/Forest.prefab
  artifactKey: Guid(006ebb435a2f4d940b4f350185a1547c) Importer(815301076,1909f56bfc062723c751e8b465ee728b)
Start importing Assets/Low Poly Environment Starter Kit/Prefabs/Standard/Terrains/Forest.prefab using Guid(006ebb435a2f4d940b4f350185a1547c) Importer(815301076,1909f56bfc062723c751e8b465ee728b) (PreviewImporter) -> (artifact id: 'f9744f75316eecf654a5ae233d407ab1') in 0.059355375 seconds
Number of updated asset objects reloaded before import = 0Number of asset objects unloaded after import = 45

========================================================================
Received Import Request.
  Time since last request: 0.000162 seconds.
  path: Assets/Low Poly Environment Starter Kit/Prefabs/Standard/Rocks/Rock Pile 1.prefab
  artifactKey: Guid(c03f07a84af9a4a40b8b9f9aa25a070a) Importer(815301076,1909f56bfc062723c751e8b465ee728b)
Start importing Assets/Low Poly Environment Starter Kit/Prefabs/Standard/Rocks/Rock Pile 1.prefab using Guid(c03f07a84af9a4a40b8b9f9aa25a070a) Importer(815301076,1909f56bfc062723c751e8b465ee728b) (PreviewImporter) -> (artifact id: '5c54669a9925d908fe189f73b0f0cc48') in 0.021341584 seconds
Number of updated asset objects reloaded before import = 0Number of asset objects unloaded after import = 18

========================================================================
Received Import Request.
  Time since last request: 0.000056 seconds.
  path: Assets/TerrainSampleAssets/Prefabs/Plant_D.prefab
  artifactKey: Guid(8569bec78272c564ab74ca5b8a4762f1) Importer(815301076,1909f56bfc062723c751e8b465ee728b)
Start importing Assets/TerrainSampleAssets/Prefabs/Plant_D.prefab using Guid(8569bec78272c564ab74ca5b8a4762f1) Importer(815301076,1909f56bfc062723c751e8b465ee728b) (PreviewImporter) -> (artifact id: '4eb33dad1c9e4abacac7f3edb0badd9a') in 0.030338042 seconds
Number of updated asset objects reloaded before import = 0Number of asset objects unloaded after import = 23

========================================================================
Received Import Request.
  Time since last request: 0.000050 seconds.
  path: Assets/Low Poly Environment Starter Kit/Prefabs/URP/Other/Bush 2.prefab
  artifactKey: Guid(de3083097e7467e428a2dc805624b4b0) Importer(815301076,1909f56bfc062723c751e8b465ee728b)
Start importing Assets/Low Poly Environment Starter Kit/Prefabs/URP/Other/Bush 2.prefab using Guid(de3083097e7467e428a2dc805624b4b0) Importer(815301076,1909f56bfc062723c751e8b465ee728b) (PreviewImporter) -> (artifact id: 'e9bb2064c5f100bd7fedf7bf39edf7e7') in 0.014243667 seconds
Number of updated asset objects reloaded before import = 0Number of asset objects unloaded after import = 22

========================================================================
Received Import Request.
  Time since last request: 0.000065 seconds.
  path: Assets/Low Poly Environment Starter Kit/Source/Meshes/Other/Grass_1.fbx
  artifactKey: Guid(c94f21dd6e4a6ee499bc51f46c915e14) Importer(815301076,1909f56bfc062723c751e8b465ee728b)
Start importing Assets/Low Poly Environment Starter Kit/Source/Meshes/Other/Grass_1.fbx using Guid(c94f21dd6e4a6ee499bc51f46c915e14) Importer(815301076,1909f56bfc062723c751e8b465ee728b) (PreviewImporter) -> (artifact id: '26f4c2d39e05ebf5c8c011490abd7358') in 0.014006417 seconds
Number of updated asset objects reloaded before import = 0Number of asset objects unloaded after import = 7

========================================================================
Received Import Request.
  Time since last request: 0.000061 seconds.
  path: Assets/Low Poly Environment Starter Kit/Prefabs/HDRP/Trees/Pine 5.prefab
  artifactKey: Guid(652d39f7ed74a3d44b1f56af45accade) Importer(815301076,1909f56bfc062723c751e8b465ee728b)
Start importing Assets/Low Poly Environment Starter Kit/Prefabs/HDRP/Trees/Pine 5.prefab using Guid(652d39f7ed74a3d44b1f56af45accade) Importer(815301076,1909f56bfc062723c751e8b465ee728b) (PreviewImporter) -> (artifact id: 'cf6539f4feadc6bdf5541e0f2725e503') in 0.016295375 seconds
Number of updated asset objects reloaded before import = 0Number of asset objects unloaded after import = 38

========================================================================
Received Import Request.
  Time since last request: 0.000082 seconds.
  path: Assets/Low Poly Environment Starter Kit/Source/Meshes/Rocks/Stone_9.fbx
  artifactKey: Guid(35761d18a3ba90e4384f589be9d6f693) Importer(815301076,1909f56bfc062723c751e8b465ee728b)
Start importing Assets/Low Poly Environment Starter Kit/Source/Meshes/Rocks/Stone_9.fbx using Guid(35761d18a3ba90e4384f589be9d6f693) Importer(815301076,1909f56bfc062723c751e8b465ee728b) (PreviewImporter) -> (artifact id: '73116ea8780f75e3bac4fc0d504cc5f6') in 0.022092 seconds
Number of updated asset objects reloaded before import = 0Number of asset objects unloaded after import = 8

========================================================================
Received Import Request.
  Time since last request: 0.000047 seconds.
  path: Assets/Low Poly Environment Starter Kit/Prefabs/HDRP/Trees/Tree 7.prefab
  artifactKey: Guid(3c60d69028afa424095d52a8b697c97e) Importer(815301076,1909f56bfc062723c751e8b465ee728b)
Start importing Assets/Low Poly Environment Starter Kit/Prefabs/HDRP/Trees/Tree 7.prefab using Guid(3c60d69028afa424095d52a8b697c97e) Importer(815301076,1909f56bfc062723c751e8b465ee728b) (PreviewImporter) -> (artifact id: 'f5e3f563e6fd53fc714521e447d5df74') in 0.016152583 seconds
Number of updated asset objects reloaded before import = 0Number of asset objects unloaded after import = 37

========================================================================
Received Import Request.
  Time since last request: 0.000076 seconds.
  path: Assets/Low Poly Environment Starter Kit/Prefabs/HDRP/Rocks/Rock Pile 1.prefab
  artifactKey: Guid(4bac1fb2510336345b46d088ec78919f) Importer(815301076,1909f56bfc062723c751e8b465ee728b)
Start importing Assets/Low Poly Environment Starter Kit/Prefabs/HDRP/Rocks/Rock Pile 1.prefab using Guid(4bac1fb2510336345b46d088ec78919f) Importer(815301076,1909f56bfc062723c751e8b465ee728b) (PreviewImporter) -> (artifact id: '022a9affceb426d36d6aae235831cd69') in 0.027856417 seconds
Number of updated asset objects reloaded before import = 0Number of asset objects unloaded after import = 24

========================================================================
Received Import Request.
  Time since last request: 0.000076 seconds.
  path: Assets/Low Poly Environment Starter Kit/Prefabs/URP/Terrains/Lake.prefab
  artifactKey: Guid(74b914677bbfa914daea0970c81540a5) Importer(815301076,1909f56bfc062723c751e8b465ee728b)
Start importing Assets/Low Poly Environment Starter Kit/Prefabs/URP/Terrains/Lake.prefab using Guid(74b914677bbfa914daea0970c81540a5) Importer(815301076,1909f56bfc062723c751e8b465ee728b) (PreviewImporter) -> (artifact id: '3b6f8dfe17942166437c69f819d72c01') in 5.841565125 seconds
Number of updated asset objects reloaded before import = 0Number of asset objects unloaded after import = 80

========================================================================
Received Import Request.
  Time since last request: 175.739188 seconds.
  path: Assets/HDRPDefaultResources/DefaultLookDevProfile.asset
  artifactKey: Guid(a93f05d220b8043e4bd6e19c90fade49) Importer(815301076,1909f56bfc062723c751e8b465ee728b)
Start importing Assets/HDRPDefaultResources/DefaultLookDevProfile.asset using Guid(a93f05d220b8043e4bd6e19c90fade49) Importer(815301076,1909f56bfc062723c751e8b465ee728b) (PreviewImporter) -> (artifact id: 'd5552964430f6a0b91466bdcaf5ad66f') in 0.042710833 seconds
Number of updated asset objects reloaded before import = 0Number of asset objects unloaded after import = 5

========================================================================
Received Import Request.
  Time since last request: 0.000205 seconds.
  path: Assets/HDRPDefaultResources/HDRenderPipelineGlobalSettings.asset
  artifactKey: Guid(ffe9dc648ff0b4899922d6a477203e7f) Importer(815301076,1909f56bfc062723c751e8b465ee728b)
Start importing Assets/HDRPDefaultResources/HDRenderPipelineGlobalSettings.asset using Guid(ffe9dc648ff0b4899922d6a477203e7f) Importer(815301076,1909f56bfc062723c751e8b465ee728b) (PreviewImporter) -> (artifact id: '2232747291d4d4b29c57c7f2dd824c0e') in 1.264941 seconds
Number of updated asset objects reloaded before import = 0Number of asset objects unloaded after import = 409

========================================================================
Received Import Request.
  Time since last request: 14.387957 seconds.
  path: Assets/TerrainSampleAssets
  artifactKey: Guid(67acdf2902ea84f20ba6bf562240f291) Importer(815301076,1909f56bfc062723c751e8b465ee728b)
Start importing Assets/TerrainSampleAssets using Guid(67acdf2902ea84f20ba6bf562240f291) Importer(815301076,1909f56bfc062723c751e8b465ee728b) (PreviewImporter) -> (artifact id: 'd3e9298378568ebfb0f8d9b3a52a2d6d') in 0.030497167 seconds
Number of updated asset objects reloaded before import = 0Number of asset objects unloaded after import = 0

========================================================================
Received Import Request.
  Time since last request: 4.258801 seconds.
  path: Assets/Low Poly Environment Starter Kit
  artifactKey: Guid(cca1033f8a77841e8960d819079a5d2d) Importer(815301076,1909f56bfc062723c751e8b465ee728b)
Start importing Assets/Low Poly Environment Starter Kit using Guid(cca1033f8a77841e8960d819079a5d2d) Importer(815301076,1909f56bfc062723c751e8b465ee728b) (PreviewImporter) -> (artifact id: 'bb0cb4e1fed9d9e52fafd28061c534c3') in 0.002511666 seconds
Number of updated asset objects reloaded before import = 0Number of asset objects unloaded after import = 0

========================================================================
Received Import Request.
  Time since last request: 456.665942 seconds.
  path: Assets/New Terrain.asset
  artifactKey: Guid(da7bcb6a808be3740963ba42608e7072) Importer(815301076,1909f56bfc062723c751e8b465ee728b)
Start importing Assets/New Terrain.asset using Guid(da7bcb6a808be3740963ba42608e7072) Importer(815301076,1909f56bfc062723c751e8b465ee728b) (PreviewImporter)The tree XR Device Simulator UI couldn't be instanced because the prefab contains no valid mesh renderer.
Tree prefab at index 1 is missing.
 -> (artifact id: 'f2ad6797062eb8db4afd428619035cb5') in 0.52741575 seconds
Number of updated asset objects reloaded before import = 0Number of asset objects unloaded after import = 765

========================================================================
Received Prepare
Begin MonoManager ReloadAssembly
Thread 0x16beb7000 may have been prematurely finalized
- Loaded All Assemblies, in  3.099 seconds
'Packages/com.unity.render-pipelines.high-definition/Editor/Wizard/HDWizard.UIElement.cs' contains partial class of Unity.Object, exactly 1 of the partial classes needs to be in a file with the same filename. This is to know the one that can be referenced from ie. GameObjects
'Packages/com.unity.render-pipelines.high-definition/Editor/Wizard/HDWizard.Configuration.cs' contains partial class of Unity.Object, exactly 1 of the partial classes needs to be in a file with the same filename. This is to know the one that can be referenced from ie. GameObjects
'Packages/com.unity.render-pipelines.high-definition/Editor/Wizard/HDWizard.Window.cs' contains partial class of Unity.Object, exactly 1 of the partial classes needs to be in a file with the same filename. This is to know the one that can be referenced from ie. GameObjects
Refreshing native plugins compatible for Editor in 4.22 ms, found 11 plugins.
Native extension for iOS target not found
Native extension for Android target not found
Native extension for OSXStandalone target not found
[Package Manager] Failed to launch server process. Reason: Unity was launched with the -noUpm command-line argument
[Package Manager] Unable to send message (not connected to server process).
[Package Manager] Cannot connect to Unity Package Manager local server
[MODES] ModeService[none].Initialize
[MODES] ModeService[none].LoadModes
Mono: successfully reloaded assembly
[Package Manager] Failed to launch server process. Reason: Unity was launched with the -noUpm command-line argument
[Package Manager] Unable to send message (not connected to server process).
[Package Manager] Cannot connect to Unity Package Manager local server
- Finished resetting the current domain, in  1.114 seconds
Domain Reload Profiling: 4226ms
	BeginReloadAssembly (1458ms)
		ExecutionOrderSort (5ms)
		DisableScriptedObjects (182ms)
		BackupInstance (0ms)
		ReleaseScriptingObjects (5ms)
		CreateAndSetChildDomain (318ms)
	RebuildCommonClasses (54ms)
	RebuildNativeTypeToScriptingClass (14ms)
	initialDomainReloadingComplete (74ms)
	LoadAllAssembliesAndSetupDomain (1512ms)
		LoadAssemblies (1660ms)
		RebuildTransferFunctionScriptingTraits (0ms)
		AnalyzeDomain (439ms)
			TypeCache.Refresh (90ms)
				TypeCache.ScanAssembly (1ms)
			BuildScriptInfoCaches (316ms)
			ResolveRequiredComponents (12ms)
	FinalizeReload (1114ms)
		ReleaseScriptCaches (0ms)
		RebuildScriptCaches (0ms)
		SetupLoadedEditorAssemblies (921ms)
			LogAssemblyErrors (0ms)
			InitializePlatformSupportModulesInManaged (91ms)
			SetLoadedEditorAssemblies (4ms)
			BeforeProcessingInitializeOnLoad (117ms)
			ProcessInitializeOnLoadAttributes (383ms)
			ProcessInitializeOnLoadMethodAttributes (323ms)
			AfterProcessingInitializeOnLoad (1ms)
			EditorAssembliesLoaded (2ms)
		ExecutionOrderSort2 (0ms)
		AwakeInstancesAfterBackupRestoration (10ms)
WARNING: Shader Unsupported: 'HDRP/TerrainLit' - All subshaders removed
WARNING: Shader Did you use #pragma only_renderers and omit this platform?
WARNING: Shader If subshaders removal was intentional, you may have forgotten turning Fallback off?
WARNING: Shader Unsupported: 'HDRP/TerrainLit' - All subshaders removed
WARNING: Shader Did you use #pragma only_renderers and omit this platform?
WARNING: Shader If subshaders removal was intentional, you may have forgotten turning Fallback off?
WARNING: Shader Unsupported: 'Universal Render Pipeline/VR/SpatialMapping/Wireframe' - All subshaders removed
WARNING: Shader Did you use #pragma only_renderers and omit this platform?
WARNING: Shader If subshaders removal was intentional, you may have forgotten turning Fallback off?
WARNING: Shader Unsupported: 'Universal Render Pipeline/VR/SpatialMapping/Wireframe' - All subshaders removed
WARNING: Shader Did you use #pragma only_renderers and omit this platform?
WARNING: Shader If subshaders removal was intentional, you may have forgotten turning Fallback off?
Refreshing native plugins compatible for Editor in 4.03 ms, found 11 plugins.
Preloading 1 native plugins for Editor in 4.90 ms.
Unloading 287 Unused Serialized files (Serialized files now loaded: 0)
Unloading 9229 unused Assets / (28.1 MB). Loaded Objects now: 9811.
Memory consumption went from 246.4 MB to 218.3 MB.
Total: 51.282541 ms (FindLiveObjects: 1.575750 ms CreateObjectMapping: 0.703000 ms MarkObjects: 30.451000 ms  DeleteObjects: 18.551875 ms)

Prepare: number of updated asset objects reloaded= 0
========================================================================
Received Import Request.
  Time since last request: 246.129062 seconds.
  path: Assets/TerrainDemoScene_URP/Prefabs/UI/Bar.prefab
  artifactKey: Guid(dcda5e5657d4446db8f60546395551e7) Importer(815301076,1909f56bfc062723c751e8b465ee728b)
Start importing Assets/TerrainDemoScene_URP/Prefabs/UI/Bar.prefab using Guid(dcda5e5657d4446db8f60546395551e7) Importer(815301076,1909f56bfc062723c751e8b465ee728b) (PreviewImporter) -> (artifact id: '9eba049321124881837297a5166ccf48') in 0.403080834 seconds
Number of updated asset objects reloaded before import = 0Number of asset objects unloaded after import = 8

========================================================================
Received Import Request.
  Time since last request: 0.000274 seconds.
  path: Assets/TerrainDemoScene_URP/Prefabs/Details/BushDry_A.prefab
  artifactKey: Guid(176a42107ce66c44aa74a67424591597) Importer(815301076,1909f56bfc062723c751e8b465ee728b)
Start importing Assets/TerrainDemoScene_URP/Prefabs/Details/BushDry_A.prefab using Guid(176a42107ce66c44aa74a67424591597) Importer(815301076,1909f56bfc062723c751e8b465ee728b) (PreviewImporter) -> (artifact id: '7c11247e7e96e0d6e7ede2d400b2c8a4') in 18.574207958 seconds
Number of updated asset objects reloaded before import = 0Number of asset objects unloaded after import = 433

========================================================================
Received Import Request.
  Time since last request: 0.002815 seconds.
  path: Assets/TerrainDemoScene_URP/Prefabs/Details/GrassDry_B.prefab
  artifactKey: Guid(9e8508e3025d9c844810b83c5607c09e) Importer(815301076,1909f56bfc062723c751e8b465ee728b)
Start importing Assets/TerrainDemoScene_URP/Prefabs/Details/GrassDry_B.prefab using Guid(9e8508e3025d9c844810b83c5607c09e) Importer(815301076,1909f56bfc062723c751e8b465ee728b) (PreviewImporter) -> (artifact id: 'cfed7f8029f069632d1459bd7be28e33') in 0.350693833 seconds
Number of updated asset objects reloaded before import = 0Number of asset objects unloaded after import = 24

========================================================================
Received Import Request.
  Time since last request: 0.000070 seconds.
  path: Assets/TerrainDemoScene_URP/Prefabs/UI/Fader.prefab
  artifactKey: Guid(1bba1089884f54c28a3beed5b4192e68) Importer(815301076,1909f56bfc062723c751e8b465ee728b)
Start importing Assets/TerrainDemoScene_URP/Prefabs/UI/Fader.prefab using Guid(1bba1089884f54c28a3beed5b4192e68) Importer(815301076,1909f56bfc062723c751e8b465ee728b) (PreviewImporter) -> (artifact id: '0f9f8a2958adb68c91339f986f53f8ac') in 0.012548208 seconds
Number of updated asset objects reloaded before import = 0Number of asset objects unloaded after import = 7

========================================================================
Received Import Request.
  Time since last request: 0.000083 seconds.
  path: Assets/TerrainDemoScene_URP/Prefabs/Details/Heather_B.prefab
  artifactKey: Guid(dd902ff2a6f685041be127af00c09664) Importer(815301076,1909f56bfc062723c751e8b465ee728b)
Start importing Assets/TerrainDemoScene_URP/Prefabs/Details/Heather_B.prefab using Guid(dd902ff2a6f685041be127af00c09664) Importer(815301076,1909f56bfc062723c751e8b465ee728b) (PreviewImporter) -> (artifact id: '2114b79ccac8cf2e4d2e2b752b363f02') in 0.075554083 seconds
Number of updated asset objects reloaded before import = 0Number of asset objects unloaded after import = 24

========================================================================
Received Import Request.
  Time since last request: 0.000440 seconds.
  path: Assets/TerrainDemoScene_URP/Prefabs/Rocks/Rock_D.prefab
  artifactKey: Guid(6a8a77a07da1ab74bb3d34fe70501b7d) Importer(815301076,1909f56bfc062723c751e8b465ee728b)
Start importing Assets/TerrainDemoScene_URP/Prefabs/Rocks/Rock_D.prefab using Guid(6a8a77a07da1ab74bb3d34fe70501b7d) Importer(815301076,1909f56bfc062723c751e8b465ee728b) (PreviewImporter) -> (artifact id: '05051bb4a6d776dfb3380c783d7bf4a7') in 12.503373083 seconds
Number of updated asset objects reloaded before import = 0Number of asset objects unloaded after import = 31

========================================================================
Received Import Request.
  Time since last request: 0.001196 seconds.
  path: Assets/TerrainDemoScene_URP/Prefabs/Rocks/Rock_Overgrown_D.prefab
  artifactKey: Guid(a93f80d252523a14d9206681c7713ce8) Importer(815301076,1909f56bfc062723c751e8b465ee728b)
Start importing Assets/TerrainDemoScene_URP/Prefabs/Rocks/Rock_Overgrown_D.prefab using Guid(a93f80d252523a14d9206681c7713ce8) Importer(815301076,1909f56bfc062723c751e8b465ee728b) (PreviewImporter) -> (artifact id: '5826a96c3f5e087af7da082e43ee751a') in 12.82958675 seconds
Number of updated asset objects reloaded before import = 0Number of asset objects unloaded after import = 63

========================================================================
Received Import Request.
  Time since last request: 0.000247 seconds.
  path: Assets/TerrainDemoScene_URP/Prefabs/Foliage/Red_Bush/Red_Bush.prefab
  artifactKey: Guid(c06ecca5c3d565e42808724839b39b6f) Importer(815301076,1909f56bfc062723c751e8b465ee728b)
Start importing Assets/TerrainDemoScene_URP/Prefabs/Foliage/Red_Bush/Red_Bush.prefab using Guid(c06ecca5c3d565e42808724839b39b6f) Importer(815301076,1909f56bfc062723c751e8b465ee728b) (PreviewImporter) -> (artifact id: '6604db9f13c01ec89d78c70e627e0378') in 0.10223475 seconds
Number of updated asset objects reloaded before import = 0Number of asset objects unloaded after import = 56

========================================================================
Received Import Request.
  Time since last request: 0.000093 seconds.
  path: Assets/TerrainDemoScene_URP/Prefabs/Details/Fern_B.prefab
  artifactKey: Guid(5e7ace55a7bfd0d4f9ba3c05024e9d79) Importer(815301076,1909f56bfc062723c751e8b465ee728b)
Start importing Assets/TerrainDemoScene_URP/Prefabs/Details/Fern_B.prefab using Guid(5e7ace55a7bfd0d4f9ba3c05024e9d79) Importer(815301076,1909f56bfc062723c751e8b465ee728b) (PreviewImporter) -> (artifact id: '87fb8962b83f228abc5cd2010bb8e11e') in 0.031707416 seconds
Number of updated asset objects reloaded before import = 0Number of asset objects unloaded after import = 24

========================================================================
Received Import Request.
  Time since last request: 0.000064 seconds.
  path: Assets/TerrainDemoScene_URP/Prefabs/Details/GrassDry_A.prefab
  artifactKey: Guid(912739ab7781de749876d674ef8dd365) Importer(815301076,1909f56bfc062723c751e8b465ee728b)
Start importing Assets/TerrainDemoScene_URP/Prefabs/Details/GrassDry_A.prefab using Guid(912739ab7781de749876d674ef8dd365) Importer(815301076,1909f56bfc062723c751e8b465ee728b) (PreviewImporter) -> (artifact id: '25677208c215856a54e9628f9a4635b6') in 0.028367625 seconds
Number of updated asset objects reloaded before import = 0Number of asset objects unloaded after import = 22

========================================================================
Received Import Request.
  Time since last request: 0.000055 seconds.
  path: Assets/TerrainDemoScene_URP/Prefabs/Details/BushDry_B.prefab
  artifactKey: Guid(054bf5cf244ff2e4083cbf8eca205cf0) Importer(815301076,1909f56bfc062723c751e8b465ee728b)
Start importing Assets/TerrainDemoScene_URP/Prefabs/Details/BushDry_B.prefab using Guid(054bf5cf244ff2e4083cbf8eca205cf0) Importer(815301076,1909f56bfc062723c751e8b465ee728b) (PreviewImporter) -> (artifact id: '369ef266f4de3b55cee060dbf89932f7') in 0.034728709 seconds
Number of updated asset objects reloaded before import = 0Number of asset objects unloaded after import = 24

========================================================================
Received Import Request.
  Time since last request: 0.000153 seconds.
  path: Assets/TerrainDemoScene_URP/Prefabs/Rocks/Rock_B_01.prefab
  artifactKey: Guid(e71b98edf7da4b448bc6ae07b82d6935) Importer(815301076,1909f56bfc062723c751e8b465ee728b)
Start importing Assets/TerrainDemoScene_URP/Prefabs/Rocks/Rock_B_01.prefab using Guid(e71b98edf7da4b448bc6ae07b82d6935) Importer(815301076,1909f56bfc062723c751e8b465ee728b) (PreviewImporter) -> (artifact id: '27ee42f5ae56a8ec2cbbe216194bd92f') in 0.030630458 seconds
Number of updated asset objects reloaded before import = 0Number of asset objects unloaded after import = 62

========================================================================
Received Import Request.
  Time since last request: 0.000058 seconds.
  path: Assets/TerrainDemoScene_URP/Prefabs/Trees/Pines/Pine_B/Pine_B.prefab
  artifactKey: Guid(34776a9356ed54141bf7fed4fded28a0) Importer(815301076,1909f56bfc062723c751e8b465ee728b)
Start importing Assets/TerrainDemoScene_URP/Prefabs/Trees/Pines/Pine_B/Pine_B.prefab using Guid(34776a9356ed54141bf7fed4fded28a0) Importer(815301076,1909f56bfc062723c751e8b465ee728b) (PreviewImporter) -> (artifact id: '79cca8bf608b7b219e5c3c11f908a039') in 22.362902917 seconds
Number of updated asset objects reloaded before import = 0Number of asset objects unloaded after import = 60

========================================================================
Received Import Request.
  Time since last request: 0.000241 seconds.
  path: Assets/TerrainDemoScene_URP/Prefabs/Rocks/Rock_Overgrown_C.prefab
  artifactKey: Guid(f611d77947a7ec74692548d60ef94887) Importer(815301076,1909f56bfc062723c751e8b465ee728b)
Start importing Assets/TerrainDemoScene_URP/Prefabs/Rocks/Rock_Overgrown_C.prefab using Guid(f611d77947a7ec74692548d60ef94887) Importer(815301076,1909f56bfc062723c751e8b465ee728b) (PreviewImporter) -> (artifact id: '0a2bdc4962ff156bf9d78ae91000dfc8') in 0.206564209 seconds
Number of updated asset objects reloaded before import = 0Number of asset objects unloaded after import = 69

========================================================================
Received Import Request.
  Time since last request: 0.000144 seconds.
  path: Assets/TerrainDemoScene_URP/Prefabs/Shots/LakeShot.prefab
  artifactKey: Guid(e94e2b0bf3dc14d12922aa5beba76208) Importer(815301076,1909f56bfc062723c751e8b465ee728b)
Start importing Assets/TerrainDemoScene_URP/Prefabs/Shots/LakeShot.prefab using Guid(e94e2b0bf3dc14d12922aa5beba76208) Importer(815301076,1909f56bfc062723c751e8b465ee728b) (PreviewImporter) -> (artifact id: 'd99b9bb77ea6e590c783e11bdacb397e') in 0.016046917 seconds
Number of updated asset objects reloaded before import = 0Number of asset objects unloaded after import = 30

========================================================================
Received Import Request.
  Time since last request: 0.000060 seconds.
  path: Assets/TerrainDemoScene_URP/Prefabs/UI/Description.prefab
  artifactKey: Guid(8421e82471d8247bda6c7842f085da4c) Importer(815301076,1909f56bfc062723c751e8b465ee728b)
Start importing Assets/TerrainDemoScene_URP/Prefabs/UI/Description.prefab using Guid(8421e82471d8247bda6c7842f085da4c) Importer(815301076,1909f56bfc062723c751e8b465ee728b) (PreviewImporter) -> (artifact id: 'f3aee1fc3815fb2c9a87598c16dbceca') in 0.13622125 seconds
Number of updated asset objects reloaded before import = 0Number of asset objects unloaded after import = 12

========================================================================
Received Import Request.
  Time since last request: 0.000083 seconds.
  path: Assets/TerrainDemoScene_URP/Prefabs/Rocks/Models/Rock_A_02.fbx
  artifactKey: Guid(0347a2ca593e212468d38a00c0f15925) Importer(815301076,1909f56bfc062723c751e8b465ee728b)
Start importing Assets/TerrainDemoScene_URP/Prefabs/Rocks/Models/Rock_A_02.fbx using Guid(0347a2ca593e212468d38a00c0f15925) Importer(815301076,1909f56bfc062723c751e8b465ee728b) (PreviewImporter) -> (artifact id: '7aadb469a2406a52209120b3c5d56156') in 0.149167375 seconds
Number of updated asset objects reloaded before import = 0Number of asset objects unloaded after import = 29

========================================================================
Received Import Request.
  Time since last request: 0.000075 seconds.
  path: Assets/TerrainDemoScene_URP/Prefabs/Trees/Pines/Pine_A/Pine_A.prefab
  artifactKey: Guid(451d860cead90b64bbbab1639909594c) Importer(815301076,1909f56bfc062723c751e8b465ee728b)
Start importing Assets/TerrainDemoScene_URP/Prefabs/Trees/Pines/Pine_A/Pine_A.prefab using Guid(451d860cead90b64bbbab1639909594c) Importer(815301076,1909f56bfc062723c751e8b465ee728b) (PreviewImporter) -> (artifact id: '84e3532c90a5384e8c5d38553a3c9beb') in 24.780077 seconds
Number of updated asset objects reloaded before import = 0Number of asset objects unloaded after import = 58

========================================================================
Received Import Request.
  Time since last request: 0.000221 seconds.
  path: Assets/TerrainDemoScene_URP/Prefabs/Rocks/Rock_A_01.prefab
  artifactKey: Guid(dd1cb49c7d40bfb44a9b4201f7f74b6c) Importer(815301076,1909f56bfc062723c751e8b465ee728b)
Start importing Assets/TerrainDemoScene_URP/Prefabs/Rocks/Rock_A_01.prefab using Guid(dd1cb49c7d40bfb44a9b4201f7f74b6c) Importer(815301076,1909f56bfc062723c751e8b465ee728b) (PreviewImporter) -> (artifact id: '9053668205b19401c2cbb66c9d29e899') in 0.087979791 seconds
Number of updated asset objects reloaded before import = 0Number of asset objects unloaded after import = 62

========================================================================
Received Import Request.
  Time since last request: 0.000076 seconds.
  path: Assets/TerrainDemoScene_URP/Prefabs/Trees/Pines/Pine_A/Pine_A.st
  artifactKey: Guid(664f5d5d981c0f24ca0f9d731d77a36c) Importer(815301076,1909f56bfc062723c751e8b465ee728b)
Start importing Assets/TerrainDemoScene_URP/Prefabs/Trees/Pines/Pine_A/Pine_A.st using Guid(664f5d5d981c0f24ca0f9d731d77a36c) Importer(815301076,1909f56bfc062723c751e8b465ee728b) (PreviewImporter) -> (artifact id: '2f106a79f3185e73c40b62795b136341') in 15.241037625 seconds
Number of updated asset objects reloaded before import = 0Number of asset objects unloaded after import = 62

Editor requested this worker to shutdown with reason: Scaling down because of idle timeout
AssetImportWorkerClient::OnTransportError - code=2 error=End of file
AssetImportWorker is now disconnected from the server
Process exiting
